,time_1,accuracy_1,precision_1,recall_1,f1score_1,model_1,accuracy_mean,accuracy_std,precision_mean,precision_std,recall_mean,recall_std,f1score_mean,f1score_std
phpCsX3fx,14398.642414093018,0.77,0.823875,0.77,0.7617074314574315,"[(1.0, SimpleClassificationPipeline({'balancing:strategy': 'none', 'categorical_encoding:__choice__': 'no_encoding', 'classifier:__choice__': 'random_forest', 'imputation:strategy': 'median', 'preprocessor:__choice__': 'polynomial', 'rescaling:__choice__': 'quantile_transformer', 'classifier:random_forest:bootstrap': 'True', 'classifier:random_forest:criterion': 'gini', 'classifier:random_forest:max_depth': 'None', 'classifier:random_forest:max_features': 0.3929846966515406, 'classifier:random_forest:max_leaf_nodes': 'None', 'classifier:random_forest:min_impurity_decrease': 0.0, 'classifier:random_forest:min_samples_leaf': 1, 'classifier:random_forest:min_samples_split': 2, 'classifier:random_forest:min_weight_fraction_leaf': 0.0, 'classifier:random_forest:n_estimators': 100, 'preprocessor:polynomial:degree': 2, 'preprocessor:polynomial:include_bias': 'False', 'preprocessor:polynomial:interaction_only': 'False', 'rescaling:quantile_transformer:n_quantiles': 1350, 'rescaling:quantile_transformer:output_distribution': 'uniform'},
dataset_properties={
  'task': 2,
  'sparse': False,
  'multilabel': False,
  'multiclass': True,
  'target_type': 'classification',
  'signed': False}))]",0.77,0.0,0.823875,0.0,0.77,0.0,0.7617074314574315,0.0
phpTJRsqa,14406.58169388771,0.6571428571428571,0.6641754136282804,0.6571428571428571,0.6484668875722792,"[(1.0, SimpleClassificationPipeline({'balancing:strategy': 'none', 'categorical_encoding:__choice__': 'one_hot_encoding', 'classifier:__choice__': 'gradient_boosting', 'imputation:strategy': 'mean', 'preprocessor:__choice__': 'polynomial', 'rescaling:__choice__': 'none', 'categorical_encoding:one_hot_encoding:use_minimum_fraction': 'True', 'classifier:gradient_boosting:criterion': 'friedman_mse', 'classifier:gradient_boosting:learning_rate': 0.0374247175495738, 'classifier:gradient_boosting:loss': 'deviance', 'classifier:gradient_boosting:max_depth': 8, 'classifier:gradient_boosting:max_features': 0.12306424271386003, 'classifier:gradient_boosting:max_leaf_nodes': 'None', 'classifier:gradient_boosting:min_impurity_decrease': 0.0, 'classifier:gradient_boosting:min_samples_leaf': 3, 'classifier:gradient_boosting:min_samples_split': 8, 'classifier:gradient_boosting:min_weight_fraction_leaf': 0.0, 'classifier:gradient_boosting:n_estimators': 414, 'classifier:gradient_boosting:subsample': 0.8431513723066216, 'preprocessor:polynomial:degree': 2, 'preprocessor:polynomial:include_bias': 'True', 'preprocessor:polynomial:interaction_only': 'False', 'categorical_encoding:one_hot_encoding:minimum_fraction': 0.010000000000000004},
dataset_properties={
  'task': 2,
  'sparse': False,
  'multilabel': False,
  'multiclass': True,
  'target_type': 'classification',
  'signed': False}))]",0.6571428571428571,0.0,0.6641754136282804,0.0,0.6571428571428571,0.0,0.6484668875722792,0.0
phpfLuQE4,14396.529695034027,0.8415384615384616,0.8443878265946577,0.8415384615384616,0.8415080812827511,"[(1.0, SimpleClassificationPipeline({'balancing:strategy': 'weighting', 'categorical_encoding:__choice__': 'one_hot_encoding', 'classifier:__choice__': 'extra_trees', 'imputation:strategy': 'median', 'preprocessor:__choice__': 'extra_trees_preproc_for_classification', 'rescaling:__choice__': 'robust_scaler', 'categorical_encoding:one_hot_encoding:use_minimum_fraction': 'True', 'classifier:extra_trees:bootstrap': 'True', 'classifier:extra_trees:criterion': 'gini', 'classifier:extra_trees:max_depth': 'None', 'classifier:extra_trees:max_features': 0.9891190265868748, 'classifier:extra_trees:max_leaf_nodes': 'None', 'classifier:extra_trees:min_impurity_decrease': 0.0, 'classifier:extra_trees:min_samples_leaf': 2, 'classifier:extra_trees:min_samples_split': 3, 'classifier:extra_trees:min_weight_fraction_leaf': 0.0, 'classifier:extra_trees:n_estimators': 100, 'preprocessor:extra_trees_preproc_for_classification:bootstrap': 'False', 'preprocessor:extra_trees_preproc_for_classification:criterion': 'gini', 'preprocessor:extra_trees_preproc_for_classification:max_depth': 'None', 'preprocessor:extra_trees_preproc_for_classification:max_features': 0.7943745457122693, 'preprocessor:extra_trees_preproc_for_classification:max_leaf_nodes': 'None', 'preprocessor:extra_trees_preproc_for_classification:min_impurity_decrease': 0.0, 'preprocessor:extra_trees_preproc_for_classification:min_samples_leaf': 8, 'preprocessor:extra_trees_preproc_for_classification:min_samples_split': 8, 'preprocessor:extra_trees_preproc_for_classification:min_weight_fraction_leaf': 0.0, 'preprocessor:extra_trees_preproc_for_classification:n_estimators': 100, 'rescaling:robust_scaler:q_max': 0.8544931017564594, 'rescaling:robust_scaler:q_min': 0.29137723445451985, 'categorical_encoding:one_hot_encoding:minimum_fraction': 0.20642087628927988},
dataset_properties={
  'task': 1,
  'sparse': False,
  'multilabel': False,
  'multiclass': False,
  'target_type': 'classification',
  'signed': False}))]",0.8415384615384616,0.0,0.8443878265946577,0.0,0.8415384615384616,0.0,0.8415080812827511,0.0
phpkIxskf,14397.001317501068,0.9027691763248695,0.8922699512045013,0.9027691763248695,0.8951895578637937,"[(1.0, SimpleClassificationPipeline({'balancing:strategy': 'none', 'categorical_encoding:__choice__': 'one_hot_encoding', 'classifier:__choice__': 'random_forest', 'imputation:strategy': 'median', 'preprocessor:__choice__': 'polynomial', 'rescaling:__choice__': 'standardize', 'categorical_encoding:one_hot_encoding:use_minimum_fraction': 'False', 'classifier:random_forest:bootstrap': 'True', 'classifier:random_forest:criterion': 'entropy', 'classifier:random_forest:max_depth': 'None', 'classifier:random_forest:max_features': 0.7608780299421959, 'classifier:random_forest:max_leaf_nodes': 'None', 'classifier:random_forest:min_impurity_decrease': 0.0, 'classifier:random_forest:min_samples_leaf': 8, 'classifier:random_forest:min_samples_split': 9, 'classifier:random_forest:min_weight_fraction_leaf': 0.0, 'classifier:random_forest:n_estimators': 100, 'preprocessor:polynomial:degree': 2, 'preprocessor:polynomial:include_bias': 'True', 'preprocessor:polynomial:interaction_only': 'True'},
dataset_properties={
  'task': 1,
  'sparse': False,
  'multilabel': False,
  'multiclass': False,
  'target_type': 'classification',
  'signed': False}))]",0.9027691763248695,0.0,0.8922699512045013,0.0,0.9027691763248695,0.0,0.8951895578637937,0.0
phpn1jVwe,14400.028723478317,0.9828326180257511,0.9809683378710822,0.9828326180257511,0.9809989223257655,"[(1.0, SimpleClassificationPipeline({'balancing:strategy': 'none', 'categorical_encoding:__choice__': 'one_hot_encoding', 'classifier:__choice__': 'adaboost', 'imputation:strategy': 'mean', 'preprocessor:__choice__': 'feature_agglomeration', 'rescaling:__choice__': 'robust_scaler', 'categorical_encoding:one_hot_encoding:use_minimum_fraction': 'True', 'classifier:adaboost:algorithm': 'SAMME.R', 'classifier:adaboost:learning_rate': 0.10000000000000002, 'classifier:adaboost:max_depth': 3, 'classifier:adaboost:n_estimators': 172, 'preprocessor:feature_agglomeration:affinity': 'euclidean', 'preprocessor:feature_agglomeration:linkage': 'ward', 'preprocessor:feature_agglomeration:n_clusters': 25, 'preprocessor:feature_agglomeration:pooling_func': 'mean', 'rescaling:robust_scaler:q_max': 0.9948493551481867, 'rescaling:robust_scaler:q_min': 0.28835642012845925, 'categorical_encoding:one_hot_encoding:minimum_fraction': 0.010000000000000004},
dataset_properties={
  'task': 1,
  'sparse': False,
  'multilabel': False,
  'multiclass': False,
  'target_type': 'classification',
  'signed': False}))]",0.9828326180257511,0.0,0.9809683378710822,0.0,0.9828326180257511,0.0,0.9809989223257655,0.0
phpoOxxNn,14396.151334285736,0.83,0.8552589285714285,0.83,0.8275493493434669,"[(1.0, SimpleClassificationPipeline({'balancing:strategy': 'none', 'categorical_encoding:__choice__': 'one_hot_encoding', 'classifier:__choice__': 'liblinear_svc', 'imputation:strategy': 'mean', 'preprocessor:__choice__': 'kernel_pca', 'rescaling:__choice__': 'standardize', 'categorical_encoding:one_hot_encoding:use_minimum_fraction': 'True', 'classifier:liblinear_svc:C': 1.2936722361026571, 'classifier:liblinear_svc:dual': 'False', 'classifier:liblinear_svc:fit_intercept': 'True', 'classifier:liblinear_svc:intercept_scaling': 1, 'classifier:liblinear_svc:loss': 'squared_hinge', 'classifier:liblinear_svc:multi_class': 'ovr', 'classifier:liblinear_svc:penalty': 'l2', 'classifier:liblinear_svc:tol': 1.3073918191357409e-05, 'preprocessor:kernel_pca:kernel': 'poly', 'preprocessor:kernel_pca:n_components': 1608, 'categorical_encoding:one_hot_encoding:minimum_fraction': 0.36674107245809134, 'preprocessor:kernel_pca:coef0': -0.9585610544503982, 'preprocessor:kernel_pca:degree': 3, 'preprocessor:kernel_pca:gamma': 0.013592375626469437},
dataset_properties={
  'task': 2,
  'sparse': False,
  'multilabel': False,
  'multiclass': True,
  'target_type': 'classification',
  'signed': False}))]",0.83,0.0,0.8552589285714285,0.0,0.83,0.0,0.8275493493434669,0.0
schizo,14414.87858247757,0.9647058823529412,0.9651428571428571,0.9647058823529412,0.9647869134739561,"[(1.0, SimpleClassificationPipeline({'balancing:strategy': 'weighting', 'categorical_encoding:__choice__': 'no_encoding', 'classifier:__choice__': 'gradient_boosting', 'imputation:strategy': 'mean', 'preprocessor:__choice__': 'pca', 'rescaling:__choice__': 'robust_scaler', 'classifier:gradient_boosting:criterion': 'friedman_mse', 'classifier:gradient_boosting:learning_rate': 0.3078922110776597, 'classifier:gradient_boosting:loss': 'deviance', 'classifier:gradient_boosting:max_depth': 8, 'classifier:gradient_boosting:max_features': 0.3674335804471125, 'classifier:gradient_boosting:max_leaf_nodes': 'None', 'classifier:gradient_boosting:min_impurity_decrease': 0.0, 'classifier:gradient_boosting:min_samples_leaf': 1, 'classifier:gradient_boosting:min_samples_split': 11, 'classifier:gradient_boosting:min_weight_fraction_leaf': 0.0, 'classifier:gradient_boosting:n_estimators': 366, 'classifier:gradient_boosting:subsample': 0.23771071870740085, 'preprocessor:pca:keep_variance': 0.662764923122011, 'preprocessor:pca:whiten': 'True', 'rescaling:robust_scaler:q_max': 0.925610981285111, 'rescaling:robust_scaler:q_min': 0.0036071817804943537},
dataset_properties={
  'task': 1,
  'sparse': False,
  'multilabel': False,
  'multiclass': False,
  'target_type': 'classification',
  'signed': False}))]",0.9647058823529412,0.0,0.9651428571428571,0.0,0.9647058823529412,0.0,0.9647869134739561,0.0
solar-flare_1,14411.93418955803,0.7341772151898734,0.7359512850019179,0.7341772151898734,0.7348954125145883,"[(1.0, SimpleClassificationPipeline({'balancing:strategy': 'none', 'categorical_encoding:__choice__': 'no_encoding', 'classifier:__choice__': 'gradient_boosting', 'imputation:strategy': 'mean', 'preprocessor:__choice__': 'feature_agglomeration', 'rescaling:__choice__': 'robust_scaler', 'classifier:gradient_boosting:criterion': 'friedman_mse', 'classifier:gradient_boosting:learning_rate': 0.8644839152712089, 'classifier:gradient_boosting:loss': 'deviance', 'classifier:gradient_boosting:max_depth': 8, 'classifier:gradient_boosting:max_features': 0.5041119521578773, 'classifier:gradient_boosting:max_leaf_nodes': 'None', 'classifier:gradient_boosting:min_impurity_decrease': 0.0, 'classifier:gradient_boosting:min_samples_leaf': 20, 'classifier:gradient_boosting:min_samples_split': 20, 'classifier:gradient_boosting:min_weight_fraction_leaf': 0.0, 'classifier:gradient_boosting:n_estimators': 453, 'classifier:gradient_boosting:subsample': 0.6777773724855384, 'preprocessor:feature_agglomeration:affinity': 'euclidean', 'preprocessor:feature_agglomeration:linkage': 'complete', 'preprocessor:feature_agglomeration:n_clusters': 380, 'preprocessor:feature_agglomeration:pooling_func': 'max', 'rescaling:robust_scaler:q_max': 0.75, 'rescaling:robust_scaler:q_min': 0.28166705089690264},
dataset_properties={
  'task': 2,
  'sparse': False,
  'multilabel': False,
  'multiclass': True,
  'target_type': 'classification',
  'signed': False}))]",0.7341772151898734,0.0,0.7359512850019179,0.0,0.7341772151898734,0.0,0.7348954125145883,0.0
vowel,14404.366883993149,1.0,1.0,1.0,1.0,"[(1.0, SimpleClassificationPipeline({'balancing:strategy': 'weighting', 'categorical_encoding:__choice__': 'one_hot_encoding', 'classifier:__choice__': 'libsvm_svc', 'imputation:strategy': 'mean', 'preprocessor:__choice__': 'fast_ica', 'rescaling:__choice__': 'quantile_transformer', 'categorical_encoding:one_hot_encoding:use_minimum_fraction': 'False', 'classifier:libsvm_svc:C': 24.095487993462925, 'classifier:libsvm_svc:gamma': 1.0117394966119153, 'classifier:libsvm_svc:kernel': 'poly', 'classifier:libsvm_svc:max_iter': -1, 'classifier:libsvm_svc:shrinking': 'False', 'classifier:libsvm_svc:tol': 0.006089610224772459, 'preprocessor:fast_ica:algorithm': 'parallel', 'preprocessor:fast_ica:fun': 'logcosh', 'preprocessor:fast_ica:whiten': 'False', 'rescaling:quantile_transformer:n_quantiles': 1980, 'rescaling:quantile_transformer:output_distribution': 'uniform', 'classifier:libsvm_svc:coef0': 0.1423399271720025, 'classifier:libsvm_svc:degree': 5},
dataset_properties={
  'task': 1,
  'sparse': False,
  'multilabel': False,
  'multiclass': False,
  'target_type': 'classification',
  'signed': False}))]",1.0,0.0,1.0,0.0,1.0,0.0,1.0,0.0
