,error_1,time_1,accuracy_1,precision_1,recall_1,f1score_1,model_1,accuracy_mean,accuracy_std,precision_mean,precision_std,recall_mean,recall_std,f1score_mean,f1score_std
devnagari,Timeout,15840.001365423203,0.9021304347826087,0.9043262104650008,0.9021304347826087,0.9025329550287059,"[(0.9, SimpleClassificationPipeline({'balancing:strategy': 'weighting', 'categorical_encoding:__choice__': 'one_hot_encoding', 'classifier:__choice__': 'qda', 'imputation:strategy': 'mean', 'preprocessor:__choice__': 'kitchen_sinks', 'rescaling:__choice__': 'none', 'categorical_encoding:one_hot_encoding:use_minimum_fraction': 'True', 'classifier:qda:reg_param': 0.37923475216468105, 'preprocessor:kitchen_sinks:gamma': 8.696138644261186e-05, 'preprocessor:kitchen_sinks:n_components': 734, 'categorical_encoding:one_hot_encoding:minimum_fraction': 0.01241438152222538},
dataset_properties={
  'task': 2,
  'sparse': False,
  'multilabel': False,
  'multiclass': True,
  'target_type': 'classification',
  'signed': False})), (0.04, SimpleClassificationPipeline({'balancing:strategy': 'none', 'categorical_encoding:__choice__': 'one_hot_encoding', 'classifier:__choice__': 'qda', 'imputation:strategy': 'mean', 'preprocessor:__choice__': 'feature_agglomeration', 'rescaling:__choice__': 'none', 'categorical_encoding:one_hot_encoding:use_minimum_fraction': 'False', 'classifier:qda:reg_param': 0.6396026761675004, 'preprocessor:feature_agglomeration:affinity': 'euclidean', 'preprocessor:feature_agglomeration:linkage': 'ward', 'preprocessor:feature_agglomeration:n_clusters': 25, 'preprocessor:feature_agglomeration:pooling_func': 'mean'},
dataset_properties={
  'task': 2,
  'sparse': False,
  'multilabel': False,
  'multiclass': True,
  'target_type': 'classification',
  'signed': False})), (0.04, SimpleClassificationPipeline({'balancing:strategy': 'none', 'categorical_encoding:__choice__': 'one_hot_encoding', 'classifier:__choice__': 'qda', 'imputation:strategy': 'mean', 'preprocessor:__choice__': 'select_rates', 'rescaling:__choice__': 'none', 'categorical_encoding:one_hot_encoding:use_minimum_fraction': 'False', 'classifier:qda:reg_param': 0.6396026761675004, 'preprocessor:select_rates:alpha': 0.06544340428506021, 'preprocessor:select_rates:mode': 'fwe', 'preprocessor:select_rates:score_func': 'f_classif'},
dataset_properties={
  'task': 2,
  'sparse': False,
  'multilabel': False,
  'multiclass': True,
  'target_type': 'classification',
  'signed': False})), (0.02, SimpleClassificationPipeline({'balancing:strategy': 'none', 'categorical_encoding:__choice__': 'one_hot_encoding', 'classifier:__choice__': 'random_forest', 'imputation:strategy': 'mean', 'preprocessor:__choice__': 'no_preprocessing', 'rescaling:__choice__': 'standardize', 'categorical_encoding:one_hot_encoding:use_minimum_fraction': 'True', 'classifier:random_forest:bootstrap': 'True', 'classifier:random_forest:criterion': 'gini', 'classifier:random_forest:max_depth': 'None', 'classifier:random_forest:max_features': 0.5, 'classifier:random_forest:max_leaf_nodes': 'None', 'classifier:random_forest:min_impurity_decrease': 0.0, 'classifier:random_forest:min_samples_leaf': 1, 'classifier:random_forest:min_samples_split': 2, 'classifier:random_forest:min_weight_fraction_leaf': 0.0, 'classifier:random_forest:n_estimators': 100, 'categorical_encoding:one_hot_encoding:minimum_fraction': 0.01},
dataset_properties={
  'task': 2,
  'sparse': False,
  'multilabel': False,
  'multiclass': True,
  'target_type': 'classification',
  'signed': False}))]",0.9021304347826087,0.0,0.9043262104650008,0.0,0.9021304347826087,0.0,0.9025329550287059,0.0
