,time_1,accuracy_1,precision_1,recall_1,f1score_1,model_1,accuracy_mean,accuracy_std,precision_mean,precision_std,recall_mean,recall_std,f1score_mean,f1score_std
AP_Omentum_Ovary,14400.004710435867,0.8695652173913043,0.8762541806020068,0.8695652173913043,0.8600790513833992,"[(0.28, SimpleClassificationPipeline({'balancing:strategy': 'none', 'categorical_encoding:__choice__': 'no_encoding', 'classifier:__choice__': 'random_forest', 'imputation:strategy': 'mean', 'preprocessor:__choice__': 'select_rates', 'rescaling:__choice__': 'normalize', 'classifier:random_forest:bootstrap': 'False', 'classifier:random_forest:criterion': 'gini', 'classifier:random_forest:max_depth': 'None', 'classifier:random_forest:max_features': 0.7008212932157798, 'classifier:random_forest:max_leaf_nodes': 'None', 'classifier:random_forest:min_impurity_decrease': 0.0, 'classifier:random_forest:min_samples_leaf': 10, 'classifier:random_forest:min_samples_split': 13, 'classifier:random_forest:min_weight_fraction_leaf': 0.0, 'classifier:random_forest:n_estimators': 100, 'preprocessor:select_rates:alpha': 0.493806665211797, 'preprocessor:select_rates:mode': 'fpr', 'preprocessor:select_rates:score_func': 'f_classif'},
dataset_properties={
  'task': 1,
  'sparse': False,
  'multilabel': False,
  'multiclass': False,
  'target_type': 'classification',
  'signed': False})), (0.1, SimpleClassificationPipeline({'balancing:strategy': 'weighting', 'categorical_encoding:__choice__': 'no_encoding', 'classifier:__choice__': 'random_forest', 'imputation:strategy': 'mean', 'preprocessor:__choice__': 'select_rates', 'rescaling:__choice__': 'standardize', 'classifier:random_forest:bootstrap': 'False', 'classifier:random_forest:criterion': 'entropy', 'classifier:random_forest:max_depth': 'None', 'classifier:random_forest:max_features': 0.49410267084156945, 'classifier:random_forest:max_leaf_nodes': 'None', 'classifier:random_forest:min_impurity_decrease': 0.0, 'classifier:random_forest:min_samples_leaf': 9, 'classifier:random_forest:min_samples_split': 13, 'classifier:random_forest:min_weight_fraction_leaf': 0.0, 'classifier:random_forest:n_estimators': 100, 'preprocessor:select_rates:alpha': 0.43842161751294434, 'preprocessor:select_rates:mode': 'fdr', 'preprocessor:select_rates:score_func': 'f_classif'},
dataset_properties={
  'task': 1,
  'sparse': False,
  'multilabel': False,
  'multiclass': False,
  'target_type': 'classification',
  'signed': False})), (0.08, SimpleClassificationPipeline({'balancing:strategy': 'weighting', 'categorical_encoding:__choice__': 'one_hot_encoding', 'classifier:__choice__': 'random_forest', 'imputation:strategy': 'most_frequent', 'preprocessor:__choice__': 'select_rates', 'rescaling:__choice__': 'normalize', 'categorical_encoding:one_hot_encoding:use_minimum_fraction': 'True', 'classifier:random_forest:bootstrap': 'True', 'classifier:random_forest:criterion': 'entropy', 'classifier:random_forest:max_depth': 'None', 'classifier:random_forest:max_features': 0.7926307623651733, 'classifier:random_forest:max_leaf_nodes': 'None', 'classifier:random_forest:min_impurity_decrease': 0.0, 'classifier:random_forest:min_samples_leaf': 11, 'classifier:random_forest:min_samples_split': 14, 'classifier:random_forest:min_weight_fraction_leaf': 0.0, 'classifier:random_forest:n_estimators': 100, 'preprocessor:select_rates:alpha': 0.4880956427971611, 'preprocessor:select_rates:mode': 'fdr', 'preprocessor:select_rates:score_func': 'f_classif', 'categorical_encoding:one_hot_encoding:minimum_fraction': 0.05727740249880232},
dataset_properties={
  'task': 1,
  'sparse': False,
  'multilabel': False,
  'multiclass': False,
  'target_type': 'classification',
  'signed': False})), (0.08, SimpleClassificationPipeline({'balancing:strategy': 'none', 'categorical_encoding:__choice__': 'one_hot_encoding', 'classifier:__choice__': 'random_forest', 'imputation:strategy': 'most_frequent', 'preprocessor:__choice__': 'no_preprocessing', 'rescaling:__choice__': 'none', 'categorical_encoding:one_hot_encoding:use_minimum_fraction': 'False', 'classifier:random_forest:bootstrap': 'True', 'classifier:random_forest:criterion': 'gini', 'classifier:random_forest:max_depth': 'None', 'classifier:random_forest:max_features': 0.8645843892442716, 'classifier:random_forest:max_leaf_nodes': 'None', 'classifier:random_forest:min_impurity_decrease': 0.0, 'classifier:random_forest:min_samples_leaf': 8, 'classifier:random_forest:min_samples_split': 20, 'classifier:random_forest:min_weight_fraction_leaf': 0.0, 'classifier:random_forest:n_estimators': 100},
dataset_properties={
  'task': 1,
  'sparse': False,
  'multilabel': False,
  'multiclass': False,
  'target_type': 'classification',
  'signed': False})), (0.06, SimpleClassificationPipeline({'balancing:strategy': 'none', 'categorical_encoding:__choice__': 'no_encoding', 'classifier:__choice__': 'random_forest', 'imputation:strategy': 'mean', 'preprocessor:__choice__': 'select_rates', 'rescaling:__choice__': 'normalize', 'classifier:random_forest:bootstrap': 'True', 'classifier:random_forest:criterion': 'gini', 'classifier:random_forest:max_depth': 'None', 'classifier:random_forest:max_features': 0.8013451214360796, 'classifier:random_forest:max_leaf_nodes': 'None', 'classifier:random_forest:min_impurity_decrease': 0.0, 'classifier:random_forest:min_samples_leaf': 10, 'classifier:random_forest:min_samples_split': 13, 'classifier:random_forest:min_weight_fraction_leaf': 0.0, 'classifier:random_forest:n_estimators': 100, 'preprocessor:select_rates:alpha': 0.4499919773663732, 'preprocessor:select_rates:mode': 'fwe', 'preprocessor:select_rates:score_func': 'f_classif'},
dataset_properties={
  'task': 1,
  'sparse': False,
  'multilabel': False,
  'multiclass': False,
  'target_type': 'classification',
  'signed': False})), (0.04, SimpleClassificationPipeline({'balancing:strategy': 'none', 'categorical_encoding:__choice__': 'one_hot_encoding', 'classifier:__choice__': 'random_forest', 'imputation:strategy': 'most_frequent', 'preprocessor:__choice__': 'select_rates', 'rescaling:__choice__': 'normalize', 'categorical_encoding:one_hot_encoding:use_minimum_fraction': 'True', 'classifier:random_forest:bootstrap': 'False', 'classifier:random_forest:criterion': 'gini', 'classifier:random_forest:max_depth': 'None', 'classifier:random_forest:max_features': 0.7743764746580666, 'classifier:random_forest:max_leaf_nodes': 'None', 'classifier:random_forest:min_impurity_decrease': 0.0, 'classifier:random_forest:min_samples_leaf': 1, 'classifier:random_forest:min_samples_split': 13, 'classifier:random_forest:min_weight_fraction_leaf': 0.0, 'classifier:random_forest:n_estimators': 100, 'preprocessor:select_rates:alpha': 0.43842161751294434, 'preprocessor:select_rates:mode': 'fwe', 'preprocessor:select_rates:score_func': 'f_classif', 'categorical_encoding:one_hot_encoding:minimum_fraction': 0.010000000000000004},
dataset_properties={
  'task': 1,
  'sparse': False,
  'multilabel': False,
  'multiclass': False,
  'target_type': 'classification',
  'signed': False})), (0.04, SimpleClassificationPipeline({'balancing:strategy': 'none', 'categorical_encoding:__choice__': 'no_encoding', 'classifier:__choice__': 'random_forest', 'imputation:strategy': 'median', 'preprocessor:__choice__': 'select_percentile_classification', 'rescaling:__choice__': 'normalize', 'classifier:random_forest:bootstrap': 'True', 'classifier:random_forest:criterion': 'gini', 'classifier:random_forest:max_depth': 'None', 'classifier:random_forest:max_features': 0.9752280188496022, 'classifier:random_forest:max_leaf_nodes': 'None', 'classifier:random_forest:min_impurity_decrease': 0.0, 'classifier:random_forest:min_samples_leaf': 8, 'classifier:random_forest:min_samples_split': 14, 'classifier:random_forest:min_weight_fraction_leaf': 0.0, 'classifier:random_forest:n_estimators': 100, 'preprocessor:select_percentile_classification:percentile': 86.4622379673591, 'preprocessor:select_percentile_classification:score_func': 'mutual_info'},
dataset_properties={
  'task': 1,
  'sparse': False,
  'multilabel': False,
  'multiclass': False,
  'target_type': 'classification',
  'signed': False})), (0.04, SimpleClassificationPipeline({'balancing:strategy': 'none', 'categorical_encoding:__choice__': 'one_hot_encoding', 'classifier:__choice__': 'random_forest', 'imputation:strategy': 'mean', 'preprocessor:__choice__': 'select_rates', 'rescaling:__choice__': 'normalize', 'categorical_encoding:one_hot_encoding:use_minimum_fraction': 'True', 'classifier:random_forest:bootstrap': 'False', 'classifier:random_forest:criterion': 'gini', 'classifier:random_forest:max_depth': 'None', 'classifier:random_forest:max_features': 0.6990994080185139, 'classifier:random_forest:max_leaf_nodes': 'None', 'classifier:random_forest:min_impurity_decrease': 0.0, 'classifier:random_forest:min_samples_leaf': 10, 'classifier:random_forest:min_samples_split': 17, 'classifier:random_forest:min_weight_fraction_leaf': 0.0, 'classifier:random_forest:n_estimators': 100, 'preprocessor:select_rates:alpha': 0.40932943448035053, 'preprocessor:select_rates:mode': 'fwe', 'preprocessor:select_rates:score_func': 'f_classif', 'categorical_encoding:one_hot_encoding:minimum_fraction': 0.010000000000000004},
dataset_properties={
  'task': 1,
  'sparse': False,
  'multilabel': False,
  'multiclass': False,
  'target_type': 'classification',
  'signed': False})), (0.04, SimpleClassificationPipeline({'balancing:strategy': 'weighting', 'categorical_encoding:__choice__': 'no_encoding', 'classifier:__choice__': 'random_forest', 'imputation:strategy': 'mean', 'preprocessor:__choice__': 'select_rates', 'rescaling:__choice__': 'standardize', 'classifier:random_forest:bootstrap': 'False', 'classifier:random_forest:criterion': 'entropy', 'classifier:random_forest:max_depth': 'None', 'classifier:random_forest:max_features': 0.21613468135600478, 'classifier:random_forest:max_leaf_nodes': 'None', 'classifier:random_forest:min_impurity_decrease': 0.0, 'classifier:random_forest:min_samples_leaf': 9, 'classifier:random_forest:min_samples_split': 13, 'classifier:random_forest:min_weight_fraction_leaf': 0.0, 'classifier:random_forest:n_estimators': 100, 'preprocessor:select_rates:alpha': 0.43842161751294434, 'preprocessor:select_rates:mode': 'fwe', 'preprocessor:select_rates:score_func': 'f_classif'},
dataset_properties={
  'task': 1,
  'sparse': False,
  'multilabel': False,
  'multiclass': False,
  'target_type': 'classification',
  'signed': False})), (0.04, SimpleClassificationPipeline({'balancing:strategy': 'none', 'categorical_encoding:__choice__': 'one_hot_encoding', 'classifier:__choice__': 'random_forest', 'imputation:strategy': 'most_frequent', 'preprocessor:__choice__': 'select_rates', 'rescaling:__choice__': 'robust_scaler', 'categorical_encoding:one_hot_encoding:use_minimum_fraction': 'True', 'classifier:random_forest:bootstrap': 'True', 'classifier:random_forest:criterion': 'gini', 'classifier:random_forest:max_depth': 'None', 'classifier:random_forest:max_features': 0.7294666438516162, 'classifier:random_forest:max_leaf_nodes': 'None', 'classifier:random_forest:min_impurity_decrease': 0.0, 'classifier:random_forest:min_samples_leaf': 11, 'classifier:random_forest:min_samples_split': 13, 'classifier:random_forest:min_weight_fraction_leaf': 0.0, 'classifier:random_forest:n_estimators': 100, 'preprocessor:select_rates:alpha': 0.4499919773663732, 'preprocessor:select_rates:mode': 'fwe', 'preprocessor:select_rates:score_func': 'chi2', 'rescaling:robust_scaler:q_max': 0.75, 'rescaling:robust_scaler:q_min': 0.25, 'categorical_encoding:one_hot_encoding:minimum_fraction': 0.0036539458117186016},
dataset_properties={
  'task': 1,
  'sparse': False,
  'multilabel': False,
  'multiclass': False,
  'target_type': 'classification',
  'signed': False})), (0.04, SimpleClassificationPipeline({'balancing:strategy': 'weighting', 'categorical_encoding:__choice__': 'one_hot_encoding', 'classifier:__choice__': 'random_forest', 'imputation:strategy': 'most_frequent', 'preprocessor:__choice__': 'select_percentile_classification', 'rescaling:__choice__': 'normalize', 'categorical_encoding:one_hot_encoding:use_minimum_fraction': 'True', 'classifier:random_forest:bootstrap': 'True', 'classifier:random_forest:criterion': 'entropy', 'classifier:random_forest:max_depth': 'None', 'classifier:random_forest:max_features': 0.9736878617615714, 'classifier:random_forest:max_leaf_nodes': 'None', 'classifier:random_forest:min_impurity_decrease': 0.0, 'classifier:random_forest:min_samples_leaf': 13, 'classifier:random_forest:min_samples_split': 19, 'classifier:random_forest:min_weight_fraction_leaf': 0.0, 'classifier:random_forest:n_estimators': 100, 'preprocessor:select_percentile_classification:percentile': 88.20413429213188, 'preprocessor:select_percentile_classification:score_func': 'mutual_info', 'categorical_encoding:one_hot_encoding:minimum_fraction': 0.009003062326484275},
dataset_properties={
  'task': 1,
  'sparse': False,
  'multilabel': False,
  'multiclass': False,
  'target_type': 'classification',
  'signed': False})), (0.04, SimpleClassificationPipeline({'balancing:strategy': 'none', 'categorical_encoding:__choice__': 'one_hot_encoding', 'classifier:__choice__': 'random_forest', 'imputation:strategy': 'median', 'preprocessor:__choice__': 'no_preprocessing', 'rescaling:__choice__': 'none', 'categorical_encoding:one_hot_encoding:use_minimum_fraction': 'False', 'classifier:random_forest:bootstrap': 'True', 'classifier:random_forest:criterion': 'gini', 'classifier:random_forest:max_depth': 'None', 'classifier:random_forest:max_features': 0.8645843892442716, 'classifier:random_forest:max_leaf_nodes': 'None', 'classifier:random_forest:min_impurity_decrease': 0.0, 'classifier:random_forest:min_samples_leaf': 8, 'classifier:random_forest:min_samples_split': 20, 'classifier:random_forest:min_weight_fraction_leaf': 0.0, 'classifier:random_forest:n_estimators': 100},
dataset_properties={
  'task': 1,
  'sparse': False,
  'multilabel': False,
  'multiclass': False,
  'target_type': 'classification',
  'signed': False})), (0.02, SimpleClassificationPipeline({'balancing:strategy': 'none', 'categorical_encoding:__choice__': 'no_encoding', 'classifier:__choice__': 'random_forest', 'imputation:strategy': 'most_frequent', 'preprocessor:__choice__': 'select_rates', 'rescaling:__choice__': 'minmax', 'classifier:random_forest:bootstrap': 'False', 'classifier:random_forest:criterion': 'gini', 'classifier:random_forest:max_depth': 'None', 'classifier:random_forest:max_features': 0.7932373156580019, 'classifier:random_forest:max_leaf_nodes': 'None', 'classifier:random_forest:min_impurity_decrease': 0.0, 'classifier:random_forest:min_samples_leaf': 8, 'classifier:random_forest:min_samples_split': 13, 'classifier:random_forest:min_weight_fraction_leaf': 0.0, 'classifier:random_forest:n_estimators': 100, 'preprocessor:select_rates:alpha': 0.43842161751294434, 'preprocessor:select_rates:mode': 'fdr', 'preprocessor:select_rates:score_func': 'f_classif'},
dataset_properties={
  'task': 1,
  'sparse': False,
  'multilabel': False,
  'multiclass': False,
  'target_type': 'classification',
  'signed': False})), (0.02, SimpleClassificationPipeline({'balancing:strategy': 'none', 'categorical_encoding:__choice__': 'one_hot_encoding', 'classifier:__choice__': 'random_forest', 'imputation:strategy': 'most_frequent', 'preprocessor:__choice__': 'select_percentile_classification', 'rescaling:__choice__': 'standardize', 'categorical_encoding:one_hot_encoding:use_minimum_fraction': 'True', 'classifier:random_forest:bootstrap': 'False', 'classifier:random_forest:criterion': 'gini', 'classifier:random_forest:max_depth': 'None', 'classifier:random_forest:max_features': 0.8034171508072004, 'classifier:random_forest:max_leaf_nodes': 'None', 'classifier:random_forest:min_impurity_decrease': 0.0, 'classifier:random_forest:min_samples_leaf': 6, 'classifier:random_forest:min_samples_split': 12, 'classifier:random_forest:min_weight_fraction_leaf': 0.0, 'classifier:random_forest:n_estimators': 100, 'preprocessor:select_percentile_classification:percentile': 84.9067778709137, 'preprocessor:select_percentile_classification:score_func': 'mutual_info', 'categorical_encoding:one_hot_encoding:minimum_fraction': 0.024774571771625963},
dataset_properties={
  'task': 1,
  'sparse': False,
  'multilabel': False,
  'multiclass': False,
  'target_type': 'classification',
  'signed': False})), (0.02, SimpleClassificationPipeline({'balancing:strategy': 'none', 'categorical_encoding:__choice__': 'one_hot_encoding', 'classifier:__choice__': 'random_forest', 'imputation:strategy': 'most_frequent', 'preprocessor:__choice__': 'select_rates', 'rescaling:__choice__': 'normalize', 'categorical_encoding:one_hot_encoding:use_minimum_fraction': 'True', 'classifier:random_forest:bootstrap': 'False', 'classifier:random_forest:criterion': 'gini', 'classifier:random_forest:max_depth': 'None', 'classifier:random_forest:max_features': 0.6738271107489424, 'classifier:random_forest:max_leaf_nodes': 'None', 'classifier:random_forest:min_impurity_decrease': 0.0, 'classifier:random_forest:min_samples_leaf': 1, 'classifier:random_forest:min_samples_split': 13, 'classifier:random_forest:min_weight_fraction_leaf': 0.0, 'classifier:random_forest:n_estimators': 100, 'preprocessor:select_rates:alpha': 0.4528900425890828, 'preprocessor:select_rates:mode': 'fdr', 'preprocessor:select_rates:score_func': 'f_classif', 'categorical_encoding:one_hot_encoding:minimum_fraction': 0.010000000000000004},
dataset_properties={
  'task': 1,
  'sparse': False,
  'multilabel': False,
  'multiclass': False,
  'target_type': 'classification',
  'signed': False})), (0.02, SimpleClassificationPipeline({'balancing:strategy': 'none', 'categorical_encoding:__choice__': 'no_encoding', 'classifier:__choice__': 'random_forest', 'imputation:strategy': 'mean', 'preprocessor:__choice__': 'select_rates', 'rescaling:__choice__': 'none', 'classifier:random_forest:bootstrap': 'False', 'classifier:random_forest:criterion': 'gini', 'classifier:random_forest:max_depth': 'None', 'classifier:random_forest:max_features': 0.75027496188981, 'classifier:random_forest:max_leaf_nodes': 'None', 'classifier:random_forest:min_impurity_decrease': 0.0, 'classifier:random_forest:min_samples_leaf': 9, 'classifier:random_forest:min_samples_split': 13, 'classifier:random_forest:min_weight_fraction_leaf': 0.0, 'classifier:random_forest:n_estimators': 100, 'preprocessor:select_rates:alpha': 0.4476294766676234, 'preprocessor:select_rates:mode': 'fpr', 'preprocessor:select_rates:score_func': 'chi2'},
dataset_properties={
  'task': 1,
  'sparse': False,
  'multilabel': False,
  'multiclass': False,
  'target_type': 'classification',
  'signed': False})), (0.02, SimpleClassificationPipeline({'balancing:strategy': 'weighting', 'categorical_encoding:__choice__': 'one_hot_encoding', 'classifier:__choice__': 'random_forest', 'imputation:strategy': 'most_frequent', 'preprocessor:__choice__': 'select_percentile_classification', 'rescaling:__choice__': 'none', 'categorical_encoding:one_hot_encoding:use_minimum_fraction': 'True', 'classifier:random_forest:bootstrap': 'False', 'classifier:random_forest:criterion': 'gini', 'classifier:random_forest:max_depth': 'None', 'classifier:random_forest:max_features': 0.7488150926229193, 'classifier:random_forest:max_leaf_nodes': 'None', 'classifier:random_forest:min_impurity_decrease': 0.0, 'classifier:random_forest:min_samples_leaf': 10, 'classifier:random_forest:min_samples_split': 7, 'classifier:random_forest:min_weight_fraction_leaf': 0.0, 'classifier:random_forest:n_estimators': 100, 'preprocessor:select_percentile_classification:percentile': 87.47378071589962, 'preprocessor:select_percentile_classification:score_func': 'f_classif', 'categorical_encoding:one_hot_encoding:minimum_fraction': 0.0010216441614431745},
dataset_properties={
  'task': 1,
  'sparse': False,
  'multilabel': False,
  'multiclass': False,
  'target_type': 'classification',
  'signed': False})), (0.02, SimpleClassificationPipeline({'balancing:strategy': 'none', 'categorical_encoding:__choice__': 'one_hot_encoding', 'classifier:__choice__': 'random_forest', 'imputation:strategy': 'mean', 'preprocessor:__choice__': 'extra_trees_preproc_for_classification', 'rescaling:__choice__': 'quantile_transformer', 'categorical_encoding:one_hot_encoding:use_minimum_fraction': 'False', 'classifier:random_forest:bootstrap': 'True', 'classifier:random_forest:criterion': 'entropy', 'classifier:random_forest:max_depth': 'None', 'classifier:random_forest:max_features': 0.7183968565948038, 'classifier:random_forest:max_leaf_nodes': 'None', 'classifier:random_forest:min_impurity_decrease': 0.0, 'classifier:random_forest:min_samples_leaf': 3, 'classifier:random_forest:min_samples_split': 12, 'classifier:random_forest:min_weight_fraction_leaf': 0.0, 'classifier:random_forest:n_estimators': 100, 'preprocessor:extra_trees_preproc_for_classification:bootstrap': 'False', 'preprocessor:extra_trees_preproc_for_classification:criterion': 'gini', 'preprocessor:extra_trees_preproc_for_classification:max_depth': 'None', 'preprocessor:extra_trees_preproc_for_classification:max_features': 0.5, 'preprocessor:extra_trees_preproc_for_classification:max_leaf_nodes': 'None', 'preprocessor:extra_trees_preproc_for_classification:min_impurity_decrease': 0.0, 'preprocessor:extra_trees_preproc_for_classification:min_samples_leaf': 1, 'preprocessor:extra_trees_preproc_for_classification:min_samples_split': 2, 'preprocessor:extra_trees_preproc_for_classification:min_weight_fraction_leaf': 0.0, 'preprocessor:extra_trees_preproc_for_classification:n_estimators': 100, 'rescaling:quantile_transformer:n_quantiles': 581, 'rescaling:quantile_transformer:output_distribution': 'normal'},
dataset_properties={
  'task': 1,
  'sparse': False,
  'multilabel': False,
  'multiclass': False,
  'target_type': 'classification',
  'signed': False}))]",0.8695652173913043,0.0,0.8762541806020068,0.0,0.8695652173913043,0.0,0.8600790513833992,0.0
AP_Prostate_Ovary,14444.069458246231,1.0,1.0,1.0,1.0,"[(0.16, SimpleClassificationPipeline({'balancing:strategy': 'weighting', 'categorical_encoding:__choice__': 'no_encoding', 'classifier:__choice__': 'bernoulli_nb', 'imputation:strategy': 'mean', 'preprocessor:__choice__': 'pca', 'rescaling:__choice__': 'quantile_transformer', 'classifier:bernoulli_nb:alpha': 0.044658641599273956, 'classifier:bernoulli_nb:fit_prior': 'True', 'preprocessor:pca:keep_variance': 0.8051611573327591, 'preprocessor:pca:whiten': 'True', 'rescaling:quantile_transformer:n_quantiles': 681, 'rescaling:quantile_transformer:output_distribution': 'uniform'},
dataset_properties={
  'task': 1,
  'sparse': False,
  'multilabel': False,
  'multiclass': False,
  'target_type': 'classification',
  'signed': False})), (0.12, SimpleClassificationPipeline({'balancing:strategy': 'none', 'categorical_encoding:__choice__': 'one_hot_encoding', 'classifier:__choice__': 'k_nearest_neighbors', 'imputation:strategy': 'median', 'preprocessor:__choice__': 'no_preprocessing', 'rescaling:__choice__': 'standardize', 'categorical_encoding:one_hot_encoding:use_minimum_fraction': 'True', 'classifier:k_nearest_neighbors:n_neighbors': 1, 'classifier:k_nearest_neighbors:p': 2, 'classifier:k_nearest_neighbors:weights': 'uniform', 'categorical_encoding:one_hot_encoding:minimum_fraction': 0.0003102902516934942},
dataset_properties={
  'task': 1,
  'sparse': False,
  'multilabel': False,
  'multiclass': False,
  'target_type': 'classification',
  'signed': False})), (0.1, SimpleClassificationPipeline({'balancing:strategy': 'weighting', 'categorical_encoding:__choice__': 'no_encoding', 'classifier:__choice__': 'sgd', 'imputation:strategy': 'median', 'preprocessor:__choice__': 'liblinear_svc_preprocessor', 'rescaling:__choice__': 'quantile_transformer', 'classifier:sgd:alpha': 0.005509187413188994, 'classifier:sgd:average': 'True', 'classifier:sgd:fit_intercept': 'True', 'classifier:sgd:learning_rate': 'invscaling', 'classifier:sgd:loss': 'log', 'classifier:sgd:penalty': 'elasticnet', 'classifier:sgd:tol': 0.007846878331807958, 'preprocessor:liblinear_svc_preprocessor:C': 2184.496038692229, 'preprocessor:liblinear_svc_preprocessor:dual': 'False', 'preprocessor:liblinear_svc_preprocessor:fit_intercept': 'True', 'preprocessor:liblinear_svc_preprocessor:intercept_scaling': 1, 'preprocessor:liblinear_svc_preprocessor:loss': 'squared_hinge', 'preprocessor:liblinear_svc_preprocessor:multi_class': 'ovr', 'preprocessor:liblinear_svc_preprocessor:penalty': 'l1', 'preprocessor:liblinear_svc_preprocessor:tol': 0.0016790322720967807, 'rescaling:quantile_transformer:n_quantiles': 923, 'rescaling:quantile_transformer:output_distribution': 'normal', 'classifier:sgd:eta0': 9.64212082823045e-06, 'classifier:sgd:l1_ratio': 8.781779635783401e-09, 'classifier:sgd:power_t': 0.1533657336710286},
dataset_properties={
  'task': 1,
  'sparse': False,
  'multilabel': False,
  'multiclass': False,
  'target_type': 'classification',
  'signed': False})), (0.08, SimpleClassificationPipeline({'balancing:strategy': 'none', 'categorical_encoding:__choice__': 'no_encoding', 'classifier:__choice__': 'decision_tree', 'imputation:strategy': 'median', 'preprocessor:__choice__': 'select_percentile_classification', 'rescaling:__choice__': 'quantile_transformer', 'classifier:decision_tree:criterion': 'entropy', 'classifier:decision_tree:max_depth_factor': 0.2070738806150998, 'classifier:decision_tree:max_features': 1.0, 'classifier:decision_tree:max_leaf_nodes': 'None', 'classifier:decision_tree:min_impurity_decrease': 0.0, 'classifier:decision_tree:min_samples_leaf': 7, 'classifier:decision_tree:min_samples_split': 4, 'classifier:decision_tree:min_weight_fraction_leaf': 0.0, 'preprocessor:select_percentile_classification:percentile': 16.701419024968075, 'preprocessor:select_percentile_classification:score_func': 'mutual_info', 'rescaling:quantile_transformer:n_quantiles': 953, 'rescaling:quantile_transformer:output_distribution': 'uniform'},
dataset_properties={
  'task': 1,
  'sparse': False,
  'multilabel': False,
  'multiclass': False,
  'target_type': 'classification',
  'signed': False})), (0.06, SimpleClassificationPipeline({'balancing:strategy': 'weighting', 'categorical_encoding:__choice__': 'no_encoding', 'classifier:__choice__': 'lda', 'imputation:strategy': 'most_frequent', 'preprocessor:__choice__': 'select_percentile_classification', 'rescaling:__choice__': 'quantile_transformer', 'classifier:lda:n_components': 180, 'classifier:lda:shrinkage': 'manual', 'classifier:lda:tol': 1.0280062668762745e-05, 'preprocessor:select_percentile_classification:percentile': 68.63493498634128, 'preprocessor:select_percentile_classification:score_func': 'f_classif', 'rescaling:quantile_transformer:n_quantiles': 1000, 'rescaling:quantile_transformer:output_distribution': 'uniform', 'classifier:lda:shrinkage_factor': 0.1670827665890995},
dataset_properties={
  'task': 1,
  'sparse': False,
  'multilabel': False,
  'multiclass': False,
  'target_type': 'classification',
  'signed': False})), (0.06, SimpleClassificationPipeline({'balancing:strategy': 'none', 'categorical_encoding:__choice__': 'one_hot_encoding', 'classifier:__choice__': 'lda', 'imputation:strategy': 'most_frequent', 'preprocessor:__choice__': 'extra_trees_preproc_for_classification', 'rescaling:__choice__': 'quantile_transformer', 'categorical_encoding:one_hot_encoding:use_minimum_fraction': 'True', 'classifier:lda:n_components': 171, 'classifier:lda:shrinkage': 'manual', 'classifier:lda:tol': 4.175028707726707e-05, 'preprocessor:extra_trees_preproc_for_classification:bootstrap': 'False', 'preprocessor:extra_trees_preproc_for_classification:criterion': 'gini', 'preprocessor:extra_trees_preproc_for_classification:max_depth': 'None', 'preprocessor:extra_trees_preproc_for_classification:max_features': 0.16972984916994238, 'preprocessor:extra_trees_preproc_for_classification:max_leaf_nodes': 'None', 'preprocessor:extra_trees_preproc_for_classification:min_impurity_decrease': 0.0, 'preprocessor:extra_trees_preproc_for_classification:min_samples_leaf': 1, 'preprocessor:extra_trees_preproc_for_classification:min_samples_split': 15, 'preprocessor:extra_trees_preproc_for_classification:min_weight_fraction_leaf': 0.0, 'preprocessor:extra_trees_preproc_for_classification:n_estimators': 100, 'rescaling:quantile_transformer:n_quantiles': 1000, 'rescaling:quantile_transformer:output_distribution': 'uniform', 'categorical_encoding:one_hot_encoding:minimum_fraction': 0.00018513271775989835, 'classifier:lda:shrinkage_factor': 0.07606630247310575},
dataset_properties={
  'task': 1,
  'sparse': False,
  'multilabel': False,
  'multiclass': False,
  'target_type': 'classification',
  'signed': False})), (0.04, SimpleClassificationPipeline({'balancing:strategy': 'weighting', 'categorical_encoding:__choice__': 'one_hot_encoding', 'classifier:__choice__': 'lda', 'imputation:strategy': 'most_frequent', 'preprocessor:__choice__': 'select_percentile_classification', 'rescaling:__choice__': 'quantile_transformer', 'categorical_encoding:one_hot_encoding:use_minimum_fraction': 'True', 'classifier:lda:n_components': 63, 'classifier:lda:shrinkage': 'manual', 'classifier:lda:tol': 0.010880819359653716, 'preprocessor:select_percentile_classification:percentile': 19.927411526607177, 'preprocessor:select_percentile_classification:score_func': 'chi2', 'rescaling:quantile_transformer:n_quantiles': 986, 'rescaling:quantile_transformer:output_distribution': 'uniform', 'categorical_encoding:one_hot_encoding:minimum_fraction': 0.0012899882414439266, 'classifier:lda:shrinkage_factor': 0.18263564690220557},
dataset_properties={
  'task': 1,
  'sparse': False,
  'multilabel': False,
  'multiclass': False,
  'target_type': 'classification',
  'signed': False})), (0.04, SimpleClassificationPipeline({'balancing:strategy': 'weighting', 'categorical_encoding:__choice__': 'one_hot_encoding', 'classifier:__choice__': 'random_forest', 'imputation:strategy': 'most_frequent', 'preprocessor:__choice__': 'select_rates', 'rescaling:__choice__': 'minmax', 'categorical_encoding:one_hot_encoding:use_minimum_fraction': 'True', 'classifier:random_forest:bootstrap': 'True', 'classifier:random_forest:criterion': 'entropy', 'classifier:random_forest:max_depth': 'None', 'classifier:random_forest:max_features': 0.7097184953240682, 'classifier:random_forest:max_leaf_nodes': 'None', 'classifier:random_forest:min_impurity_decrease': 0.0, 'classifier:random_forest:min_samples_leaf': 4, 'classifier:random_forest:min_samples_split': 3, 'classifier:random_forest:min_weight_fraction_leaf': 0.0, 'classifier:random_forest:n_estimators': 100, 'preprocessor:select_rates:alpha': 0.4499919773663732, 'preprocessor:select_rates:mode': 'fpr', 'preprocessor:select_rates:score_func': 'f_classif', 'categorical_encoding:one_hot_encoding:minimum_fraction': 0.0007564073376227248},
dataset_properties={
  'task': 1,
  'sparse': False,
  'multilabel': False,
  'multiclass': False,
  'target_type': 'classification',
  'signed': False})), (0.02, SimpleClassificationPipeline({'balancing:strategy': 'none', 'categorical_encoding:__choice__': 'one_hot_encoding', 'classifier:__choice__': 'gradient_boosting', 'imputation:strategy': 'mean', 'preprocessor:__choice__': 'select_percentile_classification', 'rescaling:__choice__': 'none', 'categorical_encoding:one_hot_encoding:use_minimum_fraction': 'True', 'classifier:gradient_boosting:criterion': 'mse', 'classifier:gradient_boosting:learning_rate': 0.10000000000000002, 'classifier:gradient_boosting:loss': 'deviance', 'classifier:gradient_boosting:max_depth': 3, 'classifier:gradient_boosting:max_features': 1.0, 'classifier:gradient_boosting:max_leaf_nodes': 'None', 'classifier:gradient_boosting:min_impurity_decrease': 0.0, 'classifier:gradient_boosting:min_samples_leaf': 1, 'classifier:gradient_boosting:min_samples_split': 2, 'classifier:gradient_boosting:min_weight_fraction_leaf': 0.0, 'classifier:gradient_boosting:n_estimators': 100, 'classifier:gradient_boosting:subsample': 1.0, 'preprocessor:select_percentile_classification:percentile': 94.9085331197173, 'preprocessor:select_percentile_classification:score_func': 'f_classif', 'categorical_encoding:one_hot_encoding:minimum_fraction': 0.0006797199782966788},
dataset_properties={
  'task': 1,
  'sparse': False,
  'multilabel': False,
  'multiclass': False,
  'target_type': 'classification',
  'signed': False})), (0.02, SimpleClassificationPipeline({'balancing:strategy': 'none', 'categorical_encoding:__choice__': 'no_encoding', 'classifier:__choice__': 'liblinear_svc', 'imputation:strategy': 'median', 'preprocessor:__choice__': 'pca', 'rescaling:__choice__': 'standardize', 'classifier:liblinear_svc:C': 8925.126362931458, 'classifier:liblinear_svc:dual': 'False', 'classifier:liblinear_svc:fit_intercept': 'True', 'classifier:liblinear_svc:intercept_scaling': 1, 'classifier:liblinear_svc:loss': 'squared_hinge', 'classifier:liblinear_svc:multi_class': 'ovr', 'classifier:liblinear_svc:penalty': 'l2', 'classifier:liblinear_svc:tol': 0.004101151964598497, 'preprocessor:pca:keep_variance': 0.9681951444495067, 'preprocessor:pca:whiten': 'False'},
dataset_properties={
  'task': 1,
  'sparse': False,
  'multilabel': False,
  'multiclass': False,
  'target_type': 'classification',
  'signed': False})), (0.02, SimpleClassificationPipeline({'balancing:strategy': 'weighting', 'categorical_encoding:__choice__': 'no_encoding', 'classifier:__choice__': 'qda', 'imputation:strategy': 'most_frequent', 'preprocessor:__choice__': 'pca', 'rescaling:__choice__': 'robust_scaler', 'classifier:qda:reg_param': 0.4240579534499205, 'preprocessor:pca:keep_variance': 0.9112013691087602, 'preprocessor:pca:whiten': 'False', 'rescaling:robust_scaler:q_max': 0.9248954075506366, 'rescaling:robust_scaler:q_min': 0.05894827650249423},
dataset_properties={
  'task': 1,
  'sparse': False,
  'multilabel': False,
  'multiclass': False,
  'target_type': 'classification',
  'signed': False})), (0.02, SimpleClassificationPipeline({'balancing:strategy': 'weighting', 'categorical_encoding:__choice__': 'no_encoding', 'classifier:__choice__': 'lda', 'imputation:strategy': 'most_frequent', 'preprocessor:__choice__': 'select_percentile_classification', 'rescaling:__choice__': 'quantile_transformer', 'classifier:lda:n_components': 228, 'classifier:lda:shrinkage': 'manual', 'classifier:lda:tol': 0.00042457253628003754, 'preprocessor:select_percentile_classification:percentile': 50.0, 'preprocessor:select_percentile_classification:score_func': 'chi2', 'rescaling:quantile_transformer:n_quantiles': 1000, 'rescaling:quantile_transformer:output_distribution': 'uniform', 'classifier:lda:shrinkage_factor': 0.24510772645774948},
dataset_properties={
  'task': 1,
  'sparse': False,
  'multilabel': False,
  'multiclass': False,
  'target_type': 'classification',
  'signed': False})), (0.02, SimpleClassificationPipeline({'balancing:strategy': 'weighting', 'categorical_encoding:__choice__': 'no_encoding', 'classifier:__choice__': 'lda', 'imputation:strategy': 'mean', 'preprocessor:__choice__': 'select_percentile_classification', 'rescaling:__choice__': 'quantile_transformer', 'classifier:lda:n_components': 182, 'classifier:lda:shrinkage': 'manual', 'classifier:lda:tol': 0.06782201961158985, 'preprocessor:select_percentile_classification:percentile': 42.234625231461415, 'preprocessor:select_percentile_classification:score_func': 'f_classif', 'rescaling:quantile_transformer:n_quantiles': 1000, 'rescaling:quantile_transformer:output_distribution': 'uniform', 'classifier:lda:shrinkage_factor': 0.2683436816450758},
dataset_properties={
  'task': 1,
  'sparse': False,
  'multilabel': False,
  'multiclass': False,
  'target_type': 'classification',
  'signed': False})), (0.02, SimpleClassificationPipeline({'balancing:strategy': 'weighting', 'categorical_encoding:__choice__': 'one_hot_encoding', 'classifier:__choice__': 'lda', 'imputation:strategy': 'most_frequent', 'preprocessor:__choice__': 'select_percentile_classification', 'rescaling:__choice__': 'quantile_transformer', 'categorical_encoding:one_hot_encoding:use_minimum_fraction': 'True', 'classifier:lda:n_components': 63, 'classifier:lda:shrinkage': 'manual', 'classifier:lda:tol': 0.010880819359653716, 'preprocessor:select_percentile_classification:percentile': 19.927411526607177, 'preprocessor:select_percentile_classification:score_func': 'chi2', 'rescaling:quantile_transformer:n_quantiles': 1825, 'rescaling:quantile_transformer:output_distribution': 'uniform', 'categorical_encoding:one_hot_encoding:minimum_fraction': 0.0012899882414439266, 'classifier:lda:shrinkage_factor': 0.18263564690220557},
dataset_properties={
  'task': 1,
  'sparse': False,
  'multilabel': False,
  'multiclass': False,
  'target_type': 'classification',
  'signed': False})), (0.02, SimpleClassificationPipeline({'balancing:strategy': 'weighting', 'categorical_encoding:__choice__': 'no_encoding', 'classifier:__choice__': 'lda', 'imputation:strategy': 'mean', 'preprocessor:__choice__': 'select_percentile_classification', 'rescaling:__choice__': 'quantile_transformer', 'classifier:lda:n_components': 250, 'classifier:lda:shrinkage': 'manual', 'classifier:lda:tol': 0.06782201961158985, 'preprocessor:select_percentile_classification:percentile': 42.234625231461415, 'preprocessor:select_percentile_classification:score_func': 'f_classif', 'rescaling:quantile_transformer:n_quantiles': 1000, 'rescaling:quantile_transformer:output_distribution': 'uniform', 'classifier:lda:shrinkage_factor': 0.5},
dataset_properties={
  'task': 1,
  'sparse': False,
  'multilabel': False,
  'multiclass': False,
  'target_type': 'classification',
  'signed': False})), (0.02, SimpleClassificationPipeline({'balancing:strategy': 'weighting', 'categorical_encoding:__choice__': 'one_hot_encoding', 'classifier:__choice__': 'gaussian_nb', 'imputation:strategy': 'most_frequent', 'preprocessor:__choice__': 'no_preprocessing', 'rescaling:__choice__': 'standardize', 'categorical_encoding:one_hot_encoding:use_minimum_fraction': 'True', 'categorical_encoding:one_hot_encoding:minimum_fraction': 0.2276855434892176},
dataset_properties={
  'task': 1,
  'sparse': False,
  'multilabel': False,
  'multiclass': False,
  'target_type': 'classification',
  'signed': False})), (0.02, SimpleClassificationPipeline({'balancing:strategy': 'weighting', 'categorical_encoding:__choice__': 'no_encoding', 'classifier:__choice__': 'lda', 'imputation:strategy': 'most_frequent', 'preprocessor:__choice__': 'select_percentile_classification', 'rescaling:__choice__': 'quantile_transformer', 'classifier:lda:n_components': 180, 'classifier:lda:shrinkage': 'manual', 'classifier:lda:tol': 1.0280062668762745e-05, 'preprocessor:select_percentile_classification:percentile': 59.81988200858696, 'preprocessor:select_percentile_classification:score_func': 'f_classif', 'rescaling:quantile_transformer:n_quantiles': 430, 'rescaling:quantile_transformer:output_distribution': 'uniform', 'classifier:lda:shrinkage_factor': 0.1670827665890995},
dataset_properties={
  'task': 1,
  'sparse': False,
  'multilabel': False,
  'multiclass': False,
  'target_type': 'classification',
  'signed': False})), (0.02, SimpleClassificationPipeline({'balancing:strategy': 'weighting', 'categorical_encoding:__choice__': 'no_encoding', 'classifier:__choice__': 'lda', 'imputation:strategy': 'most_frequent', 'preprocessor:__choice__': 'select_percentile_classification', 'rescaling:__choice__': 'quantile_transformer', 'classifier:lda:n_components': 180, 'classifier:lda:shrinkage': 'manual', 'classifier:lda:tol': 1.0280062668762745e-05, 'preprocessor:select_percentile_classification:percentile': 68.63493498634128, 'preprocessor:select_percentile_classification:score_func': 'f_classif', 'rescaling:quantile_transformer:n_quantiles': 430, 'rescaling:quantile_transformer:output_distribution': 'uniform', 'classifier:lda:shrinkage_factor': 0.1670827665890995},
dataset_properties={
  'task': 1,
  'sparse': False,
  'multilabel': False,
  'multiclass': False,
  'target_type': 'classification',
  'signed': False})), (0.02, SimpleClassificationPipeline({'balancing:strategy': 'weighting', 'categorical_encoding:__choice__': 'no_encoding', 'classifier:__choice__': 'decision_tree', 'imputation:strategy': 'mean', 'preprocessor:__choice__': 'select_percentile_classification', 'rescaling:__choice__': 'quantile_transformer', 'classifier:decision_tree:criterion': 'gini', 'classifier:decision_tree:max_depth_factor': 0.5763072300266503, 'classifier:decision_tree:max_features': 1.0, 'classifier:decision_tree:max_leaf_nodes': 'None', 'classifier:decision_tree:min_impurity_decrease': 0.0, 'classifier:decision_tree:min_samples_leaf': 3, 'classifier:decision_tree:min_samples_split': 9, 'classifier:decision_tree:min_weight_fraction_leaf': 0.0, 'preprocessor:select_percentile_classification:percentile': 82.49224787862016, 'preprocessor:select_percentile_classification:score_func': 'mutual_info', 'rescaling:quantile_transformer:n_quantiles': 1974, 'rescaling:quantile_transformer:output_distribution': 'uniform'},
dataset_properties={
  'task': 1,
  'sparse': False,
  'multilabel': False,
  'multiclass': False,
  'target_type': 'classification',
  'signed': False})), (0.02, SimpleClassificationPipeline({'balancing:strategy': 'weighting', 'categorical_encoding:__choice__': 'one_hot_encoding', 'classifier:__choice__': 'random_forest', 'imputation:strategy': 'most_frequent', 'preprocessor:__choice__': 'select_rates', 'rescaling:__choice__': 'quantile_transformer', 'categorical_encoding:one_hot_encoding:use_minimum_fraction': 'True', 'classifier:random_forest:bootstrap': 'True', 'classifier:random_forest:criterion': 'entropy', 'classifier:random_forest:max_depth': 'None', 'classifier:random_forest:max_features': 0.7097184953240682, 'classifier:random_forest:max_leaf_nodes': 'None', 'classifier:random_forest:min_impurity_decrease': 0.0, 'classifier:random_forest:min_samples_leaf': 4, 'classifier:random_forest:min_samples_split': 3, 'classifier:random_forest:min_weight_fraction_leaf': 0.0, 'classifier:random_forest:n_estimators': 100, 'preprocessor:select_rates:alpha': 0.4499919773663732, 'preprocessor:select_rates:mode': 'fpr', 'preprocessor:select_rates:score_func': 'f_classif', 'rescaling:quantile_transformer:n_quantiles': 1000, 'rescaling:quantile_transformer:output_distribution': 'uniform', 'categorical_encoding:one_hot_encoding:minimum_fraction': 0.0010500736212179292},
dataset_properties={
  'task': 1,
  'sparse': False,
  'multilabel': False,
  'multiclass': False,
  'target_type': 'classification',
  'signed': False})), (0.02, SimpleClassificationPipeline({'balancing:strategy': 'weighting', 'categorical_encoding:__choice__': 'no_encoding', 'classifier:__choice__': 'adaboost', 'imputation:strategy': 'median', 'preprocessor:__choice__': 'no_preprocessing', 'rescaling:__choice__': 'standardize', 'classifier:adaboost:algorithm': 'SAMME', 'classifier:adaboost:learning_rate': 0.317900302878067, 'classifier:adaboost:max_depth': 5, 'classifier:adaboost:n_estimators': 270},
dataset_properties={
  'task': 1,
  'sparse': False,
  'multilabel': False,
  'multiclass': False,
  'target_type': 'classification',
  'signed': False})), (0.02, SimpleClassificationPipeline({'balancing:strategy': 'weighting', 'categorical_encoding:__choice__': 'one_hot_encoding', 'classifier:__choice__': 'lda', 'imputation:strategy': 'most_frequent', 'preprocessor:__choice__': 'extra_trees_preproc_for_classification', 'rescaling:__choice__': 'quantile_transformer', 'categorical_encoding:one_hot_encoding:use_minimum_fraction': 'True', 'classifier:lda:n_components': 54, 'classifier:lda:shrinkage': 'manual', 'classifier:lda:tol': 0.00019829232569575913, 'preprocessor:extra_trees_preproc_for_classification:bootstrap': 'False', 'preprocessor:extra_trees_preproc_for_classification:criterion': 'gini', 'preprocessor:extra_trees_preproc_for_classification:max_depth': 'None', 'preprocessor:extra_trees_preproc_for_classification:max_features': 0.5, 'preprocessor:extra_trees_preproc_for_classification:max_leaf_nodes': 'None', 'preprocessor:extra_trees_preproc_for_classification:min_impurity_decrease': 0.0, 'preprocessor:extra_trees_preproc_for_classification:min_samples_leaf': 1, 'preprocessor:extra_trees_preproc_for_classification:min_samples_split': 2, 'preprocessor:extra_trees_preproc_for_classification:min_weight_fraction_leaf': 0.0, 'preprocessor:extra_trees_preproc_for_classification:n_estimators': 100, 'rescaling:quantile_transformer:n_quantiles': 963, 'rescaling:quantile_transformer:output_distribution': 'uniform', 'categorical_encoding:one_hot_encoding:minimum_fraction': 0.010000000000000004, 'classifier:lda:shrinkage_factor': 0.35819545981070744},
dataset_properties={
  'task': 1,
  'sparse': False,
  'multilabel': False,
  'multiclass': False,
  'target_type': 'classification',
  'signed': False})), (0.02, SimpleClassificationPipeline({'balancing:strategy': 'weighting', 'categorical_encoding:__choice__': 'one_hot_encoding', 'classifier:__choice__': 'lda', 'imputation:strategy': 'most_frequent', 'preprocessor:__choice__': 'extra_trees_preproc_for_classification', 'rescaling:__choice__': 'quantile_transformer', 'categorical_encoding:one_hot_encoding:use_minimum_fraction': 'True', 'classifier:lda:n_components': 226, 'classifier:lda:shrinkage': 'None', 'classifier:lda:tol': 0.00038083685965398137, 'preprocessor:extra_trees_preproc_for_classification:bootstrap': 'False', 'preprocessor:extra_trees_preproc_for_classification:criterion': 'gini', 'preprocessor:extra_trees_preproc_for_classification:max_depth': 'None', 'preprocessor:extra_trees_preproc_for_classification:max_features': 0.5, 'preprocessor:extra_trees_preproc_for_classification:max_leaf_nodes': 'None', 'preprocessor:extra_trees_preproc_for_classification:min_impurity_decrease': 0.0, 'preprocessor:extra_trees_preproc_for_classification:min_samples_leaf': 1, 'preprocessor:extra_trees_preproc_for_classification:min_samples_split': 2, 'preprocessor:extra_trees_preproc_for_classification:min_weight_fraction_leaf': 0.0, 'preprocessor:extra_trees_preproc_for_classification:n_estimators': 100, 'rescaling:quantile_transformer:n_quantiles': 1000, 'rescaling:quantile_transformer:output_distribution': 'uniform', 'categorical_encoding:one_hot_encoding:minimum_fraction': 0.010000000000000004},
dataset_properties={
  'task': 1,
  'sparse': False,
  'multilabel': False,
  'multiclass': False,
  'target_type': 'classification',
  'signed': False})), (0.02, SimpleClassificationPipeline({'balancing:strategy': 'weighting', 'categorical_encoding:__choice__': 'no_encoding', 'classifier:__choice__': 'lda', 'imputation:strategy': 'most_frequent', 'preprocessor:__choice__': 'select_percentile_classification', 'rescaling:__choice__': 'quantile_transformer', 'classifier:lda:n_components': 132, 'classifier:lda:shrinkage': 'manual', 'classifier:lda:tol': 0.06782201961158985, 'preprocessor:select_percentile_classification:percentile': 42.234625231461415, 'preprocessor:select_percentile_classification:score_func': 'f_classif', 'rescaling:quantile_transformer:n_quantiles': 1000, 'rescaling:quantile_transformer:output_distribution': 'uniform', 'classifier:lda:shrinkage_factor': 0.7532812763631092},
dataset_properties={
  'task': 1,
  'sparse': False,
  'multilabel': False,
  'multiclass': False,
  'target_type': 'classification',
  'signed': False})), (0.02, SimpleClassificationPipeline({'balancing:strategy': 'weighting', 'categorical_encoding:__choice__': 'one_hot_encoding', 'classifier:__choice__': 'lda', 'imputation:strategy': 'most_frequent', 'preprocessor:__choice__': 'select_percentile_classification', 'rescaling:__choice__': 'quantile_transformer', 'categorical_encoding:one_hot_encoding:use_minimum_fraction': 'False', 'classifier:lda:n_components': 236, 'classifier:lda:shrinkage': 'manual', 'classifier:lda:tol': 9.844456649448628e-05, 'preprocessor:select_percentile_classification:percentile': 50.11427598210795, 'preprocessor:select_percentile_classification:score_func': 'f_classif', 'rescaling:quantile_transformer:n_quantiles': 1000, 'rescaling:quantile_transformer:output_distribution': 'uniform', 'classifier:lda:shrinkage_factor': 0.05051790187991412},
dataset_properties={
  'task': 1,
  'sparse': False,
  'multilabel': False,
  'multiclass': False,
  'target_type': 'classification',
  'signed': False}))]",1.0,0.0,1.0,0.0,1.0,0.0,1.0,0.0
