,time_1,accuracy_1,precision_1,recall_1,f1score_1,model_1,accuracy_mean,accuracy_std,precision_mean,precision_std,recall_mean,recall_std,f1score_mean,f1score_std
leukemia,14422.730375051498,0.9444444444444444,0.949074074074074,0.9444444444444444,0.9435154217762913,"[(1.0, SimpleClassificationPipeline({'balancing:strategy': 'weighting', 'categorical_encoding:__choice__': 'no_encoding', 'classifier:__choice__': 'lda', 'imputation:strategy': 'mean', 'preprocessor:__choice__': 'select_rates', 'rescaling:__choice__': 'none', 'classifier:lda:n_components': 190, 'classifier:lda:shrinkage': 'auto', 'classifier:lda:tol': 0.00032984550337005234, 'preprocessor:select_rates:alpha': 0.11163395145168914, 'preprocessor:select_rates:mode': 'fwe', 'preprocessor:select_rates:score_func': 'chi2'},
dataset_properties={
  'task': 1,
  'sparse': False,
  'multilabel': False,
  'multiclass': False,
  'target_type': 'classification',
  'signed': False}))]",0.9444444444444444,0.0,0.949074074074074,0.0,0.9444444444444444,0.0,0.9435154217762913,0.0
phpSZJq5T,14406.460496902466,0.9333333333333333,0.9456790123456791,0.9333333333333333,0.9343604108309991,"[(1.0, SimpleClassificationPipeline({'balancing:strategy': 'weighting', 'categorical_encoding:__choice__': 'no_encoding', 'classifier:__choice__': 'gradient_boosting', 'imputation:strategy': 'most_frequent', 'preprocessor:__choice__': 'no_preprocessing', 'rescaling:__choice__': 'robust_scaler', 'classifier:gradient_boosting:criterion': 'mse', 'classifier:gradient_boosting:learning_rate': 0.12110439465877583, 'classifier:gradient_boosting:loss': 'deviance', 'classifier:gradient_boosting:max_depth': 10, 'classifier:gradient_boosting:max_features': 0.16623734530917, 'classifier:gradient_boosting:max_leaf_nodes': 'None', 'classifier:gradient_boosting:min_impurity_decrease': 0.0, 'classifier:gradient_boosting:min_samples_leaf': 20, 'classifier:gradient_boosting:min_samples_split': 12, 'classifier:gradient_boosting:min_weight_fraction_leaf': 0.0, 'classifier:gradient_boosting:n_estimators': 350, 'classifier:gradient_boosting:subsample': 0.5180180709792657, 'rescaling:robust_scaler:q_max': 0.8077085739496347, 'rescaling:robust_scaler:q_min': 0.29659799331394693},
dataset_properties={
  'task': 2,
  'sparse': False,
  'multilabel': False,
  'multiclass': True,
  'target_type': 'classification',
  'signed': False}))]",0.9333333333333333,0.0,0.9456790123456791,0.0,0.9333333333333333,0.0,0.9343604108309991,0.0
phpmcGu2X,14396.978362083435,0.9481481481481482,0.9493665490887713,0.9481481481481482,0.9473913747360074,"[(1.0, SimpleClassificationPipeline({'balancing:strategy': 'weighting', 'categorical_encoding:__choice__': 'no_encoding', 'classifier:__choice__': 'passive_aggressive', 'imputation:strategy': 'most_frequent', 'preprocessor:__choice__': 'no_preprocessing', 'rescaling:__choice__': 'minmax', 'classifier:passive_aggressive:C': 0.0067244704304611136, 'classifier:passive_aggressive:average': 'True', 'classifier:passive_aggressive:fit_intercept': 'True', 'classifier:passive_aggressive:loss': 'squared_hinge', 'classifier:passive_aggressive:tol': 0.0040673311249001245},
dataset_properties={
  'task': 2,
  'sparse': False,
  'multilabel': False,
  'multiclass': True,
  'target_type': 'classification',
  'signed': False}))]",0.9481481481481482,0.0,0.9493665490887713,0.0,0.9481481481481482,0.0,0.9473913747360074,0.0
