,error_1,time_1,accuracy_1,precision_1,recall_1,f1score_1,model_1,accuracy_mean,accuracy_std,precision_mean,precision_std,recall_mean,recall_std,f1score_mean,f1score_std
CovPokElec,Timeout,15840.000917673111,0.7358429380953166,0.7419041492895196,0.7358429380953166,0.7288909325863172,"[(0.56, SimpleClassificationPipeline({'balancing:strategy': 'none', 'categorical_encoding:__choice__': 'no_encoding', 'classifier:__choice__': 'extra_trees', 'imputation:strategy': 'mean', 'preprocessor:__choice__': 'select_percentile_classification', 'rescaling:__choice__': 'quantile_transformer', 'classifier:extra_trees:bootstrap': 'True', 'classifier:extra_trees:criterion': 'entropy', 'classifier:extra_trees:max_depth': 'None', 'classifier:extra_trees:max_features': 0.5683498784672967, 'classifier:extra_trees:max_leaf_nodes': 'None', 'classifier:extra_trees:min_impurity_decrease': 0.0, 'classifier:extra_trees:min_samples_leaf': 2, 'classifier:extra_trees:min_samples_split': 18, 'classifier:extra_trees:min_weight_fraction_leaf': 0.0, 'classifier:extra_trees:n_estimators': 100, 'preprocessor:select_percentile_classification:percentile': 71.84843534127627, 'preprocessor:select_percentile_classification:score_func': 'chi2', 'rescaling:quantile_transformer:n_quantiles': 125, 'rescaling:quantile_transformer:output_distribution': 'normal'},
dataset_properties={
  'task': 2,
  'sparse': False,
  'multilabel': False,
  'multiclass': True,
  'target_type': 'classification',
  'signed': False})), (0.44, SimpleClassificationPipeline({'balancing:strategy': 'none', 'categorical_encoding:__choice__': 'no_encoding', 'classifier:__choice__': 'passive_aggressive', 'imputation:strategy': 'most_frequent', 'preprocessor:__choice__': 'kitchen_sinks', 'rescaling:__choice__': 'quantile_transformer', 'classifier:passive_aggressive:C': 0.0012671950812801224, 'classifier:passive_aggressive:average': 'False', 'classifier:passive_aggressive:fit_intercept': 'True', 'classifier:passive_aggressive:loss': 'squared_hinge', 'classifier:passive_aggressive:tol': 0.00024858759669811695, 'preprocessor:kitchen_sinks:gamma': 0.0005656735462273329, 'preprocessor:kitchen_sinks:n_components': 102, 'rescaling:quantile_transformer:n_quantiles': 866, 'rescaling:quantile_transformer:output_distribution': 'normal'},
dataset_properties={
  'task': 2,
  'sparse': False,
  'multilabel': False,
  'multiclass': True,
  'target_type': 'classification',
  'signed': False}))]",0.7358429380953166,0.0,0.7419041492895196,0.0,0.7358429380953166,0.0,0.7288909325863172,0.0
