,sklearn_accuracy_mean,sklearn_f1_score_mean,sklearn_model_1,sklearn_precision_mean,sklearn_recall_mean,sklearn_time_mean,sklearn_e_accuracy_mean,sklearn_e_f1_score_mean,sklearn_e_model_1,sklearn_e_precision_mean,sklearn_e_recall_mean,sklearn_e_time_mean,sklearn_m_accuracy_mean,sklearn_m_f1_score_mean,sklearn_m_model_1,sklearn_m_precision_mean,sklearn_m_recall_mean,sklearn_m_time_mean,sklearn_v_accuracy_mean,sklearn_v_f1_score_mean,sklearn_v_model_1,sklearn_v_precision_mean,sklearn_v_recall_mean,sklearn_v_time_mean,autoweka_accuracy_mean,autoweka_f1_score_mean,autoweka_model_1,autoweka_precision_mean,autoweka_recall_mean,autoweka_time_mean,recipe_valid_acc,recipe_valid_precision,recipe_valid_recall,recipe_valid_f1,recipe_train_acc,recipe_train_precision,recipe_train_recall,recipe_train_f1,recipe_test_acc,recipe_test_precision,recipe_test_recall,recipe_test_f1,smartml_model,smartml_train_acc,smartml_valid_acc,tpot_accuracy_mean,tpot_f1_score_mean,tpot_model_1,tpot_precision_mean,tpot_recall_mean,tpot_time_mean
AP_Breast_Lung,0.9689265536723164,0.9688883832766764,decision_tree,0.9689074191566712,0.9689265536723164,,0.96045197740113,0.9602948729568868,libsvm_svc,0.9603616476152936,0.96045197740113,,0.9661016949152542,0.9660253541239744,gradient_boosting,0.9660634258839642,0.9661016949152542,,0.9435028248587572,0.943876231317522,decision_tree,0.944658796870455,0.9435028248587572,,0.0,0.0,None,0.0,0.0,,0.9528301886792453,0.9530957372466806,0.9528301886792453,0.951940192239231,1.0,1.0,1.0,1.0,0.8898305084745762,0.8975526509715704,0.8898305084745762,0.8825852150497444,randomForest,1,"0.822033898305085
",,,None,,,
AP_Omentum_Ovary,0.8260869565217392,0.8161450370033122,extra_trees,0.8265940840143292,0.8260869565217392,,0.8164251207729469,0.7984864136764602,sgd,0.8187364341419341,0.8164251207729469,,0.7391304347826088,0.7297527706734868,extra_trees,0.7257998359310912,0.7391304347826088,,0.7874396135265699,0.757019741887602,random_forest,0.7948468860109809,0.7874396135265699,,0.0,0.0,None,0.0,0.0,,0.8225806451612904,0.8261241446725317,0.8225806451612904,0.8241184694247399,1.0,1.0,1.0,1.0,0.8115942028985508,0.8257648953301128,0.8115942028985508,0.7853687834981592,,,,,,None,,,
AP_Prostate_Ovary,0.9900497512437808,0.9898963896115752,multinomial_nb,0.9902306648575306,0.9900497512437808,,0.9900497512437808,0.9898963896115752,extra_trees,0.9902306648575306,0.9900497512437808,,0.9900497512437808,0.9900419541158486,gaussian_nb,0.9904955740776636,0.9900497512437808,,0.985074626865672,0.984673809158268,passive_aggressive,0.9855204496995541,0.985074626865672,,1.0,1.0,meta.Vote,1.0,1.0,,0.9833333333333333,0.9842592592592593,0.9833333333333333,0.9834733893557422,1.0,1.0,1.0,1.0,0.9701492537313433,0.9741293532338309,0.9701492537313433,0.9709337409985116,,,,,,None,,,
AirlinesCodrnaAdult,0.7870600821700012,0.7872791105682385,random_forest,0.7876431488958077,0.7870600821700012,,0.7868780600153048,0.7870621017252354,random_forest,0.7873383340652366,0.7868780600153048,,0.7868780600153048,0.7870621017252354,random_forest,0.7873383340652366,0.7868780600153048,,0.786878060015305,0.7870621017252349,random_forest,0.787338334065237,0.786878060015305,,0.0,0.0,None,0.0,0.0,,NA,NA,NA,NA,NA,NA,NA,NA,NA,NA,NA,NA,,,,,,None,,,
Amazon,0.7813333333333334,0.7707766817137301,liblinear_svc,0.8158997483997483,0.7813333333333334,,0.6426666666666666,0.6365896969951638,random_forest,0.6921121521753101,0.6426666666666666,,0.6337777777777778,0.6232967005991387,random_forest,0.6622869821536489,0.6337777777777778,,0.657777777777778,0.649239115590043,liblinear_svc,0.6842176280509611,0.657777777777778,,0.0,0.0,None,0.0,0.0,,0.7603550295857988,0.8025324938046833,0.7603550295857988,0.761326888102036,1.0,1.0,1.0,1.0,0.784,0.8406906204906204,0.784,0.7854902142004309,c50,0.397333333333333,"0.213333333333333
",,,None,,,
CovPokElec,0.444833764791883,0.27390982010643,None,0.1978770782989204,0.444833764791883,,0.612200292036063,0.4981263886572374,None,0.4473819878221874,0.612200292036063,,0.444833764791883,0.27390982010643,None,0.1978770782989204,0.444833764791883,,0.44806191750805696,0.331398990079588,qda,0.300667617295224,0.44806191750805696,,0.0,0.0,None,0.0,0.0,,NA,NA,NA,NA,NA,NA,NA,NA,NA,NA,NA,NA,,,,,,None,,,
GCM,0.75,0.7433201058201058,random_forest,0.8072916666666666,0.75,,0.7291666666666666,0.7250992063492064,liblinear_svc,0.8159722222222222,0.7291666666666666,,0.7291666666666666,0.7224867724867726,libsvm_svc,0.7864583333333334,0.7291666666666666,,0.8125,0.8139880952380952,adaboost,0.8538194444444445,0.8125,,0.0,0.0,None,0.0,0.0,,,,,,,,,,,,,,svm,0.782608695652174,"0.604166666666667
",,,None,,,
KDDCup99,0.9996518359580584,0.9996128664945596,random_forest,0.9995942456937472,0.9996518359580584,,0.999616749659258,0.9995785144921248,random_forest,0.9995633243021246,0.999616749659258,,0.9996329433356276,0.99959383174054,random_forest,0.9995777338589446,0.9996329433356276,,0.99961944860532,0.999580623134871,random_forest,0.999563965632071,0.99961944860532,,0.0,0.0,None,0.0,0.0,,0.9994602132157797,0.9994437006972389,0.9994602132157797,0.9994380053410873,0.9999946021078768,0.9999946050752804,0.9999946021078768,0.9999945985801817,0.4163070321039634,0.4188310124919002,0.4163070321039634,0.41751023344667804,svm,0.999916047517105,"0.998631634346788
",,,None,,,
MagicTelescope,0.8853838065194533,0.8831647138159633,gradient_boosting,0.8857982512050642,0.8853838065194533,,0.8689800210304942,0.8659423543304212,random_forest,0.8693864182959116,0.8689800210304942,,0.8849631966351209,0.8835083091128588,gradient_boosting,0.8843172035703285,0.8849631966351209,,0.8715036803364878,0.8687862865299631,random_forest,0.8716140199737189,0.8715036803364878,,0.833228181,0.828834595,trees.RandomForest,0.8320568490000001,0.833228181,,,,,,,,,,,,,,randomForest,0.994041359971959,"0.879495268138801
",,,None,,,
aaaData_for_UCI_named,1.0,1.0,decision_tree,1.0,1.0,,1.0,1.0,gradient_boosting,1.0,1.0,,1.0,1.0,adaboost,1.0,1.0,,1.0,1.0,decision_tree,1.0,1.0,,1.0,1.0,trees.RandomForest,1.0,1.0,,,,,,,,,,,,,,randomForest,1,"1
",1.0,1.0,None,1.0,1.0,
analcatdata_authorship,1.0,1.0,libsvm_svc,1.0,1.0,,0.995260663507109,0.995262751228572,qda,0.9953274147253188,0.995260663507109,,1.0,1.0,lda,1.0,1.0,,0.995260663507109,0.9952581533761158,lda,0.9953184602936076,0.995260663507109,,0.995260664,0.995258153,functions.Logistic,0.99531846,0.995260664,,,,,,,,,,,,,,knn,1,"0.995260663507109
",0.995260663507109,0.9952581533761158,None,0.9953184602936076,0.995260663507109,
arrhythmia,0.831858407079646,0.8286334424587809,gradient_boosting,0.8567253039787035,0.831858407079646,,0.8230088495575221,0.8181304667842044,sgd,0.8591709361900326,0.8230088495575221,,0.8141592920353983,0.8114691616886585,gradient_boosting,0.8313968188633758,0.8141592920353983,,0.8672566371681416,0.865868746166652,gradient_boosting,0.8815402857308116,0.8672566371681416,,0.805309735,0.8028992840000001,bayes.BayesNet,0.819406065,0.805309735,,,,,,,,,,,,,,naiveBayes,0.702064896755162,"0.654867256637168
",0.8230088495575221,0.8200458280657394,None,0.8438240059827994,0.8230088495575221,
audiology,0.9473684210526316,0.9468365823224988,bernoulli_nb,0.9470342522974101,0.9473684210526316,,0.9298245614035088,0.9310113519091848,lda,0.9347728295096716,0.9298245614035088,,0.9473684210526316,0.9455748905732893,libsvm_svc,0.9509569377990428,0.9473684210526316,,0.9473684210526316,0.9455748905732893,extra_trees,0.9509569377990428,0.9473684210526316,,0.929824561,0.926444017,functions.Logistic,0.9360623779999999,0.929824561,,,,,,,,,,,,,,svm,1,"0.894736842105263
",0.9473684210526316,0.9468365823224988,None,0.9470342522974101,0.9473684210526316,
avila-tr,0.9975081464443166,0.9975004211581192,gradient_boosting,0.9975176079433636,0.9975081464443166,,0.9965497412305924,0.9965776678659644,random_forest,0.9966723220510862,0.9965497412305924,,0.9988499137435308,0.9988488377681072,adaboost,0.9988555266734706,0.9988499137435308,,0.9938662066321641,0.9938646718636484,random_forest,0.9938930623454678,0.9938662066321641,,0.80333525,0.798213885,trees.RandomForest,0.80438475,0.80333525,,,,,,,,,,,,,,c50,1,"0.998466551658041
",,,None,,,
churn,0.9568,0.9543513373597928,random_forest,0.9564482896948014,0.9568,,0.9544,0.9515886961605924,random_forest,0.9540676776687482,0.9544,,0.948,0.94461853307785,random_forest,0.946928488791973,0.948,,0.948,0.94461853307785,random_forest,0.946928488791973,0.948,,0.9216,0.912490316,rules.JRip,0.9183693909999999,0.9216,,,,,,,,,,,,,,randomForest,0.986133333333333,"0.9576
",0.9536,0.9508168220356856,None,0.9530323076923076,0.9536,
cifar-10,,,,,,,,,None,,,,,,None,,,,,,None,,,,0.0,0.0,None,0.0,0.0,,0.28244444444444444,0.2894979819846175,0.28244444444444444,0.26140658003517764,0.2875333333333333,0.2982023922469028,0.2875333333333333,0.26648883934269607,0.28686666666666666,0.29971523592413324,0.28686666666666666,0.2667139572824652,bagging,0.874617737003058,"0.203133333333333
",,,,,,
connect-4,0.8122755081902507,0.7926063624739719,random_forest,0.7914731802613076,0.8122755081902507,,0.8004144464179989,0.7696741137770137,random_forest,0.7732795395033264,0.8004144464179989,,0.8004736530491415,0.7699151308490215,random_forest,0.7735129729059462,0.8004736530491415,,0.8062956384448391,0.7874040547057309,adaboost,0.7850005789039392,0.8062956384448391,,0.706927176,0.653940022,trees.RandomForest,0.663703672,0.706927176,,0.6948227090323005,0.6952971139155839,0.6948227090323005,0.6950588321105234,1.0,1.0,1.0,1.0,0.7211959739490823,0.7207566813272082,0.7211959739490823,0.7209750662720867,c50,0.922336037262913,"0.838247483718176
",,,None,,,
dataset_183_adult,0.8533562634782846,0.8508751835927256,gradient_boosting,0.8494737623952506,0.8533562634782846,,0.8521824584391123,0.8498335983690946,lda,0.8484148565101254,0.8521824584391123,,0.8564409139300629,0.8518581556094448,random_forest,0.8507496857163734,0.8564409139300629,,0.8536292413943709,0.8487077956429671,extra_trees,0.84753716669589,0.8536292413943709,,0.845549095,0.839809865,meta.Bagging,0.838465624,0.845549095,,0.8253867151956324,0.8432421491134039,0.8253867151956324,0.8313560833392284,0.8386066446452458,0.8403874657703261,0.8386066446452458,0.8394433939724497,0.8375235443452624,0.8369953453961908,0.8375235443452624,0.8372542500714177,randomForest,0.885042723376375,"0.854803046433544
",,,None,,,
dataset_185_yeast,0.5929919137466307,0.5879136428924411,adaboost,0.5926816785513261,0.5929919137466307,,0.5974842767295598,0.5920476589555417,sgd,0.6008636587593225,0.5974842767295598,,0.5822102425876011,0.5771125188961604,random_forest,0.583205065471989,0.5822102425876011,,0.575022461814915,0.5677897367106329,random_forest,0.5708213334068001,0.575022461814915,,0.58490566,0.574664534,functions.MultilayerPerceptron,0.58914712,0.58490566,,0.5688622754491018,0.615071131807861,0.5688622754491018,0.5596298203708321,0.7996406109613656,0.800580364843951,0.7996406109613656,0.7983120907978771,0.522911051212938,0.5417567487188156,0.522911051212938,0.5204909944221887,bagging,0.554357592093441,"0.566037735849057
",0.6001796945193171,0.5915253728655314,None,0.5984733842094018,0.6001796945193171,
dataset_186_satimage,0.918117744610282,0.9170090798255972,random_forest,0.916970862037649,0.918117744610282,,0.9073383084577116,0.9057127290341538,lda,0.9060867231708823,0.9073383084577116,,0.9081674958540632,0.9067418963574682,random_forest,0.9065806318346272,0.9081674958540632,,0.903606965174129,0.901661930330953,random_forest,0.9014809718788159,0.903606965174129,,0.913557214,0.9122558940000001,meta.AdaBoostM1,0.912068785,0.913557214,,0.9149965445749827,0.9123077756829792,0.9149965445749827,0.9117948042246383,1.0,1.0,1.0,1.0,0.9185323383084577,0.9169702046610154,0.9185323383084577,0.9168612490842232,randomForest,1,"0.911069651741294
",,,None,,,
dataset_187_abalone,0.26507177033492824,0.2359164872578061,adaboost,0.2216050441620585,0.26507177033492824,,0.2523125996810208,0.22091565455723225,adaboost,0.21627994590000701,0.2523125996810208,,0.2688995215311005,0.2389824844685442,libsvm_svc,0.22498409454558,0.2688995215311005,,0.24465709728867602,0.22372922228094802,random_forest,0.21770008418322398,0.24465709728867602,,0.266283525,0.078151133,None,0.076535543,0.088761175,,NA,NA,NA,NA,NA,NA,NA,NA,NA,NA,NA,NA,bagging,0.281928480204342,"0.238277511961722
",,,None,,,
dataset_189_baseball,0.9313432835820896,0.9185910447761194,lda,0.9158115671641792,0.9313432835820896,,0.928358208955224,0.9115332428765264,adaboost,0.9053397608232132,0.928358208955224,,0.9343283582089552,0.9260302963447944,gradient_boosting,0.9245061920517452,0.9343283582089552,,0.9283582089552241,0.9012473179128055,gaussian_nb,0.8824262832180559,0.9283582089552241,,0.9283582090000001,0.910077593,functions.Logistic,0.907978625,0.9283582090000001,,,,,,,,,,,,,,randomForest,0.968159203980099,"0.934328358208955
",0.9402985074626866,0.93068916550849,None,0.9313071899793464,0.9402985074626866,
dataset_194_eucalyptus,0.7065217391304348,0.6987558382425706,adaboost,0.7038422992714872,0.7065217391304348,,0.6902173913043478,0.6799000606633803,adaboost,0.7004259866757189,0.6902173913043478,,0.6902173913043478,0.6849091597510113,gradient_boosting,0.6822412407047633,0.6902173913043478,,0.6956521739130435,0.6968008378281099,gradient_boosting,0.6989001035196687,0.6956521739130435,,0.5978260870000001,0.57935821,functions.Logistic,0.5989949920000001,0.5978260870000001,,,,,,,,,,,,,,svm,0.793478260869565,"0.684782608695652
",0.7119565217391305,0.7024089113545253,None,0.7185981268259151,0.7119565217391305,
dataset_24_mushroom,1.0,1.0,extra_trees,1.0,1.0,,0.9993435089446906,0.9993435042495808,sgd,0.9993451135870488,0.9993435089446906,,1.0,1.0,gradient_boosting,1.0,1.0,,1.0,1.0,sgd,1.0,1.0,,0.9881831609999999,0.988180892,trees.RandomForest,0.9884548120000001,0.9881831609999999,,1.0,1.0,1.0,1.0,1.0,1.0,1.0,1.0,1.0,1.0,1.0,1.0,c50,1,"1
",1.0,1.0,None,1.0,1.0,
dataset_26_nursery,0.9996913580246912,0.9995379611148074,libsvm_svc,0.9993863903586124,0.9996913580246912,,0.9972222222222222,0.9970664046545704,lda,0.996915309977658,0.9972222222222222,,0.9996913580246912,0.9995379611148074,libsvm_svc,0.9993863903586124,0.9996913580246912,,0.9956790123456792,0.995846003636124,liblinear_svc,0.9960498194427184,0.9956790123456792,,0.9848765429999999,0.984446362,meta.AttributeSelectedClassifier,0.98441192,0.9848765429999999,,,,,,,,,,,,,,c50,0.999794238683128,"0.997530864197531
",0.9993827160493828,0.9993835694349921,None,0.9993863903586124,0.9993827160493828,
dataset_28_optdigits,0.9886120996441279,0.9886038047499306,lda,0.9887689735608378,0.9886120996441279,,0.9736654804270464,0.9736632583501432,sgd,0.9738746763263028,0.9736654804270464,,0.9829181494661922,0.982950834966576,qda,0.983106563056367,0.9829181494661922,,0.9686832740213523,0.9686354904763452,random_forest,0.9687959079618379,0.9686832740213523,,0.9836298929999999,0.9836000140000001,lazy.IBk,0.983887435,0.9836298929999999,,,,,,,,,,,,,,rda,0.98932384341637,"0.975800711743772
",,,None,,,
dataset_31_credit-g,0.7520000000000001,0.7403455961559122,liblinear_svc,0.7383574546688895,0.7520000000000001,,0.7600000000000001,0.7398092755589157,sgd,0.7467788579923381,0.7600000000000001,,0.7413333333333334,0.7302608706253534,gradient_boosting,0.7273477282950968,0.7413333333333334,,0.754666666666667,0.7350053497643728,lda,0.739485606630197,0.754666666666667,,0.7506666670000001,0.72280802,bayes.BayesNet,0.737781437,0.7506666670000001,,0.7555555555555555,0.7491958772046737,0.7555555555555555,0.7515886240511321,1.0,1.0,1.0,1.0,0.668,0.6855240110006346,0.668,0.6750379449971601,svm,0.790666666666667,"0.768
",0.7520000000000001,0.7320897369157883,None,0.7372267725918569,0.7520000000000001,
dataset_36_segment,0.9809688581314879,0.9810790679059282,adaboost,0.9813314306292119,0.9809688581314879,,0.9757785467128028,0.9757836228062288,adaboost,0.9765818300872232,0.9757785467128028,,0.9826989619377162,0.9828334367386076,gradient_boosting,0.9832338365210336,0.9826989619377162,,0.9653979238754326,0.9653937080879968,gradient_boosting,0.966044329527884,0.9653979238754326,,0.977508651,0.9775613790000001,trees.RandomForest,0.977717059,0.977508651,,,,,,,,,,,,,,bagging,0.940531177829099,"0.937716262975779
",0.9792387543252596,0.9793353037110052,None,0.9798054570580736,0.9792387543252596,
dataset_39_ecoli,0.9007936507936508,0.9076395086227818,gradient_boosting,0.9247260015117158,0.9007936507936508,,0.8968253968253967,0.9012506974115808,libsvm_svc,0.9169591982091982,0.8968253968253967,,0.873015873015873,0.8804775333690699,lda,0.8983354964792934,0.873015873015873,,0.873015873015873,0.8828644307742279,random_forest,0.9059944684944681,0.873015873015873,,0.900793651,0.905901848,lazy.IBk,0.9137960740000001,0.900793651,,0.7894736842105263,0.7651788785689714,0.7894736842105263,0.7761879394843384,0.9444444444444444,0.9503002711805969,0.9444444444444444,0.9440959072160349,0.47619047619047616,0.44062500000000004,0.47619047619047616,0.3268781196689202,svm,0.892857142857143,"0.892857142857143
",0.8928571428571428,0.8948693575677703,None,0.9029166881177424,0.8928571428571428,
dataset_40_sonar,0.7884615384615384,0.7885397990836391,extra_trees,0.7892011834319527,0.7884615384615384,,0.8653846153846154,0.8652347652347653,extra_trees,0.8657280219780219,0.8653846153846154,,0.7692307692307693,0.7685470085470084,extra_trees,0.7770730019605582,0.7692307692307693,,0.9230769230769232,0.9230769230769232,sgd,0.9230769230769232,0.9230769230769232,,0.75,0.748600224,lazy.IBk,0.752272727,0.75,,,,,,,,,,,,,,svm,0.865384615384615,"0.769230769230769
",0.75,0.7486002239641658,None,0.7522727272727271,0.75,
dataset_42_soybean,0.9181286549707602,0.897033196016862,adaboost,0.8872152322444721,0.9181286549707602,,0.912280701754386,0.8912807919185932,adaboost,0.879350181981761,0.912280701754386,,0.912280701754386,0.9011310628971804,gradient_boosting,0.905444458076037,0.912280701754386,,0.9005847953216374,0.8833106525923474,libsvm_svc,0.8925759317572182,0.9005847953216374,,0.901840491,0.89740228,trees.RandomForest,0.911055305,0.901840491,,,,,,,,,,,,,,naiveBayes,0.619140625,"0.60233918128655
",0.912280701754386,0.8920335215059094,None,0.8791379854995416,0.912280701754386,
dataset_44_spambase,0.959455545902114,0.9593338754603274,adaboost,0.9595214168048716,0.959455545902114,,0.9571387199536634,0.9570331945675508,sgd,0.9572503389315328,0.9571387199536634,,0.9545322907616566,0.9543946486160152,gradient_boosting,0.9545703009054864,0.9545322907616566,,0.9545322907616559,0.954380595160308,gradient_boosting,0.954676692161268,0.9545322907616559,,0.944396177,0.944102395,trees.RandomForest,0.944682703,0.944396177,,0.936231884057971,0.936131139991077,0.936231884057971,0.9360899264321803,0.9736231884057971,0.973680101708155,0.9736231884057971,0.973641344536645,0.9548218940052129,0.9547656815938378,0.9548218940052129,0.954766549791703,randomForest,0.985797101449275,"0.958297132927889
",0.9577179264407758,0.9576166305717052,None,0.9577572620124976,0.9577179264407758,
dataset_54_vehicle,0.8443396226415094,0.8433223422125595,adaboost,0.8427157237498996,0.8443396226415094,,0.8160377358490566,0.8129489822053639,adaboost,0.8148145481290229,0.8160377358490566,,0.8349056603773585,0.8342134971377255,lda,0.8335953878406709,0.8349056603773585,,0.8066037735849056,0.8022023456470644,gradient_boosting,0.8062009199437141,0.8066037735849056,,0.0,0.0,None,0.0,0.0,,,,,,,,,,,,,,rda,0.865930599369085,"0.834905660377358
",0.8066037735849056,0.8016627662947395,None,0.8023179876902825,0.8066037735849056,
dataset_59_ionosphere,0.9318181818181818,0.9300249721056264,gradient_boosting,0.93841642228739,0.9318181818181818,,0.9318181818181818,0.9300249721056264,lda,0.9384164222873901,0.9318181818181818,,0.9659090909090908,0.9655154538974924,gradient_boosting,0.9676425269645608,0.9659090909090908,,0.9090909090909092,0.9076280041797282,passive_aggressive,0.9103896103896104,0.9090909090909092,,0.943181818,0.941988332,functions.SMO,0.9478390459999999,0.943181818,,,,,,,,,,,,,,rda,0.935361216730038,"0.909090909090909
",0.9204545454545454,0.91790974763111,None,0.9292929292929292,0.9204545454545454,
dataset_60_waveform-5000,0.8592000000000001,0.8589068637370411,lda,0.8596775493386667,0.8592000000000001,,0.8704000000000001,0.8700131822052416,sgd,0.8711552235876542,0.8704000000000001,,0.8672,0.8670486302798261,sgd,0.8673811411060847,0.8672,,0.862933333333333,0.8627267666360829,gradient_boosting,0.863349082398009,0.862933333333333,,0.8616,0.861602607,functions.Logistic,0.8616561509999999,0.8616,,0.8622222222222222,0.8641835248907442,0.8622222222222222,0.8612922115620714,0.9101333333333333,0.9133511687346477,0.9101333333333333,0.9096377622373392,0.8688,0.869356917615018,0.8688,0.8683525697488798,randomForest,0.999733333333333,"0.8504
",,,None,,,
dataset_61_iris,0.9649122807017544,0.9653833934014436,lda,0.9698564593301436,0.9649122807017544,,0.9824561403508772,0.982748538011696,gaussian_nb,0.985645933014354,0.9824561403508772,,0.9649122807017544,0.9653833934014436,gaussian_nb,0.9698564593301436,0.9649122807017544,,0.964912280701754,0.9653833934014441,lda,0.9698564593301428,0.964912280701754,,0.9649122809999999,0.964899484,trees.REPTree,0.9681704259999999,0.9649122809999999,,0.9705882352941176,0.9726890756302521,0.9705882352941176,0.9703589037954363,0.9821428571428571,0.9829734219269104,0.9821428571428571,0.982084879406308,0.7368421052631579,0.7791537667698659,0.7368421052631579,0.7121259029927761,naiveBayes,0.946428571428571,"0.973684210526316
",0.9649122807017544,0.9653833934014436,None,0.9698564593301436,0.9649122807017544,
dataset_6_letter,0.9644,0.9644098928888856,lda,0.9646577168595408,0.9644,,0.9502,0.9502090842385904,lda,0.9505768367777316,0.9502,,0.9616,0.9616165886596036,extra_trees,0.961812367434642,0.9616,,0.951,0.9510166165040641,random_forest,0.951389685071472,0.951,,0.935,0.9351028579999999,trees.RandomForest,0.935594452,0.935,,,,,,,,,,,,,,svm,0.989466666666667,"0.972
",,,None,,,
dataset_9_autos,0.8076923076923076,0.8058552558552559,gradient_boosting,0.8140240070387129,0.8076923076923076,,0.8076923076923078,0.8072379220505407,adaboost,0.8276748306160071,0.8076923076923078,,0.8205128205128206,0.8203742494065075,gradient_boosting,0.830115635997989,0.8205128205128206,,0.8076923076923079,0.8118558883645091,gradient_boosting,0.8307814776140571,0.8076923076923079,,0.762820513,0.762068575,trees.RandomForest,0.7693393070000001,0.762820513,,NA,NA,NA,NA,NA,NA,NA,NA,NA,NA,NA,NA,naiveBayes,0.202614379084967,0.134615384615385,0.6410256410256411,0.6520466461642932,None,0.6851867045305959,0.6410256410256411,
devnagari,0.8862173913043478,0.8859810285320476,random_forest,0.8877382841777232,0.8862173913043478,,0.8864202898550725,0.8862042704969003,random_forest,0.888214371664677,0.8864202898550725,,0.8862173913043478,0.8859810285320476,random_forest,0.8877382841777232,0.8862173913043478,,0.886217391304348,0.885981028532048,random_forest,0.887738284177723,0.886217391304348,,0.0,0.0,None,0.0,0.0,,0.5584541062801932,0.5571688710272914,0.5584541062801932,0.5573236455125329,1.0,1.0,1.0,1.0,0.5857391304347827,0.586966314983441,0.5857391304347827,0.5857984346769778,svm,1,"0.406478260869565
",,,None,,,
electricity-normalized,0.9148717043314502,0.9149648540315736,sgd,0.91516045933242,0.9148717043314502,,0.8955096516007534,0.8952147909165009,adaboost,0.8955684716383601,0.8955096516007534,,0.9151659604519774,0.9152954445678948,gradient_boosting,0.9156230098842468,0.9151659604519774,,0.890625,0.89043995158536,random_forest,0.8904364513165541,0.890625,,0.734375,0.735165733,trees.RandomForest,0.73666638,0.734375,,0.8586700666928208,0.8604676317440034,0.8586700666928208,0.8590943236980554,0.8855049435028248,0.8869009935717647,0.8855049435028248,0.8858167557650451,0.80420197740113,0.8187251829378933,0.80420197740113,0.7965238468928802,randomForest,0.995056497175141,"0.916754943502825
",,,None,,,
eye_movements,0.6826383808827116,0.6823021621478481,extra_trees,0.6822133957861817,0.6826383808827116,,0.6570348695440137,0.6578107993933028,lda,0.6620296024336996,0.6570348695440137,,0.6823945379175811,0.6817532610507421,gradient_boosting,0.6815977763876838,0.6823945379175811,,0.6437454279444039,0.6448330609728629,random_forest,0.64848782109687,0.6437454279444039,,0.38405267,0.38428316799999995,rules.OneR,0.385946303,0.38405267,,0.6940268183665177,0.6978377346111301,0.6940268183665177,0.6952657357722404,1.0,1.0,1.0,1.0,0.7560351133869788,0.7568142069846728,0.7560351133869788,0.7563640882539913,randomForest,0.999878078517435,"0.697512801755669
",,,None,,,
gina_agnostic,0.9238754325259516,0.9238896336594454,extra_trees,0.9239432052648576,0.9238754325259516,,0.9250288350634372,0.9250396252571264,random_forest,0.9250725924450752,0.9250288350634372,,0.9515570934256056,0.951561871087252,gradient_boosting,0.951576790582192,0.9515570934256056,,0.9342560553633218,0.9342655175331724,random_forest,0.9342973787060316,0.9342560553633218,,0.8881199540000001,0.888071893,functions.SMO,0.8881399640000001,0.8881199540000001,,,,,,,,,,,,,,plsda,0.808551992225462,"0.806228373702422
",,,None,,,
hiva_agnostic,0.965658475110271,0.9561548452968304,adaboost,0.95862578330294,0.965658475110271,,0.9653434152488972,0.9568509134482508,random_forest,0.9574983537273236,0.9653434152488972,,0.9650283553875236,0.9566734781633124,random_forest,0.9566963412703586,0.9650283553875236,,0.9650283553875241,0.956673478163312,random_forest,0.956696341270359,0.9650283553875241,,0.9640831759999999,0.957690587,trees.RandomForest,0.9559282309999999,0.9640831759999999,,0.9642857142857143,0.958804636223991,0.9642857142857143,0.961075361075361,0.9949542730999684,0.9948710758399687,0.9949542730999684,0.9948359155771318,0.9669187145557656,0.9602785250351413,0.9669187145557656,0.9606556138112868,svm,1,"0.962192816635161
",,,None,,,
ipums_la_99-small,0.9317051108095884,0.9130166539902804,random_forest,0.9118572315742336,0.9317051108095884,,0.9289914066033468,0.9074983069905292,random_forest,0.9019606010674494,0.9289914066033468,,0.9311020654304236,0.9051323327409868,gradient_boosting,0.9136912561132464,0.9311020654304236,,0.931705110809588,0.9011486631253092,random_forest,0.9169299083781519,0.931705110809588,,0.850439883,0.7817038540000001,rules.ZeroR,0.7232479940000001,0.850439883,,NA,NA,NA,NA,NA,NA,NA,NA,NA,NA,NA,NA,randomForest,0.951605608322026,"0.933061962912709
",,,None,,,
jm1,0.8192505510653931,0.7774539865552419,random_forest,0.7903788553629217,0.8192505510653931,,0.8170462894930198,0.7650121634340965,random_forest,0.7894549677104168,0.8170462894930198,,0.8100661278471712,0.7756244425547311,random_forest,0.7745885967578688,0.8100661278471712,,0.8111682586333578,0.7659375213541129,random_forest,0.7730744516294661,0.8111682586333578,,0.8111682590000001,0.767502742,meta.Vote,0.773368278,0.8111682590000001,,,,,,,,,,,,,,plsda,0.813303932377802,"0.815576781778104
",0.8192505510653931,0.7834111702805144,None,0.7898202073525724,0.8192505510653931,
jungle_chess_2pcs_endgame_panther_lion,1.0,1.0,liblinear_svc,1.0,1.0,,1.0,1.0,adaboost,1.0,1.0,,1.0,1.0,gradient_boosting,1.0,1.0,,1.0,1.0,adaboost,1.0,1.0,,0.984693878,0.984497616,trees.J48,0.984426584,0.984693878,,,,,,,,,,,,,,c50,1,"1
",1.0,1.0,None,1.0,1.0,
kin8nm,0.896484375,0.8964701279877507,libsvm_svc,0.8964713003268481,0.896484375,,0.84912109375,0.8491039700455901,random_forest,0.8490969848644481,0.84912109375,,0.89697265625,0.8969905911933798,libsvm_svc,0.8970432017195735,0.89697265625,,0.8671875,0.8672171814637244,liblinear_svc,0.8673064453902529,0.8671875,,0.78515625,0.7850814770000001,functions.MultilayerPerceptron,0.7850802179999999,0.78515625,,,,,,,,,,,,,,knn,0.887532552083333,"0.857421875
",0.85546875,0.8555233896995857,None,0.8558130222073015,0.85546875,
leukemia,1.0,1.0,passive_aggressive,1.0,1.0,,1.0,1.0,lda,1.0,1.0,,1.0,1.0,passive_aggressive,1.0,1.0,,0.944444444444444,0.9430776014109352,lda,0.952457264957265,0.944444444444444,,1.0,1.0,bayes.NaiveBayes,1.0,1.0,,1.0,1.0,1.0,1.0,1.0,1.0,1.0,1.0,0.8333333333333334,0.8690476190476191,0.8333333333333334,0.8206060606060606,knn,1,"0.722222222222222
",0.9444444444444444,0.9435154217762912,None,0.949074074074074,0.9444444444444444,
lymphoma_2classes,0.5555555555555555,0.5428571428571428,random_forest,0.5555555555555555,0.5555555555555555,,0.8333333333333334,0.8317793317793317,gaussian_nb,0.8692129629629631,0.8333333333333334,,0.7777777777777778,0.7777777777777778,random_forest,0.7777777777777778,0.7777777777777778,,0.7222222222222221,0.723387723387723,lda,0.744179894179894,0.7222222222222221,,0.75,0.7517482520000001,trees.RandomForest,0.7638888890000001,0.75,,0.9,0.9166666666666667,0.9,0.898989898989899,1.0,1.0,1.0,1.0,0.3333333333333333,0.15151515151515152,0.3333333333333333,0.20833333333333337,knn,0.666666666666667,"0.583333333333333
",,,None,,,
mfeat-pixel,0.9940000000000001,0.9939131486289432,extra_trees,0.9940395604395604,0.9940000000000001,,0.994,0.9939131486289432,k_nearest_neighbors,0.9940395604395604,0.994,,0.9953333333333332,0.9952984865362848,lda,0.9953338397071114,0.9953333333333332,,0.994666666666667,0.9945960530258108,random_forest,0.994698914008165,0.994666666666667,,0.996,0.995961862,functions.SMO,0.9960176209999999,0.996,,1.0,1.0,1.0,1.0,1.0,1.0,1.0,1.0,0.994,0.9940395604395604,0.994,0.9939131486289433,plsda,0.988,"0.988
",0.995,0.9949375052242456,None,0.9950285907924674,0.995,
mnist_784,0.9641333333333332,0.9641254367516232,random_forest,0.9641699365054298,0.9641333333333332,,0.9642857142857144,0.9642743911582748,random_forest,0.9643138542302488,0.9642857142857144,,0.9641714285714286,0.9641589974689524,random_forest,0.9641974738140248,0.9641714285714286,,0.9641714285714279,0.9641589974689521,random_forest,0.9641974738140252,0.9641714285714279,,0.0,0.0,None,0.0,0.0,,0.9067936507936508,0.9078888688836324,0.9067936507936508,0.9069087554273577,0.9196952380952381,0.9203134079874488,0.9196952380952381,0.9197202021027898,0.9058285714285714,0.9070322709547973,0.9058285714285714,0.9060391220542611,bagging,0.742745098039216,"0.686514285714286
",,,None,,,
openml_phpJNxH0q,0.9733333333333332,0.9731165921214932,extra_trees,0.9736387324501692,0.9733333333333332,,0.9638095238095238,0.963298060110874,sgd,0.9646960335754398,0.9638095238095238,,0.9771428571428572,0.977098760492958,extra_trees,0.9771028411364546,0.9771428571428572,,0.977142857142857,0.9771507725908628,sgd,0.9772068184774648,0.977142857142857,,0.9828571429999999,0.9828174559999999,bayes.NaiveBayes,0.98285114,0.9828571429999999,,0.9556962025316456,0.9559621316881184,0.9556962025316456,0.9557877111443027,0.9522900763358778,0.95276254134634,0.9522900763358778,0.9524331445212276,0.96,0.9602475685234305,0.96,0.9600888066604996,naiveBayes,0.958015267175573,"0.971428571428571
",0.9542857142857144,0.9541495291289932,None,0.9542541791739656,0.9542857142857144,
page-blocks,0.9788166544923299,0.9787843300026392,adaboost,0.9787545819399102,0.9788166544923299,,0.975164353542732,0.9750882556577536,extra_trees,0.9750223429955364,0.975164353542732,,0.9773557341124908,0.9771079644216216,gradient_boosting,0.9769900267274694,0.9773557341124908,,0.9773557341124908,0.9771801783360192,random_forest,0.9770700836773012,0.9773557341124908,,0.9773557340000001,0.97695999,trees.RandomForest,0.976892731,0.9773557340000001,,,,,,,,,,,,,,randomForest,0.992690058479532,"0.97881665449233
",0.9788166544923299,0.9787189042467248,None,0.9786446106041468,0.9788166544923299,
php0FyS2T,0.6475,0.6433375929625931,random_forest,0.724015873015873,0.6475,,0.565,0.5537353618603619,random_forest,0.6199771825396825,0.565,,0.5925,0.5875674741924742,random_forest,0.6557708333333335,0.5925,,0.5925,0.5875674741924742,random_forest,0.6557708333333335,0.5925,,0.4925,0.486282676,bayes.NaiveBayes,0.549193452,0.4925,,,,,,,,,,,,,,svm,0.958333333333333,"0.71
",,,None,,,
php3CTpvq,0.6537647657568371,0.6547599442416616,lda,0.6591197085337405,0.6537647657568371,,0.6541308404539327,0.6532748488765185,lda,0.6549841049284204,0.6541308404539327,,0.6542736988723113,0.6531923527111614,random_forest,0.6543594546631789,0.6542736988723113,,0.654273698872311,0.653192352711161,random_forest,0.6543594546631789,0.654273698872311,,0.5411566170000001,0.541592702,trees.RandomForest,0.544967482,0.5411566170000001,,0.4754761904761905,0.4752370688919976,0.4754761904761905,0.47527125092941314,1.0,1.0,1.0,1.0,0.5145313797444621,0.5131180384524172,0.5145313797444621,0.513735247300377,randomForest,0.962499665175582,"0.659711247421852
",,,None,,,
php5OMDBD,0.996,0.9959358288770054,multinomial_nb,0.9964444444444444,0.996,,1.0,1.0,k_nearest_neighbors,1.0,1.0,,0.976,0.9771389436157236,adaboost,0.9858095238095238,0.976,,1.0,1.0,gaussian_nb,1.0,1.0,,0.992,0.9923555559999999,trees.RandomTree,0.9946666670000001,0.992,,,,,,,,,,,,,,randomForest,1,"1
",1.0,1.0,None,1.0,1.0,
php5s7Ep8,0.7818930041152263,0.7807281222578735,adaboost,0.7863172823501875,0.7818930041152263,,0.7860082304526749,0.7836577244626731,adaboost,0.7893274935876374,0.7860082304526749,,0.7633744855967078,0.7640622962677103,gradient_boosting,0.7680339332996888,0.7633744855967078,,0.7695473251028807,0.7666638363149467,gradient_boosting,0.7726067584789209,0.7695473251028807,,0.775720165,0.768011817,trees.RandomForest,0.784187647,0.775720165,,,,,,,,,,,,,,svm,0.75807560137457,"0.720164609053498
",0.8106995884773662,0.8086623864521606,None,0.8140402469441654,0.8106995884773662,
php7KLval,0.8,0.7687804878048781,adaboost,0.7904334828101643,0.8,,0.792,0.7672227722772277,random_forest,0.7746728110599078,0.792,,0.816,0.7872780487804879,random_forest,0.8158086696562034,0.816,,0.8,0.7631502078418155,extra_trees,0.7969354529783567,0.8,,0.748,0.64016476,trees.J48,0.559504,0.748,,,,,,,,,,,,,,randomForest,0.833333333333333,"0.76
",,,None,,,
phpB0xrNj,0.9586324786324788,0.958615571161134,libsvm_svc,0.9592888483957508,0.9586324786324788,,0.9452991452991454,0.9452784097866344,qda,0.9464460159895248,0.9452991452991454,,0.9516239316239316,0.9516032814368586,libsvm_svc,0.9526333545950528,0.9516239316239316,,0.936410256410256,0.9363160591621328,random_forest,0.9379460759931841,0.936410256410256,,0.8794871790000001,0.879336453,trees.RandomForest,0.88523361,0.8794871790000001,,0.9452991452991453,0.9478894762333624,0.9452991452991453,0.9453056240699416,0.9970925260817514,0.9971057422928113,0.9970925260817514,0.9970928222984973,0.8476923076923077,0.9078199725731675,0.8476923076923077,0.8535683801722428,svm,1,"0.911794871794872
",,,None,,,
phpCsX3fx,0.7525,0.7522653596403596,random_forest,0.8217023809523809,0.7525,,0.7475,0.7502476412476413,adaboost,0.8273988095238096,0.7475,,0.7525,0.7522653596403596,random_forest,0.8217023809523809,0.7525,,0.7525,0.7522653596403596,random_forest,0.8217023809523809,0.7525,,0.7825,0.785017194,bayes.NaiveBayes,0.8392420629999999,0.7825,,,,,,,,,,,,,,svm,0.9975,"0.8175
",,,None,,,
phpEZ030X,0.75,0.7420634920634921,random_forest,0.8409090909090908,0.75,,0.8125,0.8102941176470588,adaboost,0.8687499999999999,0.8125,,0.75,0.7420634920634921,random_forest,0.8409090909090908,0.75,,0.75,0.7420634920634921,passive_aggressive,0.8409090909090908,0.75,,0.75,0.75,rules.OneR,0.773809524,0.75,,,,,,,,,,,,,,svm,1,"0.5
",,,None,,,
phpGReJjU,1.0,1.0,k_nearest_neighbors,1.0,1.0,,0.9998252664686356,0.9998253320494638,qda,0.9998262488651166,0.9998252664686356,,1.0,1.0,gradient_boosting,1.0,1.0,,1.0,1.0,random_forest,1.0,1.0,,1.0,1.0,trees.RandomForest,1.0,1.0,,,,,,,,,,,,,,c50,1,"1
",,,None,,,
phpGUrE90,0.8939393939393939,0.8931590951964468,adaboost,0.8933820968303727,0.8939393939393939,,0.8825757575757576,0.8821633954377316,passive_aggressive,0.8819948208742776,0.8825757575757576,,0.875,0.8742452992927376,extra_trees,0.8741662961316141,0.875,,0.8522727272727273,0.8524349519477507,random_forest,0.8526227769390928,0.8522727272727273,,0.8787878790000001,0.878211401,functions.SMO,0.878067837,0.8787878790000001,,,,,,,,,,,,,,svm,0.776232616940582,"0.734848484848485
",0.8787878787878788,0.8790497729938436,None,0.8794174844088786,0.8787878787878788,
phpHyLSNF,0.8811188811188811,0.8764543312574228,liblinear_svc,0.9153263403263402,0.8811188811188811,,0.8881118881118881,0.8751705976700396,random_forest,0.8894751712933532,0.8881118881118881,,0.8811188811188811,0.8760459655034494,gradient_boosting,0.9173778241960059,0.8811188811188811,,0.8181818181818182,0.8048051557544786,random_forest,0.8434426684426685,0.8181818181818182,,0.832167832,0.8322220490000001,bayes.NaiveBayes,0.8545984320000001,0.832167832,,,,,,,,,,,,,,bagging,0.86214953271028,"0.622377622377622
",,,None,,,
phpN4gaxw,0.9959746981023576,0.9959719940576868,libsvm_svc,0.9959882302463792,0.9959746981023576,,0.9962622196664748,0.9962611936787028,qda,0.9962765135232527,0.9962622196664748,,0.9959746981023576,0.9959737324305274,gradient_boosting,0.9959815833924672,0.9959746981023576,,0.9965497412305924,0.9965490732438852,random_forest,0.9965708618413772,0.9965497412305924,,0.932432432,0.932402359,functions.Logistic,0.9325885309999999,0.932432432,,,,,,,,,,,,,,NA,NA,"NA
",,,None,,,
phpNevWWL,0.7057142857142857,0.7002435421901703,xgradient_boosting,0.7053520718270941,0.7057142857142857,,0.7157142857142857,0.7002143965429632,adaboost,0.7187848713181031,0.7157142857142857,,0.7057142857142857,0.6950020824127665,sgd,0.6995720997760959,0.7057142857142857,,0.6971428571428572,0.6743135794513365,xgradient_boosting,0.6817763247648305,0.6971428571428572,,0.715714286,0.6944940190000001,functions.MultilayerPerceptron,0.6864031429999999,0.715714286,,,,,,,,,,,,,,randomForest,0.834761904761905,"0.718571428571429
",0.7114285714285714,0.6999193164740045,None,0.7072364165407643,0.7114285714285714,
phpPbCMyg,0.6006535947712418,0.5873274652576169,random_forest,0.5828140186478215,0.6006535947712418,,0.5993464052287582,0.5823418557081086,adaboost,0.57817019845574,0.5993464052287582,,0.592156862745098,0.5785191431560419,random_forest,0.573814406061228,0.592156862745098,,0.592156862745098,0.5785191431560419,random_forest,0.573814406061228,0.592156862745098,,0.588235294,0.580196974,meta.AdaBoostM1,0.575413981,0.588235294,,,,,,,,,,,,,,randomForest,0.768962510897995,"0.597385620915033
",,,None,,,
phpSZJq5T,0.9111111111111112,0.912562553640985,bernoulli_nb,0.9366381766381764,0.9111111111111112,,0.9111111111111112,0.9128196930946292,lda,0.9321869488536154,0.9111111111111112,,0.9111111111111112,0.9113635668692428,gradient_boosting,0.93013468013468,0.9111111111111112,,0.9222222222222224,0.9237208216619979,gradient_boosting,0.9424074074074074,0.9222222222222224,,0.922222222,0.923177975,bayes.NaiveBayes,0.9382323229999999,0.922222222,,,,,,,,,,,,,,bagging,0.992592592592593,"0.822222222222222
",,,None,,,
phpTJRsqa,0.6546938775510204,0.6441994370249879,adaboost,0.6574476585048626,0.6546938775510204,,0.6734693877551021,0.6606941119600006,extra_trees,0.6935252947848372,0.6734693877551021,,0.6481632653061224,0.6391243379328642,gradient_boosting,0.6432591311346552,0.6481632653061224,,0.6522448979591837,0.6366833402750048,extra_trees,0.6792148234787986,0.6522448979591837,,0.678367347,0.667600825,lazy.IBk,0.682298727,0.678367347,,,,,,,,,,,,,,bagging,0.524367002450313,"0.507755102040816
",0.686530612244898,0.6741444597363679,None,0.705538268005615,0.686530612244898,
phpVeNa5j,0.9970674486803521,0.9970662433111344,gradient_boosting,0.9970729075421159,0.9970674486803521,,0.99633431085044,0.9963321873074552,adaboost,0.9963450871085084,0.99633431085044,,0.997067448680352,0.9970662433111344,gradient_boosting,0.997072907542116,0.997067448680352,,0.9970674486803521,0.9970669872358988,gradient_boosting,0.9970758114692864,0.9970674486803521,,0.995601173,0.9956014940000001,meta.AdaBoostM1,0.995623563,0.995601173,,,,,,,,,,,,,,randomForest,0.999755620723363,"0.997800586510264
",,,None,,,
phpWfYmlu,0.9754954954954954,0.9754925596283136,adaboost,0.9757528701729672,0.9754954954954954,,0.9756756756756756,0.9756746519312764,adaboost,0.9757684463367357,0.9756756756756756,,0.9785585585585586,0.9785561816138156,gaussian_nb,0.9787935011966888,0.9785585585585586,,0.9715315315315319,0.9715272060581128,gaussian_nb,0.971832042080445,0.9715315315315319,,0.96990991,0.969895455,functions.SMO,0.970703698,0.96990991,,0.9831831831831832,0.9832805905320525,0.9831831831831832,0.9831807800317467,0.9801801801801802,0.9802762145075863,0.9801801801801802,0.980177244816935,0.9783783783783784,0.9786026176586284,0.9783783783783784,0.9783761038653832,naiveBayes,0.98018018018018,"0.978378378378378
",,,None,,,
phpYLeydd,0.648440664236533,0.6381442230570351,random_forest,0.6460977712103498,0.648440664236533,,0.6528959092750102,0.6418869475150949,liblinear_svc,0.6495104570385241,0.6528959092750102,,0.6597812879708383,0.6549771055796781,gradient_boosting,0.6564811314810228,0.6597812879708383,,0.6306196840826246,0.6146566424080112,random_forest,0.6375939794871269,0.6306196840826246,,0.5937626570000001,0.580850069,trees.RandomForest,0.58749545,0.5937626570000001,,,,,,,,,,,,,,NA,NA,"NA
",,,None,,,
phpZrCzJR,0.9921568627450981,0.9912466099317312,liblinear_svc,0.9917189550451412,0.9921568627450981,,0.992156862745098,0.9912466099317312,gradient_boosting,0.9917189550451412,0.992156862745098,,0.9898039215686274,0.9884317762211614,adaboost,0.9886889292534116,0.9898039215686274,,0.9921568627450981,0.9909469466897164,libsvm_svc,0.9922189128816082,0.9921568627450981,,0.9921568629999999,0.99124661,rules.OneR,0.991718955,0.9921568629999999,,,,,,,,,,,,,,randomForest,0.996078431372549,"0.990588235294118
",0.9921568627450981,0.9912466099317312,None,0.9917189550451412,0.9921568627450981,
phpbL6t4U,0.9939620471535364,0.9939586870585444,lda,0.9939845438507836,0.9939620471535364,,0.9939620471535364,0.9939574649720264,qda,0.9939760563377152,0.9939620471535364,,0.9930994824611846,0.993096202953958,random_forest,0.9931094921833041,0.9930994824611846,,0.9930994824611846,0.9930962029539581,random_forest,0.993109492183304,0.9930994824611846,,0.979873491,0.9798426459999999,trees.RandomForest,0.979871663,0.979873491,,,,,,,,,,,,,,NA,NA,"NA
",,,None,,,
phpchCuL5,1.0,1.0,libsvm_svc,1.0,1.0,,1.0,1.0,gradient_boosting,1.0,1.0,,1.0,1.0,libsvm_svc,1.0,1.0,,1.0,1.0,extra_trees,1.0,1.0,,1.0,1.0,trees.REPTree,1.0,1.0,,,,,,,,,,,,,,bagging,1,"1
",,,None,,,
phpdReP6S,0.9321766561514196,0.9174150880639232,gradient_boosting,0.9132951517564546,0.9321766561514196,,0.9274447949526814,0.9107709513077232,random_forest,0.903586225875662,0.9274447949526814,,0.9337539432176656,0.9085632466256399,random_forest,0.9135907479199372,0.9337539432176656,,0.9290220820189274,0.9167431780230711,gradient_boosting,0.9110782580996516,0.9290220820189274,,0.9337539429999999,0.910884369,functions.MultilayerPerceptron,0.9129505729999999,0.9337539429999999,,,,,,,,,,,,,,plsda,0.938421052631579,"0.93217665615142
",0.9321766561514196,0.9119828993130186,None,0.9093211599126424,0.9321766561514196,
phpdo58hj,0.875,0.875,random_forest,0.875,0.875,,0.875,0.875,multinomial_nb,0.875,0.875,,0.8125,0.8003246753246753,random_forest,0.859375,0.8125,,0.9375,0.9377450980392156,sgd,0.9453125,0.9375,,0.875,0.875,bayes.NaiveBayesMultinomial,0.875,0.875,,,,,,,,,,,,,,rda,0.979166666666667,"0.625
",,,,,,
phpfLuQE4,0.8235897435897436,0.8233087467405907,libsvm_svc,0.8294860510640136,0.8235897435897436,,0.796923076923077,0.7969671867758978,bernoulli_nb,0.798376367689222,0.796923076923077,,0.8276923076923076,0.8275160655575281,random_forest,0.8324436728061703,0.8276923076923076,,0.813333333333333,0.8132605185539671,decision_tree,0.815076456104782,0.813333333333333,,0.7861538459999999,0.786141193,lazy.IBk,0.788458125,0.7861538459999999,,0.788034188034188,0.7937469223050039,0.788034188034188,0.786750506949198,0.9969230769230769,0.9969315965883465,0.9969230769230769,0.9969231416646266,0.8215384615384616,0.8231626044875258,0.8215384615384616,0.8215722543520994,bagging,0.847179487179487,"0.68
",,,None,,,
phpfrJpBS,0.9996913580246912,0.9996913659045028,gradient_boosting,0.9996916755575876,0.9996913580246912,,0.9969135802469136,0.9968934376308476,adaboost,0.996919911364356,0.9969135802469136,,1.0,1.0,gradient_boosting,1.0,1.0,,1.0,1.0,gradient_boosting,1.0,1.0,,0.924382716,0.924868314,trees.RandomForest,0.925490037,0.924382716,,,,,,,,,,,,,,NA,NA,"NA
",1.0,1.0,None,1.0,1.0,
phphQEck0,0.9996572268015996,0.9996573199362118,qda,0.999657702934942,0.9996572268015996,,0.9995103240022852,0.9995104920170976,random_forest,0.9995111222607056,0.9995103240022852,,0.9996409042683424,0.9996410069673536,extra_trees,0.9996414308165223,0.9996409042683424,,0.9995429690687996,0.9995430867191918,adaboost,0.9995434644794856,0.9995429690687996,,0.886933812,0.885721285,trees.RandomForest,0.8848400540000001,0.886933812,,,,,,,,,,,,,,knn,0.999553843475233,"0.999477678935771
",,,None,,,
phpkIxskf,0.9048925064142264,0.8916853910551954,random_forest,0.8922315427169594,0.9048925064142264,,0.9050694505883394,0.8977567536429263,adaboost,0.8950874455545853,0.9050694505883394,,0.9039193134566044,0.8926059849153856,random_forest,0.8913496692061796,0.9039193134566044,,0.9039193134566044,0.8926059849153856,random_forest,0.8913496692061796,0.9039193134566044,,0.899407237,0.881399058,meta.Bagging,0.8840494090000001,0.899407237,,,,,,,,,,,,,,randomForest,0.987023711218591,"0.90710430859064
",,,None,,,
phpmPOD5A,0.9500793360185524,0.9398095568946628,adaboost,0.9399971925486924,0.9500793360185524,,0.9498352251922372,0.9374996754934404,sgd,0.9398194422646742,0.9498352251922372,,0.9471500061027708,0.9409211398269652,random_forest,0.938159427298758,0.9471500061027708,,0.9440986207738312,0.925039291569364,random_forest,0.9266057502356784,0.9440986207738312,,0.94544123,0.940962477,trees.RandomForest,0.9382039529999999,0.94544123,,,,,,,,,,,,,,c50,0.950276692708333,"0.945441230318565
",,,None,,,
phpmcGu2X,0.937037037037037,0.9373938922657552,extra_trees,0.9390925953569632,0.937037037037037,,0.9555555555555556,0.955133382906688,sgd,0.956404191306152,0.9555555555555556,,0.9444444444444444,0.9423481548300424,passive_aggressive,0.9457501808890698,0.9444444444444444,,0.9481481481481482,0.9464774145438518,sgd,0.9530743063852384,0.9481481481481482,,0.818518519,0.8225764170000001,bayes.NaiveBayes,0.87696543,0.818518519,,,,,,,,,,,,,,bagging,0.946913580246914,"0.87037037037037
",,,,,,
phpn1jVwe,0.9853361945636624,0.984099162499388,adaboost,0.9840861512077336,0.9853361945636624,,0.98068669527897,0.9778532301784504,random_forest,0.9781380363304121,0.98068669527897,,0.9796137339055794,0.9765133507098668,random_forest,0.976611883307246,0.9796137339055794,,0.9792560801144492,0.9768434920769524,adaboost,0.9762984082063584,0.9792560801144492,,0.973533619,0.9670424120000001,trees.RandomForest,0.966088223,0.973533619,,,,,,,,,,,,,,bagging,0.986765231906522,"0.976394849785408
",0.9817596566523604,0.9795495689705932,None,0.9795660247727408,0.9817596566523604,
phpoOxxNn,0.8275,0.8267099428349428,passive_aggressive,0.85275,0.8275,,0.775,0.7727842851592852,random_forest,0.8170119047619048,0.775,,0.78,0.7767305333555333,random_forest,0.8158333333333334,0.78,,0.78,0.7767305333555333,random_forest,0.8158333333333334,0.78,,0.77,0.7728568240000001,functions.SimpleLogistic,0.821133929,0.77,,,,,,,,,,,,,,svm,0.999165971643036,"0.855
",,,None,,,
phpoW7Dbi,0.9867986798679867,0.9867981046971896,random_forest,0.9871415712999873,0.9867986798679867,,1.0,1.0,lda,1.0,1.0,,1.0,1.0,gradient_boosting,1.0,1.0,,1.0,1.0,xgradient_boosting,1.0,1.0,,0.894389439,0.89439174,functions.SMO,0.894471976,0.894389439,,,,,,,,,,,,,,naiveBayes,0.526952695269527,"0.488448844884488
",1.0,1.0,None,1.0,1.0,
phprAeXmK,0.9543850739087434,0.9477165597173016,random_forest,0.9480784205069898,0.9543850739087434,,0.9543627988203112,0.9476180141616024,random_forest,0.94805175239377,0.9543627988203112,,0.9543850739087434,0.9477165597173016,random_forest,0.9480784205069898,0.9543850739087434,,0.9544652642270992,0.9480509549650501,random_forest,0.9482055513708,0.9544652642270992,,0.950308733,0.940090007,rules.DecisionTable,0.94234999,0.950308733,,0.9442522163976299,0.9363443559808508,0.9442522163976299,0.9389960988805616,0.9637846772073794,0.9607888081407038,0.9637846772073794,0.9595172703911717,0.9438400470449868,0.9327455228086995,0.9438400470449868,0.9352795276044136,,,,,,None,,,
phptd5jYj,0.9423558897243108,0.9427582682648415,libsvm_svc,0.9469247860190892,0.9423558897243108,,0.9298245614035088,0.9301873062957028,adaboost,0.9360694141287792,0.9298245614035088,,0.9398496240601504,0.9402455287697544,libsvm_svc,0.9450262496175148,0.9398496240601504,,0.9223057644110276,0.9220598412525672,random_forest,0.9263359856431854,0.9223057644110276,,0.84962406,0.85072291,functions.Logistic,0.857837953,0.84962406,,,,,,,,,,,,,,rda,0.998324958123953,"0.93984962406015
",,,None,,,
phpvcoG8S,0.6257211930646812,0.6260316329364528,gradient_boosting,0.6264250807383033,0.6257211930646812,,0.6346869762543939,0.6278407603448104,bernoulli_nb,0.6316478133217033,0.6346869762543939,,0.6184388116814736,0.6175650335387469,random_forest,0.6170827984804318,0.6184388116814736,,0.6184388116814736,0.6175650335387469,random_forest,0.6170827984804318,0.6184388116814736,,0.641976774,0.625193533,bayes.BayesNet,0.644657949,0.641976774,,,,,,,,,,,,,,,,,,,None,,,
phpvtdNPU,0.9166666666666666,0.9116161616161615,extra_trees,0.9236111111111112,0.9166666666666666,,0.875,0.8393939393939394,random_forest,0.8090277777777778,0.875,,0.875,0.8722222222222222,passive_aggressive,0.8854166666666666,0.875,,0.875,0.8393939393939394,random_forest,0.8090277777777778,0.875,,0.0,0.0,None,0.0,0.0,,,,,,,,,,,,,,bagging,1,"0.625
",,,None,,,
phpxijhaP,0.9821621621621619,0.9821620214366632,sgd,0.9821670464219164,0.9821621621621619,,0.9827027027027028,0.9827021366228637,libsvm_svc,0.9827383282963152,0.9827027027027028,,0.9827027027027028,0.982702338799764,lda,0.9827226501816704,0.9827027027027028,,0.9827027027027028,0.9827023387997641,lda,0.9827226501816704,0.9827027027027028,,0.984324324,0.984323706,functions.SMO,0.984369687,0.984324324,,,,,,,,,,,,,,naiveBayes,0.977117117117117,"0.982162162162162
",0.9821621621621619,0.982161687852914,None,0.9821893400369772,0.9821621621621619,
pokerhand-normalized,0.9973950921606748,0.9969547953996012,random_forest,0.9973408609985832,0.9973950921606748,,0.9956617028700616,0.9950471475261068,random_forest,0.9956527524675844,0.9956617028700616,,0.9953401093096512,0.99465859744955,random_forest,0.9953337357597648,0.9953401093096512,,0.9953401093096508,0.99465859744955,random_forest,0.995333735759765,0.9953401093096508,,0.0,0.0,None,0.0,0.0,,NA,NA,NA,NA,NA,NA,NA,NA,NA,NA,NA,NA,NA,NA,"NA
",,,None,,,
schizo,0.9294117647058824,0.9290209790209788,gradient_boosting,0.9297169811320756,0.9294117647058824,,0.9882352941176472,0.988204608027822,extra_trees,0.9884615384615384,0.9882352941176472,,0.9529411764705882,0.9523584905660376,adaboost,0.9563636363636364,0.9529411764705882,,0.9176470588235294,0.9174322561947544,adaboost,0.9174825174825176,0.9176470588235294,,1.0,1.0,rules.OneR,1.0,1.0,,,,,,,,,,,,,,svm,0.623529411764706,"0.541176470588235
",0.9529411764705882,0.9532879818594104,None,0.9578947368421052,0.9529411764705882,
shuttle,0.9997931034482759,0.9997922984775232,gradient_boosting,0.9997974381088434,0.9997931034482759,,0.9998620689655172,0.999862708946013,adaboost,0.9998663793103448,0.9998620689655172,,0.9998620689655172,0.9998716475095786,gradient_boosting,0.9999014778325124,0.9998620689655172,,0.9997241379310344,0.99968493806656,random_forest,0.9997439655172414,0.9997241379310344,,0.9987586209999999,0.998532648,trees.REPTree,0.998415045,0.9987586209999999,,,,,,,,,,,,,,c50,0.999977011494253,"0.999793103448276
",,,None,,,
solar-flare_1,0.6708860759493671,0.6851797337520034,gradient_boosting,0.7013233601841197,0.6708860759493671,,0.6708860759493671,0.6890619928594612,libsvm_svc,0.7151898734177216,0.6708860759493671,,0.6835443037974683,0.7020685396727385,adaboost,0.7257383966244725,0.6835443037974683,,0.7088607594936709,0.7318221960553429,libsvm_svc,0.7582278481012658,0.7088607594936709,,0.797468354,0.7835184709999999,lazy.LWL,0.771178189,0.797468354,,,,,,,,,,,,,,randomForest,0.847457627118644,"0.734177215189873
",0.7468354430379747,0.7351535146781578,None,0.7242616033755275,0.7468354430379747,
synthetic_control,0.98,0.97983789260385,qda,0.981818181818182,0.98,,0.9666666666666668,0.9665385509042326,libsvm_svc,0.9675933667781494,0.9666666666666668,,0.9666666666666668,0.9663964876730834,libsvm_svc,0.968181818181818,0.9666666666666668,,0.9666666666666668,0.9664831917491492,gradient_boosting,0.9694725028058362,0.9666666666666668,,0.96,0.95993042,functions.MultilayerPerceptron,0.9603460159999999,0.96,,,,,,,,,,,,,,rda,1,"0.966666666666667
",0.98,0.9799346082519028,None,0.9810897435897435,0.98,
tumors_C,0.6,0.6,libsvm_svc,0.6,0.6,,0.6,0.6,lda,0.6,0.6,,0.6,0.6,gradient_boosting,0.6,0.6,,0.5333333333333333,0.5481481481481479,lda,0.5666666666666667,0.5333333333333333,,0.6,0.6,functions.SMO,0.6,0.6,,,,,,,,,,,,,,svm,0.933333333333333,"0.266666666666667
",,,,,,
umistfacescropped,0.9699074074074074,0.972134088904922,random_forest,0.9835868606701941,0.9699074074074074,,0.9675925925925926,0.9698192239858904,random_forest,0.9831238977072312,0.9675925925925926,,0.9652777777777778,0.9674272486772488,random_forest,0.981746031746032,0.9652777777777778,,0.9652777777777779,0.9674272486772488,random_forest,0.9817460317460319,0.9652777777777779,,0.0,0.0,None,0.0,0.0,,0.9846153846153847,0.9868589743589745,0.9846153846153847,0.9844982368059291,1.0,1.0,1.0,1.0,1.0,1.0,1.0,1.0,svm,1,"0.993055555555556
",,,None,,,
vowel,1.0,1.0,libsvm_svc,1.0,1.0,,1.0,1.0,k_nearest_neighbors,1.0,1.0,,1.0,1.0,gradient_boosting,1.0,1.0,,0.9973118279569888,0.997311059050222,gradient_boosting,0.9973788178902779,0.9973118279569888,,1.0,1.0,lazy.IBk,1.0,1.0,,0.9910313901345291,0.9910313901345291,0.9910313901345291,0.9910313901345291,1.0,1.0,1.0,1.0,0.9153225806451613,0.8378154266389178,0.9153225806451613,0.874855687606112,part,1,"0.987903225806452
",1.0,1.0,None,1.0,1.0,
wine-quality-red,0.6708333333333334,0.6505704401397118,adaboost,0.6392448548486623,0.6708333333333334,,0.6733333333333333,0.6506368288769323,adaboost,0.6381880009287095,0.6733333333333333,,0.665,0.6459268773895825,random_forest,0.6350342296408531,0.665,,0.671666666666667,0.6519772977179129,random_forest,0.639153867466157,0.671666666666667,,0.6975,0.679235335,trees.RandomForest,0.6703716789999999,0.6975,,0.6361111111111111,0.61001036001036,0.6361111111111111,0.6217997559267922,0.854045037531276,0.8544640353517308,0.854045037531276,0.8532716540068788,0.6125,0.6003063025210084,0.6125,0.5995153604305339,bagging,0.689741451209341,"0.6125
",0.6883333333333334,0.6677834102489371,None,0.6553652926459007,0.6883333333333334,
