,time_1,accuracy_1,precision_1,recall_1,f1score_1,model_1,accuracy_mean,accuracy_std,precision_mean,precision_std,recall_mean,recall_std,f1score_mean,f1score_std,error_1
Amazon,14398.495119094849,0.768,0.7877172975172976,0.768,0.7604744880300298,"[(1.0, SimpleClassificationPipeline({'balancing:strategy': 'none', 'categorical_encoding:__choice__': 'one_hot_encoding', 'classifier:__choice__': 'passive_aggressive', 'imputation:strategy': 'most_frequent', 'preprocessor:__choice__': 'no_preprocessing', 'rescaling:__choice__': 'quantile_transformer', 'categorical_encoding:one_hot_encoding:use_minimum_fraction': 'True', 'classifier:passive_aggressive:C': 4.737117787021004, 'classifier:passive_aggressive:average': 'False', 'classifier:passive_aggressive:fit_intercept': 'True', 'classifier:passive_aggressive:loss': 'squared_hinge', 'classifier:passive_aggressive:tol': 0.00032948831338179806, 'rescaling:quantile_transformer:n_quantiles': 953, 'rescaling:quantile_transformer:output_distribution': 'normal', 'categorical_encoding:one_hot_encoding:minimum_fraction': 0.010000000000000004},
dataset_properties={
  'task': 2,
  'sparse': False,
  'multilabel': False,
  'multiclass': True,
  'target_type': 'classification',
  'signed': False}))]",0.768,0.0,0.7877172975172976,0.0,0.768,0.0,0.7604744880300298,0.0,
KDDCup99,15840.000850915909,0.99974090117809,0.999726302304422,0.99974090117809,0.9997194354712343,"[(1.0, SimpleClassificationPipeline({'balancing:strategy': 'weighting', 'categorical_encoding:__choice__': 'one_hot_encoding', 'classifier:__choice__': 'random_forest', 'imputation:strategy': 'most_frequent', 'preprocessor:__choice__': 'select_percentile_classification', 'rescaling:__choice__': 'minmax', 'categorical_encoding:one_hot_encoding:use_minimum_fraction': 'False', 'classifier:random_forest:bootstrap': 'False', 'classifier:random_forest:criterion': 'entropy', 'classifier:random_forest:max_depth': 'None', 'classifier:random_forest:max_features': 0.8138233157708883, 'classifier:random_forest:max_leaf_nodes': 'None', 'classifier:random_forest:min_impurity_decrease': 0.0, 'classifier:random_forest:min_samples_leaf': 2, 'classifier:random_forest:min_samples_split': 9, 'classifier:random_forest:min_weight_fraction_leaf': 0.0, 'classifier:random_forest:n_estimators': 100, 'preprocessor:select_percentile_classification:percentile': 54.275042925685625, 'preprocessor:select_percentile_classification:score_func': 'f_classif'},
dataset_properties={
  'task': 2,
  'sparse': False,
  'multilabel': False,
  'multiclass': True,
  'target_type': 'classification',
  'signed': False}))]",0.99974090117809,0.0,0.999726302304422,0.0,0.99974090117809,0.0,0.9997194354712343,0.0,Timeout
dataset_189_baseball,14397.710994243622,0.9343283582089552,0.9270575024563702,0.9343283582089552,0.9245715175099694,"[(1.0, SimpleClassificationPipeline({'balancing:strategy': 'none', 'categorical_encoding:__choice__': 'no_encoding', 'classifier:__choice__': 'gradient_boosting', 'imputation:strategy': 'median', 'preprocessor:__choice__': 'polynomial', 'rescaling:__choice__': 'none', 'classifier:gradient_boosting:criterion': 'mse', 'classifier:gradient_boosting:learning_rate': 0.024495211332000465, 'classifier:gradient_boosting:loss': 'deviance', 'classifier:gradient_boosting:max_depth': 9, 'classifier:gradient_boosting:max_features': 0.9808715334952353, 'classifier:gradient_boosting:max_leaf_nodes': 'None', 'classifier:gradient_boosting:min_impurity_decrease': 0.0, 'classifier:gradient_boosting:min_samples_leaf': 14, 'classifier:gradient_boosting:min_samples_split': 13, 'classifier:gradient_boosting:min_weight_fraction_leaf': 0.0, 'classifier:gradient_boosting:n_estimators': 214, 'classifier:gradient_boosting:subsample': 0.8199337537793334, 'preprocessor:polynomial:degree': 3, 'preprocessor:polynomial:include_bias': 'True', 'preprocessor:polynomial:interaction_only': 'False'},
dataset_properties={
  'task': 2,
  'sparse': False,
  'multilabel': False,
  'multiclass': True,
  'target_type': 'classification',
  'signed': False}))]",0.9343283582089552,0.0,0.9270575024563702,0.0,0.9343283582089552,0.0,0.9245715175099694,0.0,
dataset_54_vehicle,14398.358474493027,0.7783018867924528,0.7729358232590167,0.7783018867924528,0.7738964631311195,"[(1.0, SimpleClassificationPipeline({'balancing:strategy': 'none', 'categorical_encoding:__choice__': 'no_encoding', 'classifier:__choice__': 'gradient_boosting', 'imputation:strategy': 'mean', 'preprocessor:__choice__': 'polynomial', 'rescaling:__choice__': 'minmax', 'classifier:gradient_boosting:criterion': 'mse', 'classifier:gradient_boosting:learning_rate': 0.2335060008496009, 'classifier:gradient_boosting:loss': 'deviance', 'classifier:gradient_boosting:max_depth': 7, 'classifier:gradient_boosting:max_features': 0.5072110424003606, 'classifier:gradient_boosting:max_leaf_nodes': 'None', 'classifier:gradient_boosting:min_impurity_decrease': 0.0, 'classifier:gradient_boosting:min_samples_leaf': 1, 'classifier:gradient_boosting:min_samples_split': 7, 'classifier:gradient_boosting:min_weight_fraction_leaf': 0.0, 'classifier:gradient_boosting:n_estimators': 488, 'classifier:gradient_boosting:subsample': 1.0, 'preprocessor:polynomial:degree': 3, 'preprocessor:polynomial:include_bias': 'False', 'preprocessor:polynomial:interaction_only': 'True'},
dataset_properties={
  'task': 2,
  'sparse': False,
  'multilabel': False,
  'multiclass': True,
  'target_type': 'classification',
  'signed': False}))]",0.7783018867924528,0.0,0.7729358232590167,0.0,0.7783018867924528,0.0,0.7738964631311195,0.0,
hiva_agnostic,14395.923423528671,0.9659735349716446,0.9591339702811312,0.9659735349716446,0.9564054938774682,"[(1.0, SimpleClassificationPipeline({'balancing:strategy': 'weighting', 'categorical_encoding:__choice__': 'one_hot_encoding', 'classifier:__choice__': 'adaboost', 'imputation:strategy': 'median', 'preprocessor:__choice__': 'select_percentile_classification', 'rescaling:__choice__': 'normalize', 'categorical_encoding:one_hot_encoding:use_minimum_fraction': 'True', 'classifier:adaboost:algorithm': 'SAMME', 'classifier:adaboost:learning_rate': 0.7307328931907904, 'classifier:adaboost:max_depth': 5, 'classifier:adaboost:n_estimators': 157, 'preprocessor:select_percentile_classification:percentile': 88.01901710829382, 'preprocessor:select_percentile_classification:score_func': 'f_classif', 'categorical_encoding:one_hot_encoding:minimum_fraction': 0.008648836229583677},
dataset_properties={
  'task': 1,
  'sparse': False,
  'multilabel': False,
  'multiclass': False,
  'target_type': 'classification',
  'signed': False}))]",0.9659735349716446,0.0,0.9591339702811312,0.0,0.9659735349716446,0.0,0.9564054938774682,0.0,
lymphoma_2classes,14397.392842531204,0.8333333333333334,0.8333333333333334,0.8333333333333334,0.8333333333333334,"[(1.0, SimpleClassificationPipeline({'balancing:strategy': 'none', 'categorical_encoding:__choice__': 'one_hot_encoding', 'classifier:__choice__': 'sgd', 'imputation:strategy': 'median', 'preprocessor:__choice__': 'select_rates', 'rescaling:__choice__': 'standardize', 'categorical_encoding:one_hot_encoding:use_minimum_fraction': 'False', 'classifier:sgd:alpha': 0.00010000000000000026, 'classifier:sgd:average': 'False', 'classifier:sgd:fit_intercept': 'True', 'classifier:sgd:learning_rate': 'invscaling', 'classifier:sgd:loss': 'hinge', 'classifier:sgd:penalty': 'l2', 'classifier:sgd:tol': 9.293996391838002e-05, 'preprocessor:select_rates:alpha': 0.41045913505999637, 'preprocessor:select_rates:mode': 'fdr', 'preprocessor:select_rates:score_func': 'chi2', 'classifier:sgd:eta0': 0.010000000000000014, 'classifier:sgd:power_t': 0.5},
dataset_properties={
  'task': 1,
  'sparse': False,
  'multilabel': False,
  'multiclass': False,
  'target_type': 'classification',
  'signed': False}))]",0.8333333333333334,0.0,0.8333333333333334,0.0,0.8333333333333334,0.0,0.8333333333333334,0.0,
mnist_784,14399.628995656967,0.9641714285714286,0.9641974738140248,0.9641714285714286,0.9641589974689524,"[(1.0, SimpleClassificationPipeline({'balancing:strategy': 'none', 'categorical_encoding:__choice__': 'one_hot_encoding', 'classifier:__choice__': 'random_forest', 'imputation:strategy': 'mean', 'preprocessor:__choice__': 'no_preprocessing', 'rescaling:__choice__': 'standardize', 'categorical_encoding:one_hot_encoding:use_minimum_fraction': 'True', 'classifier:random_forest:bootstrap': 'True', 'classifier:random_forest:criterion': 'gini', 'classifier:random_forest:max_depth': 'None', 'classifier:random_forest:max_features': 0.5, 'classifier:random_forest:max_leaf_nodes': 'None', 'classifier:random_forest:min_impurity_decrease': 0.0, 'classifier:random_forest:min_samples_leaf': 1, 'classifier:random_forest:min_samples_split': 2, 'classifier:random_forest:min_weight_fraction_leaf': 0.0, 'classifier:random_forest:n_estimators': 100, 'categorical_encoding:one_hot_encoding:minimum_fraction': 0.01},
dataset_properties={
  'task': 2,
  'sparse': False,
  'multilabel': False,
  'multiclass': True,
  'target_type': 'classification',
  'signed': False}))]",0.9641714285714286,0.0,0.9641974738140248,0.0,0.9641714285714286,0.0,0.9641589974689524,0.0,
openml_phpJNxH0q,14398.920317649841,0.9714285714285714,0.9713685474189676,0.9714285714285714,0.9713624264537225,"[(1.0, SimpleClassificationPipeline({'balancing:strategy': 'none', 'categorical_encoding:__choice__': 'one_hot_encoding', 'classifier:__choice__': 'extra_trees', 'imputation:strategy': 'most_frequent', 'preprocessor:__choice__': 'random_trees_embedding', 'rescaling:__choice__': 'robust_scaler', 'categorical_encoding:one_hot_encoding:use_minimum_fraction': 'False', 'classifier:extra_trees:bootstrap': 'False', 'classifier:extra_trees:criterion': 'entropy', 'classifier:extra_trees:max_depth': 'None', 'classifier:extra_trees:max_features': 0.39536192447534535, 'classifier:extra_trees:max_leaf_nodes': 'None', 'classifier:extra_trees:min_impurity_decrease': 0.0, 'classifier:extra_trees:min_samples_leaf': 19, 'classifier:extra_trees:min_samples_split': 3, 'classifier:extra_trees:min_weight_fraction_leaf': 0.0, 'classifier:extra_trees:n_estimators': 100, 'preprocessor:random_trees_embedding:bootstrap': 'False', 'preprocessor:random_trees_embedding:max_depth': 5, 'preprocessor:random_trees_embedding:max_leaf_nodes': 'None', 'preprocessor:random_trees_embedding:min_samples_leaf': 11, 'preprocessor:random_trees_embedding:min_samples_split': 11, 'preprocessor:random_trees_embedding:min_weight_fraction_leaf': 1.0, 'preprocessor:random_trees_embedding:n_estimators': 12, 'rescaling:robust_scaler:q_max': 0.8928631650245873, 'rescaling:robust_scaler:q_min': 0.1581877760687084},
dataset_properties={
  'task': 1,
  'sparse': False,
  'multilabel': False,
  'multiclass': False,
  'target_type': 'classification',
  'signed': False}))]",0.9714285714285714,0.0,0.9713685474189676,0.0,0.9714285714285714,0.0,0.9713624264537225,0.0,
page-blocks,14397.090109348297,0.9766252739225713,0.9761543925983893,0.9766252739225713,0.9762554163627327,"[(1.0, SimpleClassificationPipeline({'balancing:strategy': 'none', 'categorical_encoding:__choice__': 'no_encoding', 'classifier:__choice__': 'gradient_boosting', 'imputation:strategy': 'most_frequent', 'preprocessor:__choice__': 'polynomial', 'rescaling:__choice__': 'none', 'classifier:gradient_boosting:criterion': 'friedman_mse', 'classifier:gradient_boosting:learning_rate': 0.010040325433545392, 'classifier:gradient_boosting:loss': 'deviance', 'classifier:gradient_boosting:max_depth': 7, 'classifier:gradient_boosting:max_features': 0.16627290518629334, 'classifier:gradient_boosting:max_leaf_nodes': 'None', 'classifier:gradient_boosting:min_impurity_decrease': 0.0, 'classifier:gradient_boosting:min_samples_leaf': 18, 'classifier:gradient_boosting:min_samples_split': 11, 'classifier:gradient_boosting:min_weight_fraction_leaf': 0.0, 'classifier:gradient_boosting:n_estimators': 375, 'classifier:gradient_boosting:subsample': 0.9874329884268712, 'preprocessor:polynomial:degree': 3, 'preprocessor:polynomial:include_bias': 'False', 'preprocessor:polynomial:interaction_only': 'True'},
dataset_properties={
  'task': 1,
  'sparse': False,
  'multilabel': False,
  'multiclass': False,
  'target_type': 'classification',
  'signed': False}))]",0.9766252739225713,0.0,0.9761543925983893,0.0,0.9766252739225713,0.0,0.9762554163627327,0.0,
phpPbCMyg,14400.232026576996,0.5954248366013072,0.5758027477545847,0.5954248366013072,0.581890110100796,"[(1.0, SimpleClassificationPipeline({'balancing:strategy': 'none', 'categorical_encoding:__choice__': 'one_hot_encoding', 'classifier:__choice__': 'gradient_boosting', 'imputation:strategy': 'median', 'preprocessor:__choice__': 'no_preprocessing', 'rescaling:__choice__': 'robust_scaler', 'categorical_encoding:one_hot_encoding:use_minimum_fraction': 'True', 'classifier:gradient_boosting:criterion': 'mse', 'classifier:gradient_boosting:learning_rate': 0.026779014150729745, 'classifier:gradient_boosting:loss': 'deviance', 'classifier:gradient_boosting:max_depth': 8, 'classifier:gradient_boosting:max_features': 0.9292826775204445, 'classifier:gradient_boosting:max_leaf_nodes': 'None', 'classifier:gradient_boosting:min_impurity_decrease': 0.0, 'classifier:gradient_boosting:min_samples_leaf': 13, 'classifier:gradient_boosting:min_samples_split': 6, 'classifier:gradient_boosting:min_weight_fraction_leaf': 0.0, 'classifier:gradient_boosting:n_estimators': 331, 'classifier:gradient_boosting:subsample': 0.7170288098295974, 'rescaling:robust_scaler:q_max': 0.7289969301064596, 'rescaling:robust_scaler:q_min': 0.2842184597786033, 'categorical_encoding:one_hot_encoding:minimum_fraction': 0.4536955000544837},
dataset_properties={
  'task': 2,
  'sparse': False,
  'multilabel': False,
  'multiclass': True,
  'target_type': 'classification',
  'signed': False}))]",0.5954248366013072,0.0,0.5758027477545847,0.0,0.5954248366013072,0.0,0.581890110100796,0.0,
phpmPOD5A,14399.675968408585,0.946783839863298,0.9336060483793128,0.946783839863298,0.932057275038021,"[(1.0, SimpleClassificationPipeline({'balancing:strategy': 'none', 'categorical_encoding:__choice__': 'no_encoding', 'classifier:__choice__': 'gradient_boosting', 'imputation:strategy': 'most_frequent', 'preprocessor:__choice__': 'select_rates', 'rescaling:__choice__': 'quantile_transformer', 'classifier:gradient_boosting:criterion': 'friedman_mse', 'classifier:gradient_boosting:learning_rate': 0.029564641488023326, 'classifier:gradient_boosting:loss': 'deviance', 'classifier:gradient_boosting:max_depth': 8, 'classifier:gradient_boosting:max_features': 0.5109999849677097, 'classifier:gradient_boosting:max_leaf_nodes': 'None', 'classifier:gradient_boosting:min_impurity_decrease': 0.0, 'classifier:gradient_boosting:min_samples_leaf': 2, 'classifier:gradient_boosting:min_samples_split': 15, 'classifier:gradient_boosting:min_weight_fraction_leaf': 0.0, 'classifier:gradient_boosting:n_estimators': 301, 'classifier:gradient_boosting:subsample': 0.37357441067319935, 'preprocessor:select_rates:alpha': 0.04354656896372385, 'preprocessor:select_rates:mode': 'fdr', 'preprocessor:select_rates:score_func': 'f_classif', 'rescaling:quantile_transformer:n_quantiles': 1000, 'rescaling:quantile_transformer:output_distribution': 'uniform'},
dataset_properties={
  'task': 1,
  'sparse': False,
  'multilabel': False,
  'multiclass': False,
  'target_type': 'classification',
  'signed': False}))]",0.946783839863298,0.0,0.9336060483793128,0.0,0.946783839863298,0.0,0.932057275038021,0.0,
phprAeXmK,14398.159754037857,0.9574055759001363,0.9522493343024929,0.9574055759001363,0.9518975857954413,"[(1.0, SimpleClassificationPipeline({'balancing:strategy': 'none', 'categorical_encoding:__choice__': 'no_encoding', 'classifier:__choice__': 'xgradient_boosting', 'imputation:strategy': 'mean', 'preprocessor:__choice__': 'feature_agglomeration', 'rescaling:__choice__': 'quantile_transformer', 'classifier:xgradient_boosting:base_score': 0.5, 'classifier:xgradient_boosting:booster': 'gbtree', 'classifier:xgradient_boosting:colsample_bylevel': 0.7291475386382356, 'classifier:xgradient_boosting:colsample_bytree': 0.4925520780786855, 'classifier:xgradient_boosting:gamma': 0, 'classifier:xgradient_boosting:learning_rate': 0.015987048824499014, 'classifier:xgradient_boosting:max_delta_step': 0, 'classifier:xgradient_boosting:max_depth': 14, 'classifier:xgradient_boosting:min_child_weight': 4, 'classifier:xgradient_boosting:n_estimators': 512, 'classifier:xgradient_boosting:reg_alpha': 0.0010423624885750465, 'classifier:xgradient_boosting:reg_lambda': 0.0735904867555097, 'classifier:xgradient_boosting:scale_pos_weight': 1, 'classifier:xgradient_boosting:subsample': 0.965831939591221, 'preprocessor:feature_agglomeration:affinity': 'manhattan', 'preprocessor:feature_agglomeration:linkage': 'average', 'preprocessor:feature_agglomeration:n_clusters': 153, 'preprocessor:feature_agglomeration:pooling_func': 'mean', 'rescaling:quantile_transformer:n_quantiles': 405, 'rescaling:quantile_transformer:output_distribution': 'normal'},
dataset_properties={
  'task': 1,
  'sparse': False,
  'multilabel': False,
  'multiclass': False,
  'target_type': 'classification',
  'signed': False}))]",0.9574055759001363,0.0,0.9522493343024929,0.0,0.9574055759001363,0.0,0.9518975857954413,0.0,
