,time_1,accuracy_1,precision_1,recall_1,f1score_1,model_1,accuracy_mean,accuracy_std,precision_mean,precision_std,recall_mean,recall_std,f1score_mean,f1score_std
CovPokElec,14385.976744174957,0.44563897087517385,0.20435556305335353,0.44563897087517385,0.27570667973084095,"[(1.0, SimpleClassificationPipeline({'balancing:strategy': 'weighting', 'categorical_encoding:__choice__': 'one_hot_encoding', 'classifier:__choice__': 'sgd', 'imputation:strategy': 'mean', 'preprocessor:__choice__': 'feature_agglomeration', 'rescaling:__choice__': 'normalize', 'categorical_encoding:one_hot_encoding:use_minimum_fraction': 'False', 'classifier:sgd:alpha': 6.764823726500198e-05, 'classifier:sgd:average': 'False', 'classifier:sgd:fit_intercept': 'True', 'classifier:sgd:learning_rate': 'invscaling', 'classifier:sgd:loss': 'squared_hinge', 'classifier:sgd:penalty': 'l1', 'classifier:sgd:tol': 0.05203580479226187, 'preprocessor:feature_agglomeration:affinity': 'cosine', 'preprocessor:feature_agglomeration:linkage': 'average', 'preprocessor:feature_agglomeration:n_clusters': 344, 'preprocessor:feature_agglomeration:pooling_func': 'max', 'classifier:sgd:eta0': 5.76294320678693e-05, 'classifier:sgd:power_t': 0.8296216090435757},
dataset_properties={
  'task': 2,
  'sparse': False,
  'multilabel': False,
  'multiclass': True,
  'target_type': 'classification',
  'signed': False}))]",0.44563897087517385,0.0,0.20435556305335353,0.0,0.44563897087517385,0.0,0.27570667973084095,0.0
