,time_1,accuracy_1,precision_1,recall_1,f1score_1,model_1,accuracy_mean,accuracy_std,precision_mean,precision_std,recall_mean,recall_std,f1score_mean,f1score_std
dataset_187_abalone,14400.459367752075,0.2545454545454545,0.2362292901515635,0.2545454545454545,0.22886717809741203,"[(0.12, SimpleClassificationPipeline({'balancing:strategy': 'weighting', 'categorical_encoding:__choice__': 'one_hot_encoding', 'classifier:__choice__': 'lda', 'imputation:strategy': 'most_frequent', 'preprocessor:__choice__': 'polynomial', 'rescaling:__choice__': 'standardize', 'categorical_encoding:one_hot_encoding:use_minimum_fraction': 'True', 'classifier:lda:n_components': 132, 'classifier:lda:shrinkage': 'auto', 'classifier:lda:tol': 1.2268057512586827e-05, 'preprocessor:polynomial:degree': 2, 'preprocessor:polynomial:include_bias': 'True', 'preprocessor:polynomial:interaction_only': 'False', 'categorical_encoding:one_hot_encoding:minimum_fraction': 0.40071861766406397},
dataset_properties={
  'task': 2,
  'sparse': False,
  'multilabel': False,
  'multiclass': True,
  'target_type': 'classification',
  'signed': False})), (0.12, SimpleClassificationPipeline({'balancing:strategy': 'weighting', 'categorical_encoding:__choice__': 'one_hot_encoding', 'classifier:__choice__': 'lda', 'imputation:strategy': 'most_frequent', 'preprocessor:__choice__': 'polynomial', 'rescaling:__choice__': 'standardize', 'categorical_encoding:one_hot_encoding:use_minimum_fraction': 'True', 'classifier:lda:n_components': 132, 'classifier:lda:shrinkage': 'auto', 'classifier:lda:tol': 1.890398393345567e-05, 'preprocessor:polynomial:degree': 2, 'preprocessor:polynomial:include_bias': 'True', 'preprocessor:polynomial:interaction_only': 'False', 'categorical_encoding:one_hot_encoding:minimum_fraction': 0.40071861766406397},
dataset_properties={
  'task': 2,
  'sparse': False,
  'multilabel': False,
  'multiclass': True,
  'target_type': 'classification',
  'signed': False})), (0.12, SimpleClassificationPipeline({'balancing:strategy': 'weighting', 'categorical_encoding:__choice__': 'one_hot_encoding', 'classifier:__choice__': 'lda', 'imputation:strategy': 'median', 'preprocessor:__choice__': 'polynomial', 'rescaling:__choice__': 'standardize', 'categorical_encoding:one_hot_encoding:use_minimum_fraction': 'True', 'classifier:lda:n_components': 132, 'classifier:lda:shrinkage': 'auto', 'classifier:lda:tol': 0.0984275262902943, 'preprocessor:polynomial:degree': 2, 'preprocessor:polynomial:include_bias': 'True', 'preprocessor:polynomial:interaction_only': 'False', 'categorical_encoding:one_hot_encoding:minimum_fraction': 0.40071861766406397},
dataset_properties={
  'task': 2,
  'sparse': False,
  'multilabel': False,
  'multiclass': True,
  'target_type': 'classification',
  'signed': False})), (0.1, SimpleClassificationPipeline({'balancing:strategy': 'none', 'categorical_encoding:__choice__': 'one_hot_encoding', 'classifier:__choice__': 'lda', 'imputation:strategy': 'median', 'preprocessor:__choice__': 'polynomial', 'rescaling:__choice__': 'standardize', 'categorical_encoding:one_hot_encoding:use_minimum_fraction': 'True', 'classifier:lda:n_components': 250, 'classifier:lda:shrinkage': 'auto', 'classifier:lda:tol': 0.05437009682473013, 'preprocessor:polynomial:degree': 2, 'preprocessor:polynomial:include_bias': 'True', 'preprocessor:polynomial:interaction_only': 'True', 'categorical_encoding:one_hot_encoding:minimum_fraction': 0.40071861766406397},
dataset_properties={
  'task': 2,
  'sparse': False,
  'multilabel': False,
  'multiclass': True,
  'target_type': 'classification',
  'signed': False})), (0.08, SimpleClassificationPipeline({'balancing:strategy': 'weighting', 'categorical_encoding:__choice__': 'one_hot_encoding', 'classifier:__choice__': 'lda', 'imputation:strategy': 'median', 'preprocessor:__choice__': 'polynomial', 'rescaling:__choice__': 'standardize', 'categorical_encoding:one_hot_encoding:use_minimum_fraction': 'True', 'classifier:lda:n_components': 250, 'classifier:lda:shrinkage': 'auto', 'classifier:lda:tol': 0.0984275262902943, 'preprocessor:polynomial:degree': 2, 'preprocessor:polynomial:include_bias': 'True', 'preprocessor:polynomial:interaction_only': 'True', 'categorical_encoding:one_hot_encoding:minimum_fraction': 0.40071861766406397},
dataset_properties={
  'task': 2,
  'sparse': False,
  'multilabel': False,
  'multiclass': True,
  'target_type': 'classification',
  'signed': False})), (0.08, SimpleClassificationPipeline({'balancing:strategy': 'weighting', 'categorical_encoding:__choice__': 'one_hot_encoding', 'classifier:__choice__': 'lda', 'imputation:strategy': 'median', 'preprocessor:__choice__': 'polynomial', 'rescaling:__choice__': 'standardize', 'categorical_encoding:one_hot_encoding:use_minimum_fraction': 'True', 'classifier:lda:n_components': 250, 'classifier:lda:shrinkage': 'auto', 'classifier:lda:tol': 0.0984275262902943, 'preprocessor:polynomial:degree': 2, 'preprocessor:polynomial:include_bias': 'True', 'preprocessor:polynomial:interaction_only': 'False', 'categorical_encoding:one_hot_encoding:minimum_fraction': 0.40071861766406397},
dataset_properties={
  'task': 2,
  'sparse': False,
  'multilabel': False,
  'multiclass': True,
  'target_type': 'classification',
  'signed': False})), (0.06, SimpleClassificationPipeline({'balancing:strategy': 'weighting', 'categorical_encoding:__choice__': 'one_hot_encoding', 'classifier:__choice__': 'lda', 'imputation:strategy': 'most_frequent', 'preprocessor:__choice__': 'polynomial', 'rescaling:__choice__': 'standardize', 'categorical_encoding:one_hot_encoding:use_minimum_fraction': 'True', 'classifier:lda:n_components': 107, 'classifier:lda:shrinkage': 'auto', 'classifier:lda:tol': 1.2268057512586827e-05, 'preprocessor:polynomial:degree': 2, 'preprocessor:polynomial:include_bias': 'True', 'preprocessor:polynomial:interaction_only': 'False', 'categorical_encoding:one_hot_encoding:minimum_fraction': 0.40071861766406397},
dataset_properties={
  'task': 2,
  'sparse': False,
  'multilabel': False,
  'multiclass': True,
  'target_type': 'classification',
  'signed': False})), (0.06, SimpleClassificationPipeline({'balancing:strategy': 'weighting', 'categorical_encoding:__choice__': 'one_hot_encoding', 'classifier:__choice__': 'lda', 'imputation:strategy': 'most_frequent', 'preprocessor:__choice__': 'polynomial', 'rescaling:__choice__': 'standardize', 'categorical_encoding:one_hot_encoding:use_minimum_fraction': 'True', 'classifier:lda:n_components': 250, 'classifier:lda:shrinkage': 'auto', 'classifier:lda:tol': 0.0984275262902943, 'preprocessor:polynomial:degree': 2, 'preprocessor:polynomial:include_bias': 'True', 'preprocessor:polynomial:interaction_only': 'True', 'categorical_encoding:one_hot_encoding:minimum_fraction': 0.40071861766406397},
dataset_properties={
  'task': 2,
  'sparse': False,
  'multilabel': False,
  'multiclass': True,
  'target_type': 'classification',
  'signed': False})), (0.06, SimpleClassificationPipeline({'balancing:strategy': 'weighting', 'categorical_encoding:__choice__': 'one_hot_encoding', 'classifier:__choice__': 'lda', 'imputation:strategy': 'median', 'preprocessor:__choice__': 'polynomial', 'rescaling:__choice__': 'standardize', 'categorical_encoding:one_hot_encoding:use_minimum_fraction': 'True', 'classifier:lda:n_components': 250, 'classifier:lda:shrinkage': 'auto', 'classifier:lda:tol': 0.08032411208471847, 'preprocessor:polynomial:degree': 2, 'preprocessor:polynomial:include_bias': 'True', 'preprocessor:polynomial:interaction_only': 'False', 'categorical_encoding:one_hot_encoding:minimum_fraction': 0.40071861766406397},
dataset_properties={
  'task': 2,
  'sparse': False,
  'multilabel': False,
  'multiclass': True,
  'target_type': 'classification',
  'signed': False})), (0.04, SimpleClassificationPipeline({'balancing:strategy': 'weighting', 'categorical_encoding:__choice__': 'one_hot_encoding', 'classifier:__choice__': 'lda', 'imputation:strategy': 'most_frequent', 'preprocessor:__choice__': 'polynomial', 'rescaling:__choice__': 'standardize', 'categorical_encoding:one_hot_encoding:use_minimum_fraction': 'True', 'classifier:lda:n_components': 132, 'classifier:lda:shrinkage': 'auto', 'classifier:lda:tol': 1.480300875332635e-05, 'preprocessor:polynomial:degree': 2, 'preprocessor:polynomial:include_bias': 'True', 'preprocessor:polynomial:interaction_only': 'False', 'categorical_encoding:one_hot_encoding:minimum_fraction': 0.40071861766406397},
dataset_properties={
  'task': 2,
  'sparse': False,
  'multilabel': False,
  'multiclass': True,
  'target_type': 'classification',
  'signed': False})), (0.04, SimpleClassificationPipeline({'balancing:strategy': 'weighting', 'categorical_encoding:__choice__': 'one_hot_encoding', 'classifier:__choice__': 'lda', 'imputation:strategy': 'median', 'preprocessor:__choice__': 'polynomial', 'rescaling:__choice__': 'standardize', 'categorical_encoding:one_hot_encoding:use_minimum_fraction': 'True', 'classifier:lda:n_components': 250, 'classifier:lda:shrinkage': 'auto', 'classifier:lda:tol': 0.05437009682473013, 'preprocessor:polynomial:degree': 2, 'preprocessor:polynomial:include_bias': 'True', 'preprocessor:polynomial:interaction_only': 'True', 'categorical_encoding:one_hot_encoding:minimum_fraction': 0.40071861766406397},
dataset_properties={
  'task': 2,
  'sparse': False,
  'multilabel': False,
  'multiclass': True,
  'target_type': 'classification',
  'signed': False})), (0.04, SimpleClassificationPipeline({'balancing:strategy': 'weighting', 'categorical_encoding:__choice__': 'one_hot_encoding', 'classifier:__choice__': 'lda', 'imputation:strategy': 'mean', 'preprocessor:__choice__': 'polynomial', 'rescaling:__choice__': 'standardize', 'categorical_encoding:one_hot_encoding:use_minimum_fraction': 'True', 'classifier:lda:n_components': 250, 'classifier:lda:shrinkage': 'auto', 'classifier:lda:tol': 0.08011889555300387, 'preprocessor:polynomial:degree': 2, 'preprocessor:polynomial:include_bias': 'True', 'preprocessor:polynomial:interaction_only': 'False', 'categorical_encoding:one_hot_encoding:minimum_fraction': 0.40071861766406397},
dataset_properties={
  'task': 2,
  'sparse': False,
  'multilabel': False,
  'multiclass': True,
  'target_type': 'classification',
  'signed': False})), (0.02, SimpleClassificationPipeline({'balancing:strategy': 'weighting', 'categorical_encoding:__choice__': 'one_hot_encoding', 'classifier:__choice__': 'lda', 'imputation:strategy': 'mean', 'preprocessor:__choice__': 'nystroem_sampler', 'rescaling:__choice__': 'minmax', 'categorical_encoding:one_hot_encoding:use_minimum_fraction': 'True', 'classifier:lda:n_components': 244, 'classifier:lda:shrinkage': 'None', 'classifier:lda:tol': 0.08894700223644106, 'preprocessor:nystroem_sampler:kernel': 'rbf', 'preprocessor:nystroem_sampler:n_components': 100, 'categorical_encoding:one_hot_encoding:minimum_fraction': 0.43074014864124754, 'preprocessor:nystroem_sampler:gamma': 0.10000000000000006},
dataset_properties={
  'task': 2,
  'sparse': False,
  'multilabel': False,
  'multiclass': True,
  'target_type': 'classification',
  'signed': False})), (0.02, SimpleClassificationPipeline({'balancing:strategy': 'weighting', 'categorical_encoding:__choice__': 'one_hot_encoding', 'classifier:__choice__': 'lda', 'imputation:strategy': 'mean', 'preprocessor:__choice__': 'nystroem_sampler', 'rescaling:__choice__': 'minmax', 'categorical_encoding:one_hot_encoding:use_minimum_fraction': 'True', 'classifier:lda:n_components': 174, 'classifier:lda:shrinkage': 'None', 'classifier:lda:tol': 0.08894700223644106, 'preprocessor:nystroem_sampler:kernel': 'rbf', 'preprocessor:nystroem_sampler:n_components': 100, 'categorical_encoding:one_hot_encoding:minimum_fraction': 0.43074014864124754, 'preprocessor:nystroem_sampler:gamma': 0.10000000000000006},
dataset_properties={
  'task': 2,
  'sparse': False,
  'multilabel': False,
  'multiclass': True,
  'target_type': 'classification',
  'signed': False})), (0.02, SimpleClassificationPipeline({'balancing:strategy': 'none', 'categorical_encoding:__choice__': 'one_hot_encoding', 'classifier:__choice__': 'lda', 'imputation:strategy': 'median', 'preprocessor:__choice__': 'kitchen_sinks', 'rescaling:__choice__': 'none', 'categorical_encoding:one_hot_encoding:use_minimum_fraction': 'True', 'classifier:lda:n_components': 250, 'classifier:lda:shrinkage': 'None', 'classifier:lda:tol': 0.08894700223644106, 'preprocessor:kitchen_sinks:gamma': 1.0, 'preprocessor:kitchen_sinks:n_components': 100, 'categorical_encoding:one_hot_encoding:minimum_fraction': 0.43074014864124754},
dataset_properties={
  'task': 2,
  'sparse': False,
  'multilabel': False,
  'multiclass': True,
  'target_type': 'classification',
  'signed': False})), (0.02, SimpleClassificationPipeline({'balancing:strategy': 'none', 'categorical_encoding:__choice__': 'one_hot_encoding', 'classifier:__choice__': 'lda', 'imputation:strategy': 'median', 'preprocessor:__choice__': 'no_preprocessing', 'rescaling:__choice__': 'standardize', 'categorical_encoding:one_hot_encoding:use_minimum_fraction': 'True', 'classifier:lda:n_components': 250, 'classifier:lda:shrinkage': 'manual', 'classifier:lda:tol': 0.07402840848946315, 'categorical_encoding:one_hot_encoding:minimum_fraction': 0.40071861766406397, 'classifier:lda:shrinkage_factor': 0.5},
dataset_properties={
  'task': 2,
  'sparse': False,
  'multilabel': False,
  'multiclass': True,
  'target_type': 'classification',
  'signed': False}))]",0.2545454545454545,0.0,0.2362292901515635,0.0,0.2545454545454545,0.0,0.22886717809741203,0.0
