,error_1,time_1,accuracy_1,precision_1,recall_1,f1score_1,model_1,accuracy_mean,accuracy_std,precision_mean,precision_std,recall_mean,recall_std,f1score_mean,f1score_std
CovPokElec,Timeout,15840.001064062119,0.8107710741394188,0.8093315112833795,0.8107710741394188,0.7961896694915153,"[(1.0, SimpleClassificationPipeline({'balancing:strategy': 'none', 'categorical_encoding:__choice__': 'one_hot_encoding', 'classifier:__choice__': 'extra_trees', 'imputation:strategy': 'mean', 'preprocessor:__choice__': 'no_preprocessing', 'rescaling:__choice__': 'quantile_transformer', 'categorical_encoding:one_hot_encoding:use_minimum_fraction': 'False', 'classifier:extra_trees:bootstrap': 'True', 'classifier:extra_trees:criterion': 'gini', 'classifier:extra_trees:max_depth': 'None', 'classifier:extra_trees:max_features': 0.47593909388226374, 'classifier:extra_trees:max_leaf_nodes': 'None', 'classifier:extra_trees:min_impurity_decrease': 0.0, 'classifier:extra_trees:min_samples_leaf': 11, 'classifier:extra_trees:min_samples_split': 7, 'classifier:extra_trees:min_weight_fraction_leaf': 0.0, 'classifier:extra_trees:n_estimators': 100, 'rescaling:quantile_transformer:n_quantiles': 119, 'rescaling:quantile_transformer:output_distribution': 'uniform'},
dataset_properties={
  'task': 2,
  'sparse': False,
  'multilabel': False,
  'multiclass': True,
  'target_type': 'classification',
  'signed': False}))]",0.8107710741394188,0.0,0.8093315112833795,0.0,0.8107710741394188,0.0,0.7961896694915153,0.0
