,time_1,accuracy_1,precision_1,recall_1,f1score_1,model_1,accuracy_mean,accuracy_std,precision_mean,precision_std,recall_mean,recall_std,f1score_mean,f1score_std
hiva_agnostic,14401.289408445358,0.9678638941398866,0.965454742406777,0.9678638941398866,0.9578292162054838,"[(0.32, SimpleClassificationPipeline({'balancing:strategy': 'none', 'categorical_encoding:__choice__': 'one_hot_encoding', 'classifier:__choice__': 'xgradient_boosting', 'imputation:strategy': 'mean', 'preprocessor:__choice__': 'select_percentile_classification', 'rescaling:__choice__': 'standardize', 'categorical_encoding:one_hot_encoding:use_minimum_fraction': 'False', 'classifier:xgradient_boosting:base_score': 0.5, 'classifier:xgradient_boosting:booster': 'gbtree', 'classifier:xgradient_boosting:colsample_bylevel': 0.8033525301350818, 'classifier:xgradient_boosting:colsample_bytree': 1.0, 'classifier:xgradient_boosting:gamma': 0, 'classifier:xgradient_boosting:learning_rate': 0.10000000000000006, 'classifier:xgradient_boosting:max_delta_step': 0, 'classifier:xgradient_boosting:max_depth': 3, 'classifier:xgradient_boosting:min_child_weight': 1, 'classifier:xgradient_boosting:n_estimators': 512, 'classifier:xgradient_boosting:reg_alpha': 1e-10, 'classifier:xgradient_boosting:reg_lambda': 1e-10, 'classifier:xgradient_boosting:scale_pos_weight': 1, 'classifier:xgradient_boosting:subsample': 1.0, 'preprocessor:select_percentile_classification:percentile': 75.9416244704093, 'preprocessor:select_percentile_classification:score_func': 'f_classif'},
dataset_properties={
  'task': 1,
  'sparse': False,
  'multilabel': False,
  'multiclass': False,
  'target_type': 'classification',
  'signed': False})), (0.12, SimpleClassificationPipeline({'balancing:strategy': 'none', 'categorical_encoding:__choice__': 'no_encoding', 'classifier:__choice__': 'libsvm_svc', 'imputation:strategy': 'median', 'preprocessor:__choice__': 'liblinear_svc_preprocessor', 'rescaling:__choice__': 'quantile_transformer', 'classifier:libsvm_svc:C': 83.52904493665996, 'classifier:libsvm_svc:gamma': 0.0008052515706552203, 'classifier:libsvm_svc:kernel': 'rbf', 'classifier:libsvm_svc:max_iter': -1, 'classifier:libsvm_svc:shrinking': 'False', 'classifier:libsvm_svc:tol': 5.603702679610448e-05, 'preprocessor:liblinear_svc_preprocessor:C': 0.2704696165065131, 'preprocessor:liblinear_svc_preprocessor:dual': 'False', 'preprocessor:liblinear_svc_preprocessor:fit_intercept': 'True', 'preprocessor:liblinear_svc_preprocessor:intercept_scaling': 1, 'preprocessor:liblinear_svc_preprocessor:loss': 'squared_hinge', 'preprocessor:liblinear_svc_preprocessor:multi_class': 'ovr', 'preprocessor:liblinear_svc_preprocessor:penalty': 'l1', 'preprocessor:liblinear_svc_preprocessor:tol': 0.0006813804833262434, 'rescaling:quantile_transformer:n_quantiles': 712, 'rescaling:quantile_transformer:output_distribution': 'normal'},
dataset_properties={
  'task': 1,
  'sparse': False,
  'multilabel': False,
  'multiclass': False,
  'target_type': 'classification',
  'signed': False})), (0.08, SimpleClassificationPipeline({'balancing:strategy': 'weighting', 'categorical_encoding:__choice__': 'no_encoding', 'classifier:__choice__': 'random_forest', 'imputation:strategy': 'most_frequent', 'preprocessor:__choice__': 'feature_agglomeration', 'rescaling:__choice__': 'normalize', 'classifier:random_forest:bootstrap': 'True', 'classifier:random_forest:criterion': 'entropy', 'classifier:random_forest:max_depth': 'None', 'classifier:random_forest:max_features': 0.6223325704650005, 'classifier:random_forest:max_leaf_nodes': 'None', 'classifier:random_forest:min_impurity_decrease': 0.0, 'classifier:random_forest:min_samples_leaf': 4, 'classifier:random_forest:min_samples_split': 9, 'classifier:random_forest:min_weight_fraction_leaf': 0.0, 'classifier:random_forest:n_estimators': 100, 'preprocessor:feature_agglomeration:affinity': 'cosine', 'preprocessor:feature_agglomeration:linkage': 'complete', 'preprocessor:feature_agglomeration:n_clusters': 327, 'preprocessor:feature_agglomeration:pooling_func': 'median'},
dataset_properties={
  'task': 1,
  'sparse': False,
  'multilabel': False,
  'multiclass': False,
  'target_type': 'classification',
  'signed': False})), (0.08, SimpleClassificationPipeline({'balancing:strategy': 'none', 'categorical_encoding:__choice__': 'no_encoding', 'classifier:__choice__': 'sgd', 'imputation:strategy': 'median', 'preprocessor:__choice__': 'extra_trees_preproc_for_classification', 'rescaling:__choice__': 'standardize', 'classifier:sgd:alpha': 0.017155167706599948, 'classifier:sgd:average': 'False', 'classifier:sgd:fit_intercept': 'True', 'classifier:sgd:learning_rate': 'constant', 'classifier:sgd:loss': 'squared_hinge', 'classifier:sgd:penalty': 'l2', 'classifier:sgd:tol': 0.00010598451066750071, 'preprocessor:extra_trees_preproc_for_classification:bootstrap': 'False', 'preprocessor:extra_trees_preproc_for_classification:criterion': 'entropy', 'preprocessor:extra_trees_preproc_for_classification:max_depth': 'None', 'preprocessor:extra_trees_preproc_for_classification:max_features': 0.5, 'preprocessor:extra_trees_preproc_for_classification:max_leaf_nodes': 'None', 'preprocessor:extra_trees_preproc_for_classification:min_impurity_decrease': 0.0, 'preprocessor:extra_trees_preproc_for_classification:min_samples_leaf': 1, 'preprocessor:extra_trees_preproc_for_classification:min_samples_split': 2, 'preprocessor:extra_trees_preproc_for_classification:min_weight_fraction_leaf': 0.0, 'preprocessor:extra_trees_preproc_for_classification:n_estimators': 100, 'classifier:sgd:eta0': 1.2112655247598633e-06},
dataset_properties={
  'task': 1,
  'sparse': False,
  'multilabel': False,
  'multiclass': False,
  'target_type': 'classification',
  'signed': False})), (0.06, SimpleClassificationPipeline({'balancing:strategy': 'none', 'categorical_encoding:__choice__': 'one_hot_encoding', 'classifier:__choice__': 'xgradient_boosting', 'imputation:strategy': 'mean', 'preprocessor:__choice__': 'select_percentile_classification', 'rescaling:__choice__': 'standardize', 'categorical_encoding:one_hot_encoding:use_minimum_fraction': 'False', 'classifier:xgradient_boosting:base_score': 0.5, 'classifier:xgradient_boosting:booster': 'gbtree', 'classifier:xgradient_boosting:colsample_bylevel': 0.8673558257865227, 'classifier:xgradient_boosting:colsample_bytree': 1.0, 'classifier:xgradient_boosting:gamma': 0, 'classifier:xgradient_boosting:learning_rate': 0.10000000000000006, 'classifier:xgradient_boosting:max_delta_step': 0, 'classifier:xgradient_boosting:max_depth': 3, 'classifier:xgradient_boosting:min_child_weight': 1, 'classifier:xgradient_boosting:n_estimators': 512, 'classifier:xgradient_boosting:reg_alpha': 1e-10, 'classifier:xgradient_boosting:reg_lambda': 1e-10, 'classifier:xgradient_boosting:scale_pos_weight': 1, 'classifier:xgradient_boosting:subsample': 1.0, 'preprocessor:select_percentile_classification:percentile': 75.9416244704093, 'preprocessor:select_percentile_classification:score_func': 'f_classif'},
dataset_properties={
  'task': 1,
  'sparse': False,
  'multilabel': False,
  'multiclass': False,
  'target_type': 'classification',
  'signed': False})), (0.04, SimpleClassificationPipeline({'balancing:strategy': 'none', 'categorical_encoding:__choice__': 'one_hot_encoding', 'classifier:__choice__': 'liblinear_svc', 'imputation:strategy': 'mean', 'preprocessor:__choice__': 'kernel_pca', 'rescaling:__choice__': 'standardize', 'categorical_encoding:one_hot_encoding:use_minimum_fraction': 'True', 'classifier:liblinear_svc:C': 0.7231497694546105, 'classifier:liblinear_svc:dual': 'False', 'classifier:liblinear_svc:fit_intercept': 'True', 'classifier:liblinear_svc:intercept_scaling': 1, 'classifier:liblinear_svc:loss': 'squared_hinge', 'classifier:liblinear_svc:multi_class': 'ovr', 'classifier:liblinear_svc:penalty': 'l2', 'classifier:liblinear_svc:tol': 0.00029491723812087904, 'preprocessor:kernel_pca:kernel': 'cosine', 'preprocessor:kernel_pca:n_components': 1071, 'categorical_encoding:one_hot_encoding:minimum_fraction': 0.21405090748855946},
dataset_properties={
  'task': 1,
  'sparse': False,
  'multilabel': False,
  'multiclass': False,
  'target_type': 'classification',
  'signed': False})), (0.04, SimpleClassificationPipeline({'balancing:strategy': 'none', 'categorical_encoding:__choice__': 'one_hot_encoding', 'classifier:__choice__': 'adaboost', 'imputation:strategy': 'median', 'preprocessor:__choice__': 'select_rates', 'rescaling:__choice__': 'robust_scaler', 'categorical_encoding:one_hot_encoding:use_minimum_fraction': 'False', 'classifier:adaboost:algorithm': 'SAMME', 'classifier:adaboost:learning_rate': 0.14641525963713037, 'classifier:adaboost:max_depth': 7, 'classifier:adaboost:n_estimators': 283, 'preprocessor:select_rates:alpha': 0.10725893509248373, 'preprocessor:select_rates:mode': 'fwe', 'preprocessor:select_rates:score_func': 'f_classif', 'rescaling:robust_scaler:q_max': 0.7723093510286819, 'rescaling:robust_scaler:q_min': 0.09939488148651282},
dataset_properties={
  'task': 1,
  'sparse': False,
  'multilabel': False,
  'multiclass': False,
  'target_type': 'classification',
  'signed': False})), (0.04, SimpleClassificationPipeline({'balancing:strategy': 'none', 'categorical_encoding:__choice__': 'no_encoding', 'classifier:__choice__': 'adaboost', 'imputation:strategy': 'most_frequent', 'preprocessor:__choice__': 'pca', 'rescaling:__choice__': 'none', 'classifier:adaboost:algorithm': 'SAMME.R', 'classifier:adaboost:learning_rate': 0.33516150524065397, 'classifier:adaboost:max_depth': 3, 'classifier:adaboost:n_estimators': 458, 'preprocessor:pca:keep_variance': 0.552265687086718, 'preprocessor:pca:whiten': 'False'},
dataset_properties={
  'task': 1,
  'sparse': False,
  'multilabel': False,
  'multiclass': False,
  'target_type': 'classification',
  'signed': False})), (0.04, SimpleClassificationPipeline({'balancing:strategy': 'none', 'categorical_encoding:__choice__': 'no_encoding', 'classifier:__choice__': 'k_nearest_neighbors', 'imputation:strategy': 'mean', 'preprocessor:__choice__': 'no_preprocessing', 'rescaling:__choice__': 'robust_scaler', 'classifier:k_nearest_neighbors:n_neighbors': 2, 'classifier:k_nearest_neighbors:p': 2, 'classifier:k_nearest_neighbors:weights': 'uniform', 'rescaling:robust_scaler:q_max': 0.75, 'rescaling:robust_scaler:q_min': 0.25},
dataset_properties={
  'task': 1,
  'sparse': False,
  'multilabel': False,
  'multiclass': False,
  'target_type': 'classification',
  'signed': False})), (0.02, SimpleClassificationPipeline({'balancing:strategy': 'weighting', 'categorical_encoding:__choice__': 'one_hot_encoding', 'classifier:__choice__': 'extra_trees', 'imputation:strategy': 'most_frequent', 'preprocessor:__choice__': 'liblinear_svc_preprocessor', 'rescaling:__choice__': 'normalize', 'categorical_encoding:one_hot_encoding:use_minimum_fraction': 'True', 'classifier:extra_trees:bootstrap': 'False', 'classifier:extra_trees:criterion': 'gini', 'classifier:extra_trees:max_depth': 'None', 'classifier:extra_trees:max_features': 0.49966153964402704, 'classifier:extra_trees:max_leaf_nodes': 'None', 'classifier:extra_trees:min_impurity_decrease': 0.0, 'classifier:extra_trees:min_samples_leaf': 3, 'classifier:extra_trees:min_samples_split': 8, 'classifier:extra_trees:min_weight_fraction_leaf': 0.0, 'classifier:extra_trees:n_estimators': 100, 'preprocessor:liblinear_svc_preprocessor:C': 17.017554059274925, 'preprocessor:liblinear_svc_preprocessor:dual': 'False', 'preprocessor:liblinear_svc_preprocessor:fit_intercept': 'True', 'preprocessor:liblinear_svc_preprocessor:intercept_scaling': 1, 'preprocessor:liblinear_svc_preprocessor:loss': 'squared_hinge', 'preprocessor:liblinear_svc_preprocessor:multi_class': 'ovr', 'preprocessor:liblinear_svc_preprocessor:penalty': 'l1', 'preprocessor:liblinear_svc_preprocessor:tol': 0.02300406994942133, 'categorical_encoding:one_hot_encoding:minimum_fraction': 0.0095797147217387},
dataset_properties={
  'task': 1,
  'sparse': False,
  'multilabel': False,
  'multiclass': False,
  'target_type': 'classification',
  'signed': False})), (0.02, SimpleClassificationPipeline({'balancing:strategy': 'none', 'categorical_encoding:__choice__': 'one_hot_encoding', 'classifier:__choice__': 'adaboost', 'imputation:strategy': 'median', 'preprocessor:__choice__': 'select_percentile_classification', 'rescaling:__choice__': 'quantile_transformer', 'categorical_encoding:one_hot_encoding:use_minimum_fraction': 'False', 'classifier:adaboost:algorithm': 'SAMME', 'classifier:adaboost:learning_rate': 0.01763286797424171, 'classifier:adaboost:max_depth': 6, 'classifier:adaboost:n_estimators': 194, 'preprocessor:select_percentile_classification:percentile': 92.17479811515497, 'preprocessor:select_percentile_classification:score_func': 'f_classif', 'rescaling:quantile_transformer:n_quantiles': 759, 'rescaling:quantile_transformer:output_distribution': 'normal'},
dataset_properties={
  'task': 1,
  'sparse': False,
  'multilabel': False,
  'multiclass': False,
  'target_type': 'classification',
  'signed': False})), (0.02, SimpleClassificationPipeline({'balancing:strategy': 'none', 'categorical_encoding:__choice__': 'no_encoding', 'classifier:__choice__': 'decision_tree', 'imputation:strategy': 'median', 'preprocessor:__choice__': 'no_preprocessing', 'rescaling:__choice__': 'quantile_transformer', 'classifier:decision_tree:criterion': 'gini', 'classifier:decision_tree:max_depth_factor': 1.6991796883612047, 'classifier:decision_tree:max_features': 1.0, 'classifier:decision_tree:max_leaf_nodes': 'None', 'classifier:decision_tree:min_impurity_decrease': 0.0, 'classifier:decision_tree:min_samples_leaf': 10, 'classifier:decision_tree:min_samples_split': 13, 'classifier:decision_tree:min_weight_fraction_leaf': 0.0, 'rescaling:quantile_transformer:n_quantiles': 892, 'rescaling:quantile_transformer:output_distribution': 'uniform'},
dataset_properties={
  'task': 1,
  'sparse': False,
  'multilabel': False,
  'multiclass': False,
  'target_type': 'classification',
  'signed': False})), (0.02, SimpleClassificationPipeline({'balancing:strategy': 'weighting', 'categorical_encoding:__choice__': 'one_hot_encoding', 'classifier:__choice__': 'passive_aggressive', 'imputation:strategy': 'mean', 'preprocessor:__choice__': 'nystroem_sampler', 'rescaling:__choice__': 'standardize', 'categorical_encoding:one_hot_encoding:use_minimum_fraction': 'False', 'classifier:passive_aggressive:C': 7.168276591171771e-05, 'classifier:passive_aggressive:average': 'True', 'classifier:passive_aggressive:fit_intercept': 'True', 'classifier:passive_aggressive:loss': 'hinge', 'classifier:passive_aggressive:tol': 0.00662405257287191, 'preprocessor:nystroem_sampler:kernel': 'poly', 'preprocessor:nystroem_sampler:n_components': 2659, 'preprocessor:nystroem_sampler:coef0': -0.03469262613770829, 'preprocessor:nystroem_sampler:degree': 4, 'preprocessor:nystroem_sampler:gamma': 0.00035331700276899317},
dataset_properties={
  'task': 1,
  'sparse': False,
  'multilabel': False,
  'multiclass': False,
  'target_type': 'classification',
  'signed': False})), (0.02, SimpleClassificationPipeline({'balancing:strategy': 'none', 'categorical_encoding:__choice__': 'no_encoding', 'classifier:__choice__': 'sgd', 'imputation:strategy': 'most_frequent', 'preprocessor:__choice__': 'extra_trees_preproc_for_classification', 'rescaling:__choice__': 'none', 'classifier:sgd:alpha': 0.05464289917465243, 'classifier:sgd:average': 'False', 'classifier:sgd:fit_intercept': 'True', 'classifier:sgd:learning_rate': 'constant', 'classifier:sgd:loss': 'modified_huber', 'classifier:sgd:penalty': 'l2', 'classifier:sgd:tol': 6.323685831278532e-05, 'preprocessor:extra_trees_preproc_for_classification:bootstrap': 'False', 'preprocessor:extra_trees_preproc_for_classification:criterion': 'gini', 'preprocessor:extra_trees_preproc_for_classification:max_depth': 'None', 'preprocessor:extra_trees_preproc_for_classification:max_features': 0.5, 'preprocessor:extra_trees_preproc_for_classification:max_leaf_nodes': 'None', 'preprocessor:extra_trees_preproc_for_classification:min_impurity_decrease': 0.0, 'preprocessor:extra_trees_preproc_for_classification:min_samples_leaf': 1, 'preprocessor:extra_trees_preproc_for_classification:min_samples_split': 2, 'preprocessor:extra_trees_preproc_for_classification:min_weight_fraction_leaf': 0.0, 'preprocessor:extra_trees_preproc_for_classification:n_estimators': 100, 'classifier:sgd:epsilon': 1.4231144630806165e-05, 'classifier:sgd:eta0': 0.0016880032740740091},
dataset_properties={
  'task': 1,
  'sparse': False,
  'multilabel': False,
  'multiclass': False,
  'target_type': 'classification',
  'signed': False})), (0.02, SimpleClassificationPipeline({'balancing:strategy': 'none', 'categorical_encoding:__choice__': 'one_hot_encoding', 'classifier:__choice__': 'passive_aggressive', 'imputation:strategy': 'median', 'preprocessor:__choice__': 'feature_agglomeration', 'rescaling:__choice__': 'minmax', 'categorical_encoding:one_hot_encoding:use_minimum_fraction': 'True', 'classifier:passive_aggressive:C': 0.0013779472751080087, 'classifier:passive_aggressive:average': 'True', 'classifier:passive_aggressive:fit_intercept': 'True', 'classifier:passive_aggressive:loss': 'squared_hinge', 'classifier:passive_aggressive:tol': 0.0028192512961346624, 'preprocessor:feature_agglomeration:affinity': 'manhattan', 'preprocessor:feature_agglomeration:linkage': 'average', 'preprocessor:feature_agglomeration:n_clusters': 299, 'preprocessor:feature_agglomeration:pooling_func': 'max', 'categorical_encoding:one_hot_encoding:minimum_fraction': 0.0004272338138541662},
dataset_properties={
  'task': 1,
  'sparse': False,
  'multilabel': False,
  'multiclass': False,
  'target_type': 'classification',
  'signed': False})), (0.02, SimpleClassificationPipeline({'balancing:strategy': 'none', 'categorical_encoding:__choice__': 'no_encoding', 'classifier:__choice__': 'k_nearest_neighbors', 'imputation:strategy': 'median', 'preprocessor:__choice__': 'select_rates', 'rescaling:__choice__': 'none', 'classifier:k_nearest_neighbors:n_neighbors': 2, 'classifier:k_nearest_neighbors:p': 2, 'classifier:k_nearest_neighbors:weights': 'uniform', 'preprocessor:select_rates:alpha': 0.45722118227508574, 'preprocessor:select_rates:mode': 'fwe', 'preprocessor:select_rates:score_func': 'f_classif'},
dataset_properties={
  'task': 1,
  'sparse': False,
  'multilabel': False,
  'multiclass': False,
  'target_type': 'classification',
  'signed': False})), (0.02, SimpleClassificationPipeline({'balancing:strategy': 'none', 'categorical_encoding:__choice__': 'no_encoding', 'classifier:__choice__': 'multinomial_nb', 'imputation:strategy': 'most_frequent', 'preprocessor:__choice__': 'no_preprocessing', 'rescaling:__choice__': 'normalize', 'classifier:multinomial_nb:alpha': 5.061993048200578, 'classifier:multinomial_nb:fit_prior': 'False'},
dataset_properties={
  'task': 1,
  'sparse': False,
  'multilabel': False,
  'multiclass': False,
  'target_type': 'classification',
  'signed': False})), (0.02, SimpleClassificationPipeline({'balancing:strategy': 'weighting', 'categorical_encoding:__choice__': 'one_hot_encoding', 'classifier:__choice__': 'adaboost', 'imputation:strategy': 'mean', 'preprocessor:__choice__': 'liblinear_svc_preprocessor', 'rescaling:__choice__': 'robust_scaler', 'categorical_encoding:one_hot_encoding:use_minimum_fraction': 'True', 'classifier:adaboost:algorithm': 'SAMME', 'classifier:adaboost:learning_rate': 0.07327514154334926, 'classifier:adaboost:max_depth': 9, 'classifier:adaboost:n_estimators': 169, 'preprocessor:liblinear_svc_preprocessor:C': 0.4132728288220782, 'preprocessor:liblinear_svc_preprocessor:dual': 'False', 'preprocessor:liblinear_svc_preprocessor:fit_intercept': 'True', 'preprocessor:liblinear_svc_preprocessor:intercept_scaling': 1, 'preprocessor:liblinear_svc_preprocessor:loss': 'squared_hinge', 'preprocessor:liblinear_svc_preprocessor:multi_class': 'ovr', 'preprocessor:liblinear_svc_preprocessor:penalty': 'l1', 'preprocessor:liblinear_svc_preprocessor:tol': 0.0007012468850485103, 'rescaling:robust_scaler:q_max': 0.8672288028117101, 'rescaling:robust_scaler:q_min': 0.28701730456067026, 'categorical_encoding:one_hot_encoding:minimum_fraction': 0.0033624346986993923},
dataset_properties={
  'task': 1,
  'sparse': False,
  'multilabel': False,
  'multiclass': False,
  'target_type': 'classification',
  'signed': False}))]",0.9678638941398866,0.0,0.965454742406777,0.0,0.9678638941398866,0.0,0.9578292162054838,0.0
