,time_1,accuracy_1,precision_1,recall_1,f1score_1,model_1,accuracy_mean,accuracy_std,precision_mean,precision_std,recall_mean,recall_std,f1score_mean,f1score_std
dataset_187_abalone,14400.435811758041,0.2555023923444976,0.2540375292567897,0.2555023923444976,0.24787358633981366,"[(0.18, SimpleClassificationPipeline({'balancing:strategy': 'weighting', 'categorical_encoding:__choice__': 'one_hot_encoding', 'classifier:__choice__': 'lda', 'imputation:strategy': 'most_frequent', 'preprocessor:__choice__': 'nystroem_sampler', 'rescaling:__choice__': 'normalize', 'categorical_encoding:one_hot_encoding:use_minimum_fraction': 'True', 'classifier:lda:n_components': 15, 'classifier:lda:shrinkage': 'None', 'classifier:lda:tol': 5.777110240572161e-05, 'preprocessor:nystroem_sampler:kernel': 'rbf', 'preprocessor:nystroem_sampler:n_components': 223, 'categorical_encoding:one_hot_encoding:minimum_fraction': 0.42119582653139886, 'preprocessor:nystroem_sampler:gamma': 0.10000000000000006},
dataset_properties={
  'task': 2,
  'sparse': False,
  'multilabel': False,
  'multiclass': True,
  'target_type': 'classification',
  'signed': False})), (0.12, SimpleClassificationPipeline({'balancing:strategy': 'none', 'categorical_encoding:__choice__': 'one_hot_encoding', 'classifier:__choice__': 'lda', 'imputation:strategy': 'most_frequent', 'preprocessor:__choice__': 'kitchen_sinks', 'rescaling:__choice__': 'normalize', 'categorical_encoding:one_hot_encoding:use_minimum_fraction': 'True', 'classifier:lda:n_components': 17, 'classifier:lda:shrinkage': 'None', 'classifier:lda:tol': 1.0211147215951773e-05, 'preprocessor:kitchen_sinks:gamma': 0.008153560225149114, 'preprocessor:kitchen_sinks:n_components': 1305, 'categorical_encoding:one_hot_encoding:minimum_fraction': 0.3862665622640566},
dataset_properties={
  'task': 2,
  'sparse': False,
  'multilabel': False,
  'multiclass': True,
  'target_type': 'classification',
  'signed': False})), (0.1, SimpleClassificationPipeline({'balancing:strategy': 'weighting', 'categorical_encoding:__choice__': 'one_hot_encoding', 'classifier:__choice__': 'lda', 'imputation:strategy': 'median', 'preprocessor:__choice__': 'kernel_pca', 'rescaling:__choice__': 'normalize', 'categorical_encoding:one_hot_encoding:use_minimum_fraction': 'True', 'classifier:lda:n_components': 1, 'classifier:lda:shrinkage': 'None', 'classifier:lda:tol': 1.3001221454948334e-05, 'preprocessor:kernel_pca:kernel': 'rbf', 'preprocessor:kernel_pca:n_components': 116, 'categorical_encoding:one_hot_encoding:minimum_fraction': 0.45092685610796346, 'preprocessor:kernel_pca:gamma': 1.0},
dataset_properties={
  'task': 2,
  'sparse': False,
  'multilabel': False,
  'multiclass': True,
  'target_type': 'classification',
  'signed': False})), (0.08, SimpleClassificationPipeline({'balancing:strategy': 'none', 'categorical_encoding:__choice__': 'one_hot_encoding', 'classifier:__choice__': 'lda', 'imputation:strategy': 'mean', 'preprocessor:__choice__': 'kitchen_sinks', 'rescaling:__choice__': 'normalize', 'categorical_encoding:one_hot_encoding:use_minimum_fraction': 'True', 'classifier:lda:n_components': 27, 'classifier:lda:shrinkage': 'None', 'classifier:lda:tol': 1.0211147215951773e-05, 'preprocessor:kitchen_sinks:gamma': 0.008153560225149114, 'preprocessor:kitchen_sinks:n_components': 1695, 'categorical_encoding:one_hot_encoding:minimum_fraction': 0.3862665622640566},
dataset_properties={
  'task': 2,
  'sparse': False,
  'multilabel': False,
  'multiclass': True,
  'target_type': 'classification',
  'signed': False})), (0.06, SimpleClassificationPipeline({'balancing:strategy': 'none', 'categorical_encoding:__choice__': 'one_hot_encoding', 'classifier:__choice__': 'lda', 'imputation:strategy': 'median', 'preprocessor:__choice__': 'nystroem_sampler', 'rescaling:__choice__': 'normalize', 'categorical_encoding:one_hot_encoding:use_minimum_fraction': 'True', 'classifier:lda:n_components': 1, 'classifier:lda:shrinkage': 'None', 'classifier:lda:tol': 7.764090151979055e-05, 'preprocessor:nystroem_sampler:kernel': 'rbf', 'preprocessor:nystroem_sampler:n_components': 216, 'categorical_encoding:one_hot_encoding:minimum_fraction': 0.3940073931874822, 'preprocessor:nystroem_sampler:gamma': 0.10000000000000006},
dataset_properties={
  'task': 2,
  'sparse': False,
  'multilabel': False,
  'multiclass': True,
  'target_type': 'classification',
  'signed': False})), (0.06, SimpleClassificationPipeline({'balancing:strategy': 'none', 'categorical_encoding:__choice__': 'one_hot_encoding', 'classifier:__choice__': 'lda', 'imputation:strategy': 'median', 'preprocessor:__choice__': 'nystroem_sampler', 'rescaling:__choice__': 'normalize', 'categorical_encoding:one_hot_encoding:use_minimum_fraction': 'True', 'classifier:lda:n_components': 143, 'classifier:lda:shrinkage': 'None', 'classifier:lda:tol': 6.793164399368353e-05, 'preprocessor:nystroem_sampler:kernel': 'rbf', 'preprocessor:nystroem_sampler:n_components': 277, 'categorical_encoding:one_hot_encoding:minimum_fraction': 0.4848847683394506, 'preprocessor:nystroem_sampler:gamma': 0.10000000000000006},
dataset_properties={
  'task': 2,
  'sparse': False,
  'multilabel': False,
  'multiclass': True,
  'target_type': 'classification',
  'signed': False})), (0.06, SimpleClassificationPipeline({'balancing:strategy': 'none', 'categorical_encoding:__choice__': 'one_hot_encoding', 'classifier:__choice__': 'lda', 'imputation:strategy': 'mean', 'preprocessor:__choice__': 'nystroem_sampler', 'rescaling:__choice__': 'normalize', 'categorical_encoding:one_hot_encoding:use_minimum_fraction': 'True', 'classifier:lda:n_components': 1, 'classifier:lda:shrinkage': 'None', 'classifier:lda:tol': 7.15087360222311e-05, 'preprocessor:nystroem_sampler:kernel': 'rbf', 'preprocessor:nystroem_sampler:n_components': 239, 'categorical_encoding:one_hot_encoding:minimum_fraction': 0.41447456624431167, 'preprocessor:nystroem_sampler:gamma': 0.10000000000000006},
dataset_properties={
  'task': 2,
  'sparse': False,
  'multilabel': False,
  'multiclass': True,
  'target_type': 'classification',
  'signed': False})), (0.06, SimpleClassificationPipeline({'balancing:strategy': 'none', 'categorical_encoding:__choice__': 'one_hot_encoding', 'classifier:__choice__': 'lda', 'imputation:strategy': 'mean', 'preprocessor:__choice__': 'kitchen_sinks', 'rescaling:__choice__': 'normalize', 'categorical_encoding:one_hot_encoding:use_minimum_fraction': 'True', 'classifier:lda:n_components': 37, 'classifier:lda:shrinkage': 'None', 'classifier:lda:tol': 1.4533094749257793e-05, 'preprocessor:kitchen_sinks:gamma': 0.008153560225149114, 'preprocessor:kitchen_sinks:n_components': 1695, 'categorical_encoding:one_hot_encoding:minimum_fraction': 0.41447456624431167},
dataset_properties={
  'task': 2,
  'sparse': False,
  'multilabel': False,
  'multiclass': True,
  'target_type': 'classification',
  'signed': False})), (0.04, SimpleClassificationPipeline({'balancing:strategy': 'none', 'categorical_encoding:__choice__': 'one_hot_encoding', 'classifier:__choice__': 'lda', 'imputation:strategy': 'mean', 'preprocessor:__choice__': 'kitchen_sinks', 'rescaling:__choice__': 'normalize', 'categorical_encoding:one_hot_encoding:use_minimum_fraction': 'True', 'classifier:lda:n_components': 31, 'classifier:lda:shrinkage': 'None', 'classifier:lda:tol': 1.0211147215951773e-05, 'preprocessor:kitchen_sinks:gamma': 0.008153560225149114, 'preprocessor:kitchen_sinks:n_components': 1695, 'categorical_encoding:one_hot_encoding:minimum_fraction': 0.3862665622640566},
dataset_properties={
  'task': 2,
  'sparse': False,
  'multilabel': False,
  'multiclass': True,
  'target_type': 'classification',
  'signed': False})), (0.04, SimpleClassificationPipeline({'balancing:strategy': 'none', 'categorical_encoding:__choice__': 'one_hot_encoding', 'classifier:__choice__': 'lda', 'imputation:strategy': 'mean', 'preprocessor:__choice__': 'kitchen_sinks', 'rescaling:__choice__': 'normalize', 'categorical_encoding:one_hot_encoding:use_minimum_fraction': 'True', 'classifier:lda:n_components': 57, 'classifier:lda:shrinkage': 'None', 'classifier:lda:tol': 1.0211147215951773e-05, 'preprocessor:kitchen_sinks:gamma': 0.008153560225149114, 'preprocessor:kitchen_sinks:n_components': 1695, 'categorical_encoding:one_hot_encoding:minimum_fraction': 0.41447456624431167},
dataset_properties={
  'task': 2,
  'sparse': False,
  'multilabel': False,
  'multiclass': True,
  'target_type': 'classification',
  'signed': False})), (0.04, SimpleClassificationPipeline({'balancing:strategy': 'none', 'categorical_encoding:__choice__': 'one_hot_encoding', 'classifier:__choice__': 'lda', 'imputation:strategy': 'median', 'preprocessor:__choice__': 'kitchen_sinks', 'rescaling:__choice__': 'normalize', 'categorical_encoding:one_hot_encoding:use_minimum_fraction': 'True', 'classifier:lda:n_components': 1, 'classifier:lda:shrinkage': 'None', 'classifier:lda:tol': 3.0518674962356766e-05, 'preprocessor:kitchen_sinks:gamma': 0.008153560225149114, 'preprocessor:kitchen_sinks:n_components': 4939, 'categorical_encoding:one_hot_encoding:minimum_fraction': 0.49082512385484667},
dataset_properties={
  'task': 2,
  'sparse': False,
  'multilabel': False,
  'multiclass': True,
  'target_type': 'classification',
  'signed': False})), (0.04, SimpleClassificationPipeline({'balancing:strategy': 'none', 'categorical_encoding:__choice__': 'one_hot_encoding', 'classifier:__choice__': 'lda', 'imputation:strategy': 'mean', 'preprocessor:__choice__': 'nystroem_sampler', 'rescaling:__choice__': 'normalize', 'categorical_encoding:one_hot_encoding:use_minimum_fraction': 'True', 'classifier:lda:n_components': 143, 'classifier:lda:shrinkage': 'None', 'classifier:lda:tol': 0.00014514299858196455, 'preprocessor:nystroem_sampler:kernel': 'rbf', 'preprocessor:nystroem_sampler:n_components': 277, 'categorical_encoding:one_hot_encoding:minimum_fraction': 0.4848847683394506, 'preprocessor:nystroem_sampler:gamma': 0.10000000000000006},
dataset_properties={
  'task': 2,
  'sparse': False,
  'multilabel': False,
  'multiclass': True,
  'target_type': 'classification',
  'signed': False})), (0.02, SimpleClassificationPipeline({'balancing:strategy': 'weighting', 'categorical_encoding:__choice__': 'one_hot_encoding', 'classifier:__choice__': 'lda', 'imputation:strategy': 'most_frequent', 'preprocessor:__choice__': 'nystroem_sampler', 'rescaling:__choice__': 'normalize', 'categorical_encoding:one_hot_encoding:use_minimum_fraction': 'True', 'classifier:lda:n_components': 13, 'classifier:lda:shrinkage': 'None', 'classifier:lda:tol': 5.498615531641038e-05, 'preprocessor:nystroem_sampler:kernel': 'rbf', 'preprocessor:nystroem_sampler:n_components': 233, 'categorical_encoding:one_hot_encoding:minimum_fraction': 0.47191197619475955, 'preprocessor:nystroem_sampler:gamma': 0.10000000000000006},
dataset_properties={
  'task': 2,
  'sparse': False,
  'multilabel': False,
  'multiclass': True,
  'target_type': 'classification',
  'signed': False})), (0.02, SimpleClassificationPipeline({'balancing:strategy': 'none', 'categorical_encoding:__choice__': 'one_hot_encoding', 'classifier:__choice__': 'lda', 'imputation:strategy': 'mean', 'preprocessor:__choice__': 'nystroem_sampler', 'rescaling:__choice__': 'normalize', 'categorical_encoding:one_hot_encoding:use_minimum_fraction': 'True', 'classifier:lda:n_components': 4, 'classifier:lda:shrinkage': 'None', 'classifier:lda:tol': 7.764090151979055e-05, 'preprocessor:nystroem_sampler:kernel': 'rbf', 'preprocessor:nystroem_sampler:n_components': 216, 'categorical_encoding:one_hot_encoding:minimum_fraction': 0.41447456624431167, 'preprocessor:nystroem_sampler:gamma': 0.10000000000000006},
dataset_properties={
  'task': 2,
  'sparse': False,
  'multilabel': False,
  'multiclass': True,
  'target_type': 'classification',
  'signed': False})), (0.02, SimpleClassificationPipeline({'balancing:strategy': 'weighting', 'categorical_encoding:__choice__': 'one_hot_encoding', 'classifier:__choice__': 'lda', 'imputation:strategy': 'median', 'preprocessor:__choice__': 'nystroem_sampler', 'rescaling:__choice__': 'normalize', 'categorical_encoding:one_hot_encoding:use_minimum_fraction': 'True', 'classifier:lda:n_components': 3, 'classifier:lda:shrinkage': 'None', 'classifier:lda:tol': 7.081658676293747e-05, 'preprocessor:nystroem_sampler:kernel': 'rbf', 'preprocessor:nystroem_sampler:n_components': 233, 'categorical_encoding:one_hot_encoding:minimum_fraction': 0.47191197619475955, 'preprocessor:nystroem_sampler:gamma': 0.10000000000000006},
dataset_properties={
  'task': 2,
  'sparse': False,
  'multilabel': False,
  'multiclass': True,
  'target_type': 'classification',
  'signed': False})), (0.02, SimpleClassificationPipeline({'balancing:strategy': 'weighting', 'categorical_encoding:__choice__': 'one_hot_encoding', 'classifier:__choice__': 'lda', 'imputation:strategy': 'median', 'preprocessor:__choice__': 'nystroem_sampler', 'rescaling:__choice__': 'normalize', 'categorical_encoding:one_hot_encoding:use_minimum_fraction': 'True', 'classifier:lda:n_components': 1, 'classifier:lda:shrinkage': 'None', 'classifier:lda:tol': 7.081658676293747e-05, 'preprocessor:nystroem_sampler:kernel': 'rbf', 'preprocessor:nystroem_sampler:n_components': 233, 'categorical_encoding:one_hot_encoding:minimum_fraction': 0.47191197619475955, 'preprocessor:nystroem_sampler:gamma': 0.10000000000000006},
dataset_properties={
  'task': 2,
  'sparse': False,
  'multilabel': False,
  'multiclass': True,
  'target_type': 'classification',
  'signed': False})), (0.02, SimpleClassificationPipeline({'balancing:strategy': 'none', 'categorical_encoding:__choice__': 'one_hot_encoding', 'classifier:__choice__': 'lda', 'imputation:strategy': 'median', 'preprocessor:__choice__': 'nystroem_sampler', 'rescaling:__choice__': 'normalize', 'categorical_encoding:one_hot_encoding:use_minimum_fraction': 'True', 'classifier:lda:n_components': 1, 'classifier:lda:shrinkage': 'None', 'classifier:lda:tol': 8.208191769112681e-05, 'preprocessor:nystroem_sampler:kernel': 'rbf', 'preprocessor:nystroem_sampler:n_components': 326, 'categorical_encoding:one_hot_encoding:minimum_fraction': 0.41447456624431167, 'preprocessor:nystroem_sampler:gamma': 0.10000000000000006},
dataset_properties={
  'task': 2,
  'sparse': False,
  'multilabel': False,
  'multiclass': True,
  'target_type': 'classification',
  'signed': False})), (0.02, SimpleClassificationPipeline({'balancing:strategy': 'none', 'categorical_encoding:__choice__': 'one_hot_encoding', 'classifier:__choice__': 'lda', 'imputation:strategy': 'median', 'preprocessor:__choice__': 'nystroem_sampler', 'rescaling:__choice__': 'normalize', 'categorical_encoding:one_hot_encoding:use_minimum_fraction': 'True', 'classifier:lda:n_components': 1, 'classifier:lda:shrinkage': 'None', 'classifier:lda:tol': 8.169565877136456e-05, 'preprocessor:nystroem_sampler:kernel': 'rbf', 'preprocessor:nystroem_sampler:n_components': 326, 'categorical_encoding:one_hot_encoding:minimum_fraction': 0.49382989002793776, 'preprocessor:nystroem_sampler:gamma': 0.10000000000000006},
dataset_properties={
  'task': 2,
  'sparse': False,
  'multilabel': False,
  'multiclass': True,
  'target_type': 'classification',
  'signed': False}))]",0.2555023923444976,0.0,0.2540375292567897,0.0,0.2555023923444976,0.0,0.24787358633981366,0.0
dataset_59_ionosphere,14416.345856189728,0.9090909090909091,0.9087774294670847,0.9090909090909091,0.9084220815969544,"[(0.06, SimpleClassificationPipeline({'balancing:strategy': 'none', 'categorical_encoding:__choice__': 'no_encoding', 'classifier:__choice__': 'passive_aggressive', 'imputation:strategy': 'median', 'preprocessor:__choice__': 'kernel_pca', 'rescaling:__choice__': 'normalize', 'classifier:passive_aggressive:C': 4.0882339686444205, 'classifier:passive_aggressive:average': 'True', 'classifier:passive_aggressive:fit_intercept': 'True', 'classifier:passive_aggressive:loss': 'squared_hinge', 'classifier:passive_aggressive:tol': 1.9303660042171494e-05, 'preprocessor:kernel_pca:kernel': 'poly', 'preprocessor:kernel_pca:n_components': 390, 'preprocessor:kernel_pca:coef0': -0.21674574989720286, 'preprocessor:kernel_pca:degree': 5, 'preprocessor:kernel_pca:gamma': 1.0},
dataset_properties={
  'task': 1,
  'sparse': False,
  'multilabel': False,
  'multiclass': False,
  'target_type': 'classification',
  'signed': False})), (0.06, SimpleClassificationPipeline({'balancing:strategy': 'none', 'categorical_encoding:__choice__': 'no_encoding', 'classifier:__choice__': 'passive_aggressive', 'imputation:strategy': 'median', 'preprocessor:__choice__': 'kernel_pca', 'rescaling:__choice__': 'normalize', 'classifier:passive_aggressive:C': 4.0882339686444205, 'classifier:passive_aggressive:average': 'True', 'classifier:passive_aggressive:fit_intercept': 'True', 'classifier:passive_aggressive:loss': 'squared_hinge', 'classifier:passive_aggressive:tol': 2.0536069749481233e-05, 'preprocessor:kernel_pca:kernel': 'poly', 'preprocessor:kernel_pca:n_components': 390, 'preprocessor:kernel_pca:coef0': -0.21674574989720286, 'preprocessor:kernel_pca:degree': 5, 'preprocessor:kernel_pca:gamma': 1.0},
dataset_properties={
  'task': 1,
  'sparse': False,
  'multilabel': False,
  'multiclass': False,
  'target_type': 'classification',
  'signed': False})), (0.06, SimpleClassificationPipeline({'balancing:strategy': 'none', 'categorical_encoding:__choice__': 'one_hot_encoding', 'classifier:__choice__': 'passive_aggressive', 'imputation:strategy': 'median', 'preprocessor:__choice__': 'kernel_pca', 'rescaling:__choice__': 'normalize', 'categorical_encoding:one_hot_encoding:use_minimum_fraction': 'True', 'classifier:passive_aggressive:C': 6.491644314842046, 'classifier:passive_aggressive:average': 'True', 'classifier:passive_aggressive:fit_intercept': 'True', 'classifier:passive_aggressive:loss': 'hinge', 'classifier:passive_aggressive:tol': 1.1308275218837518e-05, 'preprocessor:kernel_pca:kernel': 'poly', 'preprocessor:kernel_pca:n_components': 300, 'categorical_encoding:one_hot_encoding:minimum_fraction': 0.010000000000000004, 'preprocessor:kernel_pca:coef0': -0.19793532374717993, 'preprocessor:kernel_pca:degree': 5, 'preprocessor:kernel_pca:gamma': 0.7290088413930185},
dataset_properties={
  'task': 1,
  'sparse': False,
  'multilabel': False,
  'multiclass': False,
  'target_type': 'classification',
  'signed': False})), (0.06, SimpleClassificationPipeline({'balancing:strategy': 'none', 'categorical_encoding:__choice__': 'no_encoding', 'classifier:__choice__': 'passive_aggressive', 'imputation:strategy': 'median', 'preprocessor:__choice__': 'kernel_pca', 'rescaling:__choice__': 'normalize', 'classifier:passive_aggressive:C': 6.6089955066692605, 'classifier:passive_aggressive:average': 'True', 'classifier:passive_aggressive:fit_intercept': 'True', 'classifier:passive_aggressive:loss': 'hinge', 'classifier:passive_aggressive:tol': 0.001475333452123526, 'preprocessor:kernel_pca:kernel': 'poly', 'preprocessor:kernel_pca:n_components': 1095, 'preprocessor:kernel_pca:coef0': -0.21120935989524237, 'preprocessor:kernel_pca:degree': 5, 'preprocessor:kernel_pca:gamma': 0.7378147457738615},
dataset_properties={
  'task': 1,
  'sparse': False,
  'multilabel': False,
  'multiclass': False,
  'target_type': 'classification',
  'signed': False})), (0.06, SimpleClassificationPipeline({'balancing:strategy': 'none', 'categorical_encoding:__choice__': 'no_encoding', 'classifier:__choice__': 'passive_aggressive', 'imputation:strategy': 'median', 'preprocessor:__choice__': 'kernel_pca', 'rescaling:__choice__': 'normalize', 'classifier:passive_aggressive:C': 4.0882339686444205, 'classifier:passive_aggressive:average': 'True', 'classifier:passive_aggressive:fit_intercept': 'True', 'classifier:passive_aggressive:loss': 'squared_hinge', 'classifier:passive_aggressive:tol': 2.8250210763779942e-05, 'preprocessor:kernel_pca:kernel': 'poly', 'preprocessor:kernel_pca:n_components': 541, 'preprocessor:kernel_pca:coef0': -0.21674574989720286, 'preprocessor:kernel_pca:degree': 5, 'preprocessor:kernel_pca:gamma': 1.0},
dataset_properties={
  'task': 1,
  'sparse': False,
  'multilabel': False,
  'multiclass': False,
  'target_type': 'classification',
  'signed': False})), (0.04, SimpleClassificationPipeline({'balancing:strategy': 'weighting', 'categorical_encoding:__choice__': 'one_hot_encoding', 'classifier:__choice__': 'passive_aggressive', 'imputation:strategy': 'mean', 'preprocessor:__choice__': 'kernel_pca', 'rescaling:__choice__': 'normalize', 'categorical_encoding:one_hot_encoding:use_minimum_fraction': 'True', 'classifier:passive_aggressive:C': 5.872003395321902, 'classifier:passive_aggressive:average': 'True', 'classifier:passive_aggressive:fit_intercept': 'True', 'classifier:passive_aggressive:loss': 'hinge', 'classifier:passive_aggressive:tol': 1.0018819803861889e-05, 'preprocessor:kernel_pca:kernel': 'poly', 'preprocessor:kernel_pca:n_components': 468, 'categorical_encoding:one_hot_encoding:minimum_fraction': 0.010000000000000004, 'preprocessor:kernel_pca:coef0': -0.1684381269176738, 'preprocessor:kernel_pca:degree': 5, 'preprocessor:kernel_pca:gamma': 0.8802130545617917},
dataset_properties={
  'task': 1,
  'sparse': False,
  'multilabel': False,
  'multiclass': False,
  'target_type': 'classification',
  'signed': False})), (0.04, SimpleClassificationPipeline({'balancing:strategy': 'weighting', 'categorical_encoding:__choice__': 'no_encoding', 'classifier:__choice__': 'passive_aggressive', 'imputation:strategy': 'median', 'preprocessor:__choice__': 'kernel_pca', 'rescaling:__choice__': 'normalize', 'classifier:passive_aggressive:C': 4.0882339686444205, 'classifier:passive_aggressive:average': 'True', 'classifier:passive_aggressive:fit_intercept': 'True', 'classifier:passive_aggressive:loss': 'squared_hinge', 'classifier:passive_aggressive:tol': 0.00021223053992528956, 'preprocessor:kernel_pca:kernel': 'poly', 'preprocessor:kernel_pca:n_components': 390, 'preprocessor:kernel_pca:coef0': -0.21674574989720286, 'preprocessor:kernel_pca:degree': 5, 'preprocessor:kernel_pca:gamma': 1.0},
dataset_properties={
  'task': 1,
  'sparse': False,
  'multilabel': False,
  'multiclass': False,
  'target_type': 'classification',
  'signed': False})), (0.04, SimpleClassificationPipeline({'balancing:strategy': 'none', 'categorical_encoding:__choice__': 'no_encoding', 'classifier:__choice__': 'passive_aggressive', 'imputation:strategy': 'median', 'preprocessor:__choice__': 'kernel_pca', 'rescaling:__choice__': 'normalize', 'classifier:passive_aggressive:C': 7.694092583968857, 'classifier:passive_aggressive:average': 'True', 'classifier:passive_aggressive:fit_intercept': 'True', 'classifier:passive_aggressive:loss': 'hinge', 'classifier:passive_aggressive:tol': 0.001929951013758343, 'preprocessor:kernel_pca:kernel': 'poly', 'preprocessor:kernel_pca:n_components': 402, 'preprocessor:kernel_pca:coef0': -0.19793532374717993, 'preprocessor:kernel_pca:degree': 5, 'preprocessor:kernel_pca:gamma': 0.7290088413930185},
dataset_properties={
  'task': 1,
  'sparse': False,
  'multilabel': False,
  'multiclass': False,
  'target_type': 'classification',
  'signed': False})), (0.04, SimpleClassificationPipeline({'balancing:strategy': 'none', 'categorical_encoding:__choice__': 'no_encoding', 'classifier:__choice__': 'passive_aggressive', 'imputation:strategy': 'median', 'preprocessor:__choice__': 'kernel_pca', 'rescaling:__choice__': 'normalize', 'classifier:passive_aggressive:C': 4.0882339686444205, 'classifier:passive_aggressive:average': 'False', 'classifier:passive_aggressive:fit_intercept': 'True', 'classifier:passive_aggressive:loss': 'squared_hinge', 'classifier:passive_aggressive:tol': 1.6356546739948827e-05, 'preprocessor:kernel_pca:kernel': 'poly', 'preprocessor:kernel_pca:n_components': 541, 'preprocessor:kernel_pca:coef0': -0.21674574989720286, 'preprocessor:kernel_pca:degree': 5, 'preprocessor:kernel_pca:gamma': 1.0},
dataset_properties={
  'task': 1,
  'sparse': False,
  'multilabel': False,
  'multiclass': False,
  'target_type': 'classification',
  'signed': False})), (0.04, SimpleClassificationPipeline({'balancing:strategy': 'none', 'categorical_encoding:__choice__': 'one_hot_encoding', 'classifier:__choice__': 'passive_aggressive', 'imputation:strategy': 'median', 'preprocessor:__choice__': 'kernel_pca', 'rescaling:__choice__': 'normalize', 'categorical_encoding:one_hot_encoding:use_minimum_fraction': 'False', 'classifier:passive_aggressive:C': 5.500670347855825, 'classifier:passive_aggressive:average': 'True', 'classifier:passive_aggressive:fit_intercept': 'True', 'classifier:passive_aggressive:loss': 'hinge', 'classifier:passive_aggressive:tol': 1.1389051667875662e-05, 'preprocessor:kernel_pca:kernel': 'poly', 'preprocessor:kernel_pca:n_components': 416, 'preprocessor:kernel_pca:coef0': -0.2271004336057334, 'preprocessor:kernel_pca:degree': 5, 'preprocessor:kernel_pca:gamma': 0.8292791843027962},
dataset_properties={
  'task': 1,
  'sparse': False,
  'multilabel': False,
  'multiclass': False,
  'target_type': 'classification',
  'signed': False})), (0.04, SimpleClassificationPipeline({'balancing:strategy': 'none', 'categorical_encoding:__choice__': 'no_encoding', 'classifier:__choice__': 'passive_aggressive', 'imputation:strategy': 'median', 'preprocessor:__choice__': 'kernel_pca', 'rescaling:__choice__': 'normalize', 'classifier:passive_aggressive:C': 0.16751738388401302, 'classifier:passive_aggressive:average': 'True', 'classifier:passive_aggressive:fit_intercept': 'True', 'classifier:passive_aggressive:loss': 'squared_hinge', 'classifier:passive_aggressive:tol': 2.6934120941976564e-05, 'preprocessor:kernel_pca:kernel': 'poly', 'preprocessor:kernel_pca:n_components': 137, 'preprocessor:kernel_pca:coef0': -0.19925547978832414, 'preprocessor:kernel_pca:degree': 5, 'preprocessor:kernel_pca:gamma': 0.8292791843027962},
dataset_properties={
  'task': 1,
  'sparse': False,
  'multilabel': False,
  'multiclass': False,
  'target_type': 'classification',
  'signed': False})), (0.04, SimpleClassificationPipeline({'balancing:strategy': 'none', 'categorical_encoding:__choice__': 'one_hot_encoding', 'classifier:__choice__': 'passive_aggressive', 'imputation:strategy': 'median', 'preprocessor:__choice__': 'kernel_pca', 'rescaling:__choice__': 'normalize', 'categorical_encoding:one_hot_encoding:use_minimum_fraction': 'False', 'classifier:passive_aggressive:C': 6.6089955066692605, 'classifier:passive_aggressive:average': 'True', 'classifier:passive_aggressive:fit_intercept': 'True', 'classifier:passive_aggressive:loss': 'hinge', 'classifier:passive_aggressive:tol': 0.001475333452123526, 'preprocessor:kernel_pca:kernel': 'poly', 'preprocessor:kernel_pca:n_components': 821, 'preprocessor:kernel_pca:coef0': -0.21120935989524237, 'preprocessor:kernel_pca:degree': 5, 'preprocessor:kernel_pca:gamma': 0.7378147457738615},
dataset_properties={
  'task': 1,
  'sparse': False,
  'multilabel': False,
  'multiclass': False,
  'target_type': 'classification',
  'signed': False})), (0.04, SimpleClassificationPipeline({'balancing:strategy': 'none', 'categorical_encoding:__choice__': 'one_hot_encoding', 'classifier:__choice__': 'passive_aggressive', 'imputation:strategy': 'median', 'preprocessor:__choice__': 'kernel_pca', 'rescaling:__choice__': 'normalize', 'categorical_encoding:one_hot_encoding:use_minimum_fraction': 'True', 'classifier:passive_aggressive:C': 6.491644314842046, 'classifier:passive_aggressive:average': 'True', 'classifier:passive_aggressive:fit_intercept': 'True', 'classifier:passive_aggressive:loss': 'hinge', 'classifier:passive_aggressive:tol': 0.0006516444317062872, 'preprocessor:kernel_pca:kernel': 'poly', 'preprocessor:kernel_pca:n_components': 1126, 'categorical_encoding:one_hot_encoding:minimum_fraction': 0.010000000000000004, 'preprocessor:kernel_pca:coef0': -0.19793532374717993, 'preprocessor:kernel_pca:degree': 5, 'preprocessor:kernel_pca:gamma': 0.773474374238125},
dataset_properties={
  'task': 1,
  'sparse': False,
  'multilabel': False,
  'multiclass': False,
  'target_type': 'classification',
  'signed': False})), (0.02, SimpleClassificationPipeline({'balancing:strategy': 'none', 'categorical_encoding:__choice__': 'one_hot_encoding', 'classifier:__choice__': 'passive_aggressive', 'imputation:strategy': 'median', 'preprocessor:__choice__': 'kernel_pca', 'rescaling:__choice__': 'normalize', 'categorical_encoding:one_hot_encoding:use_minimum_fraction': 'True', 'classifier:passive_aggressive:C': 6.491644314842046, 'classifier:passive_aggressive:average': 'True', 'classifier:passive_aggressive:fit_intercept': 'True', 'classifier:passive_aggressive:loss': 'hinge', 'classifier:passive_aggressive:tol': 1.1308275218837518e-05, 'preprocessor:kernel_pca:kernel': 'poly', 'preprocessor:kernel_pca:n_components': 407, 'categorical_encoding:one_hot_encoding:minimum_fraction': 0.010000000000000004, 'preprocessor:kernel_pca:coef0': -0.19793532374717993, 'preprocessor:kernel_pca:degree': 5, 'preprocessor:kernel_pca:gamma': 0.7290088413930185},
dataset_properties={
  'task': 1,
  'sparse': False,
  'multilabel': False,
  'multiclass': False,
  'target_type': 'classification',
  'signed': False})), (0.02, SimpleClassificationPipeline({'balancing:strategy': 'weighting', 'categorical_encoding:__choice__': 'no_encoding', 'classifier:__choice__': 'passive_aggressive', 'imputation:strategy': 'most_frequent', 'preprocessor:__choice__': 'kernel_pca', 'rescaling:__choice__': 'normalize', 'classifier:passive_aggressive:C': 8.137648233137602, 'classifier:passive_aggressive:average': 'True', 'classifier:passive_aggressive:fit_intercept': 'True', 'classifier:passive_aggressive:loss': 'squared_hinge', 'classifier:passive_aggressive:tol': 0.00023411625658531393, 'preprocessor:kernel_pca:kernel': 'poly', 'preprocessor:kernel_pca:n_components': 855, 'preprocessor:kernel_pca:coef0': -0.2215908640745795, 'preprocessor:kernel_pca:degree': 5, 'preprocessor:kernel_pca:gamma': 1.0950217251878174},
dataset_properties={
  'task': 1,
  'sparse': False,
  'multilabel': False,
  'multiclass': False,
  'target_type': 'classification',
  'signed': False})), (0.02, SimpleClassificationPipeline({'balancing:strategy': 'none', 'categorical_encoding:__choice__': 'no_encoding', 'classifier:__choice__': 'passive_aggressive', 'imputation:strategy': 'median', 'preprocessor:__choice__': 'kernel_pca', 'rescaling:__choice__': 'normalize', 'classifier:passive_aggressive:C': 0.16751738388401302, 'classifier:passive_aggressive:average': 'True', 'classifier:passive_aggressive:fit_intercept': 'True', 'classifier:passive_aggressive:loss': 'squared_hinge', 'classifier:passive_aggressive:tol': 2.6934120941976564e-05, 'preprocessor:kernel_pca:kernel': 'poly', 'preprocessor:kernel_pca:n_components': 820, 'preprocessor:kernel_pca:coef0': -0.19925547978832414, 'preprocessor:kernel_pca:degree': 5, 'preprocessor:kernel_pca:gamma': 0.8292791843027962},
dataset_properties={
  'task': 1,
  'sparse': False,
  'multilabel': False,
  'multiclass': False,
  'target_type': 'classification',
  'signed': False})), (0.02, SimpleClassificationPipeline({'balancing:strategy': 'weighting', 'categorical_encoding:__choice__': 'one_hot_encoding', 'classifier:__choice__': 'passive_aggressive', 'imputation:strategy': 'most_frequent', 'preprocessor:__choice__': 'kernel_pca', 'rescaling:__choice__': 'normalize', 'categorical_encoding:one_hot_encoding:use_minimum_fraction': 'True', 'classifier:passive_aggressive:C': 5.872003395321902, 'classifier:passive_aggressive:average': 'True', 'classifier:passive_aggressive:fit_intercept': 'True', 'classifier:passive_aggressive:loss': 'hinge', 'classifier:passive_aggressive:tol': 1.0018819803861889e-05, 'preprocessor:kernel_pca:kernel': 'poly', 'preprocessor:kernel_pca:n_components': 398, 'categorical_encoding:one_hot_encoding:minimum_fraction': 0.010000000000000004, 'preprocessor:kernel_pca:coef0': -0.1684381269176738, 'preprocessor:kernel_pca:degree': 5, 'preprocessor:kernel_pca:gamma': 0.8802130545617917},
dataset_properties={
  'task': 1,
  'sparse': False,
  'multilabel': False,
  'multiclass': False,
  'target_type': 'classification',
  'signed': False})), (0.02, SimpleClassificationPipeline({'balancing:strategy': 'none', 'categorical_encoding:__choice__': 'no_encoding', 'classifier:__choice__': 'passive_aggressive', 'imputation:strategy': 'median', 'preprocessor:__choice__': 'kernel_pca', 'rescaling:__choice__': 'normalize', 'classifier:passive_aggressive:C': 4.0882339686444205, 'classifier:passive_aggressive:average': 'True', 'classifier:passive_aggressive:fit_intercept': 'True', 'classifier:passive_aggressive:loss': 'squared_hinge', 'classifier:passive_aggressive:tol': 0.00022597880628366727, 'preprocessor:kernel_pca:kernel': 'poly', 'preprocessor:kernel_pca:n_components': 129, 'preprocessor:kernel_pca:coef0': -0.21674574989720286, 'preprocessor:kernel_pca:degree': 5, 'preprocessor:kernel_pca:gamma': 1.0},
dataset_properties={
  'task': 1,
  'sparse': False,
  'multilabel': False,
  'multiclass': False,
  'target_type': 'classification',
  'signed': False})), (0.02, SimpleClassificationPipeline({'balancing:strategy': 'none', 'categorical_encoding:__choice__': 'one_hot_encoding', 'classifier:__choice__': 'passive_aggressive', 'imputation:strategy': 'median', 'preprocessor:__choice__': 'kernel_pca', 'rescaling:__choice__': 'normalize', 'categorical_encoding:one_hot_encoding:use_minimum_fraction': 'False', 'classifier:passive_aggressive:C': 2.413705615515641, 'classifier:passive_aggressive:average': 'True', 'classifier:passive_aggressive:fit_intercept': 'True', 'classifier:passive_aggressive:loss': 'squared_hinge', 'classifier:passive_aggressive:tol': 9.430872204714365e-05, 'preprocessor:kernel_pca:kernel': 'poly', 'preprocessor:kernel_pca:n_components': 158, 'preprocessor:kernel_pca:coef0': -0.2128569896205028, 'preprocessor:kernel_pca:degree': 5, 'preprocessor:kernel_pca:gamma': 1.0},
dataset_properties={
  'task': 1,
  'sparse': False,
  'multilabel': False,
  'multiclass': False,
  'target_type': 'classification',
  'signed': False})), (0.02, SimpleClassificationPipeline({'balancing:strategy': 'weighting', 'categorical_encoding:__choice__': 'one_hot_encoding', 'classifier:__choice__': 'passive_aggressive', 'imputation:strategy': 'most_frequent', 'preprocessor:__choice__': 'kernel_pca', 'rescaling:__choice__': 'normalize', 'categorical_encoding:one_hot_encoding:use_minimum_fraction': 'True', 'classifier:passive_aggressive:C': 5.872003395321902, 'classifier:passive_aggressive:average': 'True', 'classifier:passive_aggressive:fit_intercept': 'True', 'classifier:passive_aggressive:loss': 'hinge', 'classifier:passive_aggressive:tol': 1.0018819803861889e-05, 'preprocessor:kernel_pca:kernel': 'poly', 'preprocessor:kernel_pca:n_components': 468, 'categorical_encoding:one_hot_encoding:minimum_fraction': 0.010000000000000004, 'preprocessor:kernel_pca:coef0': -0.1684381269176738, 'preprocessor:kernel_pca:degree': 5, 'preprocessor:kernel_pca:gamma': 0.8802130545617917},
dataset_properties={
  'task': 1,
  'sparse': False,
  'multilabel': False,
  'multiclass': False,
  'target_type': 'classification',
  'signed': False})), (0.02, SimpleClassificationPipeline({'balancing:strategy': 'none', 'categorical_encoding:__choice__': 'no_encoding', 'classifier:__choice__': 'passive_aggressive', 'imputation:strategy': 'mean', 'preprocessor:__choice__': 'kernel_pca', 'rescaling:__choice__': 'normalize', 'classifier:passive_aggressive:C': 3.8002923511034528, 'classifier:passive_aggressive:average': 'True', 'classifier:passive_aggressive:fit_intercept': 'True', 'classifier:passive_aggressive:loss': 'squared_hinge', 'classifier:passive_aggressive:tol': 1.0254621907958663e-05, 'preprocessor:kernel_pca:kernel': 'poly', 'preprocessor:kernel_pca:n_components': 390, 'preprocessor:kernel_pca:coef0': -0.18930253125633534, 'preprocessor:kernel_pca:degree': 5, 'preprocessor:kernel_pca:gamma': 1.0},
dataset_properties={
  'task': 1,
  'sparse': False,
  'multilabel': False,
  'multiclass': False,
  'target_type': 'classification',
  'signed': False})), (0.02, SimpleClassificationPipeline({'balancing:strategy': 'none', 'categorical_encoding:__choice__': 'no_encoding', 'classifier:__choice__': 'passive_aggressive', 'imputation:strategy': 'median', 'preprocessor:__choice__': 'kernel_pca', 'rescaling:__choice__': 'normalize', 'classifier:passive_aggressive:C': 4.0882339686444205, 'classifier:passive_aggressive:average': 'True', 'classifier:passive_aggressive:fit_intercept': 'True', 'classifier:passive_aggressive:loss': 'squared_hinge', 'classifier:passive_aggressive:tol': 2.8250210763779942e-05, 'preprocessor:kernel_pca:kernel': 'poly', 'preprocessor:kernel_pca:n_components': 428, 'preprocessor:kernel_pca:coef0': -0.21674574989720286, 'preprocessor:kernel_pca:degree': 5, 'preprocessor:kernel_pca:gamma': 1.0},
dataset_properties={
  'task': 1,
  'sparse': False,
  'multilabel': False,
  'multiclass': False,
  'target_type': 'classification',
  'signed': False})), (0.02, SimpleClassificationPipeline({'balancing:strategy': 'none', 'categorical_encoding:__choice__': 'one_hot_encoding', 'classifier:__choice__': 'passive_aggressive', 'imputation:strategy': 'mean', 'preprocessor:__choice__': 'kernel_pca', 'rescaling:__choice__': 'normalize', 'categorical_encoding:one_hot_encoding:use_minimum_fraction': 'False', 'classifier:passive_aggressive:C': 2.413705615515641, 'classifier:passive_aggressive:average': 'True', 'classifier:passive_aggressive:fit_intercept': 'True', 'classifier:passive_aggressive:loss': 'squared_hinge', 'classifier:passive_aggressive:tol': 9.430872204714365e-05, 'preprocessor:kernel_pca:kernel': 'poly', 'preprocessor:kernel_pca:n_components': 158, 'preprocessor:kernel_pca:coef0': -0.2128569896205028, 'preprocessor:kernel_pca:degree': 5, 'preprocessor:kernel_pca:gamma': 1.0},
dataset_properties={
  'task': 1,
  'sparse': False,
  'multilabel': False,
  'multiclass': False,
  'target_type': 'classification',
  'signed': False})), (0.02, SimpleClassificationPipeline({'balancing:strategy': 'weighting', 'categorical_encoding:__choice__': 'no_encoding', 'classifier:__choice__': 'passive_aggressive', 'imputation:strategy': 'mean', 'preprocessor:__choice__': 'kernel_pca', 'rescaling:__choice__': 'normalize', 'classifier:passive_aggressive:C': 5.872003395321902, 'classifier:passive_aggressive:average': 'True', 'classifier:passive_aggressive:fit_intercept': 'True', 'classifier:passive_aggressive:loss': 'hinge', 'classifier:passive_aggressive:tol': 1.0018819803861889e-05, 'preprocessor:kernel_pca:kernel': 'poly', 'preprocessor:kernel_pca:n_components': 468, 'preprocessor:kernel_pca:coef0': -0.1684381269176738, 'preprocessor:kernel_pca:degree': 5, 'preprocessor:kernel_pca:gamma': 0.8802130545617917},
dataset_properties={
  'task': 1,
  'sparse': False,
  'multilabel': False,
  'multiclass': False,
  'target_type': 'classification',
  'signed': False})), (0.02, SimpleClassificationPipeline({'balancing:strategy': 'none', 'categorical_encoding:__choice__': 'one_hot_encoding', 'classifier:__choice__': 'passive_aggressive', 'imputation:strategy': 'median', 'preprocessor:__choice__': 'kernel_pca', 'rescaling:__choice__': 'normalize', 'categorical_encoding:one_hot_encoding:use_minimum_fraction': 'False', 'classifier:passive_aggressive:C': 5.470296761312412, 'classifier:passive_aggressive:average': 'True', 'classifier:passive_aggressive:fit_intercept': 'True', 'classifier:passive_aggressive:loss': 'hinge', 'classifier:passive_aggressive:tol': 0.001519344288593711, 'preprocessor:kernel_pca:kernel': 'poly', 'preprocessor:kernel_pca:n_components': 1126, 'preprocessor:kernel_pca:coef0': -0.19793532374717993, 'preprocessor:kernel_pca:degree': 5, 'preprocessor:kernel_pca:gamma': 0.7290088413930185},
dataset_properties={
  'task': 1,
  'sparse': False,
  'multilabel': False,
  'multiclass': False,
  'target_type': 'classification',
  'signed': False})), (0.02, SimpleClassificationPipeline({'balancing:strategy': 'weighting', 'categorical_encoding:__choice__': 'no_encoding', 'classifier:__choice__': 'passive_aggressive', 'imputation:strategy': 'median', 'preprocessor:__choice__': 'kernel_pca', 'rescaling:__choice__': 'normalize', 'classifier:passive_aggressive:C': 4.0882339686444205, 'classifier:passive_aggressive:average': 'True', 'classifier:passive_aggressive:fit_intercept': 'True', 'classifier:passive_aggressive:loss': 'squared_hinge', 'classifier:passive_aggressive:tol': 2.0536069749481233e-05, 'preprocessor:kernel_pca:kernel': 'poly', 'preprocessor:kernel_pca:n_components': 541, 'preprocessor:kernel_pca:coef0': -0.21674574989720286, 'preprocessor:kernel_pca:degree': 5, 'preprocessor:kernel_pca:gamma': 1.0},
dataset_properties={
  'task': 1,
  'sparse': False,
  'multilabel': False,
  'multiclass': False,
  'target_type': 'classification',
  'signed': False})), (0.02, SimpleClassificationPipeline({'balancing:strategy': 'none', 'categorical_encoding:__choice__': 'one_hot_encoding', 'classifier:__choice__': 'passive_aggressive', 'imputation:strategy': 'median', 'preprocessor:__choice__': 'kernel_pca', 'rescaling:__choice__': 'normalize', 'categorical_encoding:one_hot_encoding:use_minimum_fraction': 'True', 'classifier:passive_aggressive:C': 6.491644314842046, 'classifier:passive_aggressive:average': 'True', 'classifier:passive_aggressive:fit_intercept': 'True', 'classifier:passive_aggressive:loss': 'hinge', 'classifier:passive_aggressive:tol': 1.1308275218837518e-05, 'preprocessor:kernel_pca:kernel': 'poly', 'preprocessor:kernel_pca:n_components': 937, 'categorical_encoding:one_hot_encoding:minimum_fraction': 0.010000000000000004, 'preprocessor:kernel_pca:coef0': -0.19793532374717993, 'preprocessor:kernel_pca:degree': 5, 'preprocessor:kernel_pca:gamma': 0.7290088413930185},
dataset_properties={
  'task': 1,
  'sparse': False,
  'multilabel': False,
  'multiclass': False,
  'target_type': 'classification',
  'signed': False})), (0.02, SimpleClassificationPipeline({'balancing:strategy': 'none', 'categorical_encoding:__choice__': 'no_encoding', 'classifier:__choice__': 'passive_aggressive', 'imputation:strategy': 'median', 'preprocessor:__choice__': 'kernel_pca', 'rescaling:__choice__': 'normalize', 'classifier:passive_aggressive:C': 4.0882339686444205, 'classifier:passive_aggressive:average': 'True', 'classifier:passive_aggressive:fit_intercept': 'True', 'classifier:passive_aggressive:loss': 'squared_hinge', 'classifier:passive_aggressive:tol': 2.8250210763779942e-05, 'preprocessor:kernel_pca:kernel': 'poly', 'preprocessor:kernel_pca:n_components': 989, 'preprocessor:kernel_pca:coef0': -0.21674574989720286, 'preprocessor:kernel_pca:degree': 5, 'preprocessor:kernel_pca:gamma': 1.0},
dataset_properties={
  'task': 1,
  'sparse': False,
  'multilabel': False,
  'multiclass': False,
  'target_type': 'classification',
  'signed': False})), (0.02, SimpleClassificationPipeline({'balancing:strategy': 'none', 'categorical_encoding:__choice__': 'one_hot_encoding', 'classifier:__choice__': 'passive_aggressive', 'imputation:strategy': 'mean', 'preprocessor:__choice__': 'kernel_pca', 'rescaling:__choice__': 'normalize', 'categorical_encoding:one_hot_encoding:use_minimum_fraction': 'False', 'classifier:passive_aggressive:C': 9.725904784808977, 'classifier:passive_aggressive:average': 'True', 'classifier:passive_aggressive:fit_intercept': 'True', 'classifier:passive_aggressive:loss': 'hinge', 'classifier:passive_aggressive:tol': 0.0044124966072380915, 'preprocessor:kernel_pca:kernel': 'poly', 'preprocessor:kernel_pca:n_components': 441, 'preprocessor:kernel_pca:coef0': -0.22247238507270306, 'preprocessor:kernel_pca:degree': 5, 'preprocessor:kernel_pca:gamma': 0.8253963413325518},
dataset_properties={
  'task': 1,
  'sparse': False,
  'multilabel': False,
  'multiclass': False,
  'target_type': 'classification',
  'signed': False})), (0.02, SimpleClassificationPipeline({'balancing:strategy': 'none', 'categorical_encoding:__choice__': 'no_encoding', 'classifier:__choice__': 'passive_aggressive', 'imputation:strategy': 'median', 'preprocessor:__choice__': 'kernel_pca', 'rescaling:__choice__': 'normalize', 'classifier:passive_aggressive:C': 7.684645081238743, 'classifier:passive_aggressive:average': 'True', 'classifier:passive_aggressive:fit_intercept': 'True', 'classifier:passive_aggressive:loss': 'hinge', 'classifier:passive_aggressive:tol': 0.0002962062409373169, 'preprocessor:kernel_pca:kernel': 'poly', 'preprocessor:kernel_pca:n_components': 1126, 'preprocessor:kernel_pca:coef0': -0.19793532374717993, 'preprocessor:kernel_pca:degree': 5, 'preprocessor:kernel_pca:gamma': 0.773474374238125},
dataset_properties={
  'task': 1,
  'sparse': False,
  'multilabel': False,
  'multiclass': False,
  'target_type': 'classification',
  'signed': False})), (0.02, SimpleClassificationPipeline({'balancing:strategy': 'none', 'categorical_encoding:__choice__': 'one_hot_encoding', 'classifier:__choice__': 'passive_aggressive', 'imputation:strategy': 'median', 'preprocessor:__choice__': 'kernel_pca', 'rescaling:__choice__': 'normalize', 'categorical_encoding:one_hot_encoding:use_minimum_fraction': 'True', 'classifier:passive_aggressive:C': 0.6966569886932156, 'classifier:passive_aggressive:average': 'False', 'classifier:passive_aggressive:fit_intercept': 'True', 'classifier:passive_aggressive:loss': 'squared_hinge', 'classifier:passive_aggressive:tol': 1.8612455850528488e-05, 'preprocessor:kernel_pca:kernel': 'poly', 'preprocessor:kernel_pca:n_components': 45, 'categorical_encoding:one_hot_encoding:minimum_fraction': 0.010000000000000004, 'preprocessor:kernel_pca:coef0': -0.2092417690864936, 'preprocessor:kernel_pca:degree': 5, 'preprocessor:kernel_pca:gamma': 0.8540633060855407},
dataset_properties={
  'task': 1,
  'sparse': False,
  'multilabel': False,
  'multiclass': False,
  'target_type': 'classification',
  'signed': False})), (0.02, SimpleClassificationPipeline({'balancing:strategy': 'none', 'categorical_encoding:__choice__': 'one_hot_encoding', 'classifier:__choice__': 'passive_aggressive', 'imputation:strategy': 'median', 'preprocessor:__choice__': 'kernel_pca', 'rescaling:__choice__': 'normalize', 'categorical_encoding:one_hot_encoding:use_minimum_fraction': 'True', 'classifier:passive_aggressive:C': 8.480861919693693, 'classifier:passive_aggressive:average': 'True', 'classifier:passive_aggressive:fit_intercept': 'True', 'classifier:passive_aggressive:loss': 'hinge', 'classifier:passive_aggressive:tol': 0.00012708956956354733, 'preprocessor:kernel_pca:kernel': 'poly', 'preprocessor:kernel_pca:n_components': 416, 'categorical_encoding:one_hot_encoding:minimum_fraction': 0.010000000000000004, 'preprocessor:kernel_pca:coef0': -0.24250803215240946, 'preprocessor:kernel_pca:degree': 5, 'preprocessor:kernel_pca:gamma': 0.8292791843027962},
dataset_properties={
  'task': 1,
  'sparse': False,
  'multilabel': False,
  'multiclass': False,
  'target_type': 'classification',
  'signed': False}))]",0.9090909090909091,0.0,0.9087774294670847,0.0,0.9090909090909091,0.0,0.9084220815969544,0.0
leukemia,14400.025001764297,1.0,1.0,1.0,1.0,"[(0.08, SimpleClassificationPipeline({'balancing:strategy': 'none', 'categorical_encoding:__choice__': 'one_hot_encoding', 'classifier:__choice__': 'gaussian_nb', 'imputation:strategy': 'most_frequent', 'preprocessor:__choice__': 'select_percentile_classification', 'rescaling:__choice__': 'minmax', 'categorical_encoding:one_hot_encoding:use_minimum_fraction': 'False', 'preprocessor:select_percentile_classification:percentile': 3.091904483125936, 'preprocessor:select_percentile_classification:score_func': 'mutual_info'},
dataset_properties={
  'task': 1,
  'sparse': False,
  'multilabel': False,
  'multiclass': False,
  'target_type': 'classification',
  'signed': False})), (0.06, SimpleClassificationPipeline({'balancing:strategy': 'weighting', 'categorical_encoding:__choice__': 'one_hot_encoding', 'classifier:__choice__': 'passive_aggressive', 'imputation:strategy': 'mean', 'preprocessor:__choice__': 'select_rates', 'rescaling:__choice__': 'quantile_transformer', 'categorical_encoding:one_hot_encoding:use_minimum_fraction': 'False', 'classifier:passive_aggressive:C': 3.905880678957118, 'classifier:passive_aggressive:average': 'True', 'classifier:passive_aggressive:fit_intercept': 'True', 'classifier:passive_aggressive:loss': 'hinge', 'classifier:passive_aggressive:tol': 1.434936912246349e-05, 'preprocessor:select_rates:alpha': 0.11831369917644435, 'preprocessor:select_rates:mode': 'fpr', 'preprocessor:select_rates:score_func': 'f_classif', 'rescaling:quantile_transformer:n_quantiles': 1000, 'rescaling:quantile_transformer:output_distribution': 'uniform'},
dataset_properties={
  'task': 1,
  'sparse': False,
  'multilabel': False,
  'multiclass': False,
  'target_type': 'classification',
  'signed': False})), (0.06, SimpleClassificationPipeline({'balancing:strategy': 'none', 'categorical_encoding:__choice__': 'no_encoding', 'classifier:__choice__': 'multinomial_nb', 'imputation:strategy': 'mean', 'preprocessor:__choice__': 'liblinear_svc_preprocessor', 'rescaling:__choice__': 'none', 'classifier:multinomial_nb:alpha': 11.226540274216912, 'classifier:multinomial_nb:fit_prior': 'False', 'preprocessor:liblinear_svc_preprocessor:C': 0.5530634185963718, 'preprocessor:liblinear_svc_preprocessor:dual': 'False', 'preprocessor:liblinear_svc_preprocessor:fit_intercept': 'True', 'preprocessor:liblinear_svc_preprocessor:intercept_scaling': 1, 'preprocessor:liblinear_svc_preprocessor:loss': 'squared_hinge', 'preprocessor:liblinear_svc_preprocessor:multi_class': 'ovr', 'preprocessor:liblinear_svc_preprocessor:penalty': 'l1', 'preprocessor:liblinear_svc_preprocessor:tol': 0.0034596058864293875},
dataset_properties={
  'task': 1,
  'sparse': False,
  'multilabel': False,
  'multiclass': False,
  'target_type': 'classification',
  'signed': False})), (0.06, SimpleClassificationPipeline({'balancing:strategy': 'none', 'categorical_encoding:__choice__': 'one_hot_encoding', 'classifier:__choice__': 'passive_aggressive', 'imputation:strategy': 'mean', 'preprocessor:__choice__': 'select_rates', 'rescaling:__choice__': 'quantile_transformer', 'categorical_encoding:one_hot_encoding:use_minimum_fraction': 'True', 'classifier:passive_aggressive:C': 1.0, 'classifier:passive_aggressive:average': 'False', 'classifier:passive_aggressive:fit_intercept': 'True', 'classifier:passive_aggressive:loss': 'squared_hinge', 'classifier:passive_aggressive:tol': 0.001809925026467962, 'preprocessor:select_rates:alpha': 0.07767459789363297, 'preprocessor:select_rates:mode': 'fdr', 'preprocessor:select_rates:score_func': 'f_classif', 'rescaling:quantile_transformer:n_quantiles': 1000, 'rescaling:quantile_transformer:output_distribution': 'uniform', 'categorical_encoding:one_hot_encoding:minimum_fraction': 0.010000000000000004},
dataset_properties={
  'task': 1,
  'sparse': False,
  'multilabel': False,
  'multiclass': False,
  'target_type': 'classification',
  'signed': False})), (0.06, SimpleClassificationPipeline({'balancing:strategy': 'weighting', 'categorical_encoding:__choice__': 'one_hot_encoding', 'classifier:__choice__': 'passive_aggressive', 'imputation:strategy': 'mean', 'preprocessor:__choice__': 'select_rates', 'rescaling:__choice__': 'quantile_transformer', 'categorical_encoding:one_hot_encoding:use_minimum_fraction': 'False', 'classifier:passive_aggressive:C': 3.633594521535556, 'classifier:passive_aggressive:average': 'True', 'classifier:passive_aggressive:fit_intercept': 'True', 'classifier:passive_aggressive:loss': 'hinge', 'classifier:passive_aggressive:tol': 1.380225570144514e-05, 'preprocessor:select_rates:alpha': 0.4809597618590946, 'preprocessor:select_rates:mode': 'fpr', 'preprocessor:select_rates:score_func': 'chi2', 'rescaling:quantile_transformer:n_quantiles': 1000, 'rescaling:quantile_transformer:output_distribution': 'uniform'},
dataset_properties={
  'task': 1,
  'sparse': False,
  'multilabel': False,
  'multiclass': False,
  'target_type': 'classification',
  'signed': False})), (0.04, SimpleClassificationPipeline({'balancing:strategy': 'none', 'categorical_encoding:__choice__': 'one_hot_encoding', 'classifier:__choice__': 'passive_aggressive', 'imputation:strategy': 'most_frequent', 'preprocessor:__choice__': 'select_rates', 'rescaling:__choice__': 'none', 'categorical_encoding:one_hot_encoding:use_minimum_fraction': 'True', 'classifier:passive_aggressive:C': 0.291791272945388, 'classifier:passive_aggressive:average': 'True', 'classifier:passive_aggressive:fit_intercept': 'True', 'classifier:passive_aggressive:loss': 'hinge', 'classifier:passive_aggressive:tol': 4.596197430860456e-05, 'preprocessor:select_rates:alpha': 0.4989885207088479, 'preprocessor:select_rates:mode': 'fdr', 'preprocessor:select_rates:score_func': 'chi2', 'categorical_encoding:one_hot_encoding:minimum_fraction': 0.0023311143842834965},
dataset_properties={
  'task': 1,
  'sparse': False,
  'multilabel': False,
  'multiclass': False,
  'target_type': 'classification',
  'signed': False})), (0.04, SimpleClassificationPipeline({'balancing:strategy': 'none', 'categorical_encoding:__choice__': 'one_hot_encoding', 'classifier:__choice__': 'passive_aggressive', 'imputation:strategy': 'mean', 'preprocessor:__choice__': 'select_rates', 'rescaling:__choice__': 'none', 'categorical_encoding:one_hot_encoding:use_minimum_fraction': 'True', 'classifier:passive_aggressive:C': 0.291791272945388, 'classifier:passive_aggressive:average': 'True', 'classifier:passive_aggressive:fit_intercept': 'True', 'classifier:passive_aggressive:loss': 'hinge', 'classifier:passive_aggressive:tol': 0.0038730967324513855, 'preprocessor:select_rates:alpha': 0.4989885207088479, 'preprocessor:select_rates:mode': 'fdr', 'preprocessor:select_rates:score_func': 'chi2', 'categorical_encoding:one_hot_encoding:minimum_fraction': 0.0023311143842834965},
dataset_properties={
  'task': 1,
  'sparse': False,
  'multilabel': False,
  'multiclass': False,
  'target_type': 'classification',
  'signed': False})), (0.04, SimpleClassificationPipeline({'balancing:strategy': 'none', 'categorical_encoding:__choice__': 'one_hot_encoding', 'classifier:__choice__': 'passive_aggressive', 'imputation:strategy': 'mean', 'preprocessor:__choice__': 'select_rates', 'rescaling:__choice__': 'none', 'categorical_encoding:one_hot_encoding:use_minimum_fraction': 'True', 'classifier:passive_aggressive:C': 9.941849311378645, 'classifier:passive_aggressive:average': 'True', 'classifier:passive_aggressive:fit_intercept': 'True', 'classifier:passive_aggressive:loss': 'hinge', 'classifier:passive_aggressive:tol': 0.0038730967324513855, 'preprocessor:select_rates:alpha': 0.43145787341680225, 'preprocessor:select_rates:mode': 'fwe', 'preprocessor:select_rates:score_func': 'chi2', 'categorical_encoding:one_hot_encoding:minimum_fraction': 0.0023311143842834965},
dataset_properties={
  'task': 1,
  'sparse': False,
  'multilabel': False,
  'multiclass': False,
  'target_type': 'classification',
  'signed': False})), (0.04, SimpleClassificationPipeline({'balancing:strategy': 'none', 'categorical_encoding:__choice__': 'one_hot_encoding', 'classifier:__choice__': 'passive_aggressive', 'imputation:strategy': 'mean', 'preprocessor:__choice__': 'select_rates', 'rescaling:__choice__': 'none', 'categorical_encoding:one_hot_encoding:use_minimum_fraction': 'False', 'classifier:passive_aggressive:C': 0.291791272945388, 'classifier:passive_aggressive:average': 'True', 'classifier:passive_aggressive:fit_intercept': 'True', 'classifier:passive_aggressive:loss': 'hinge', 'classifier:passive_aggressive:tol': 0.0038730967324513855, 'preprocessor:select_rates:alpha': 0.43145787341680225, 'preprocessor:select_rates:mode': 'fwe', 'preprocessor:select_rates:score_func': 'chi2'},
dataset_properties={
  'task': 1,
  'sparse': False,
  'multilabel': False,
  'multiclass': False,
  'target_type': 'classification',
  'signed': False})), (0.04, SimpleClassificationPipeline({'balancing:strategy': 'weighting', 'categorical_encoding:__choice__': 'one_hot_encoding', 'classifier:__choice__': 'passive_aggressive', 'imputation:strategy': 'mean', 'preprocessor:__choice__': 'select_rates', 'rescaling:__choice__': 'none', 'categorical_encoding:one_hot_encoding:use_minimum_fraction': 'True', 'classifier:passive_aggressive:C': 9.655156854076973, 'classifier:passive_aggressive:average': 'False', 'classifier:passive_aggressive:fit_intercept': 'True', 'classifier:passive_aggressive:loss': 'hinge', 'classifier:passive_aggressive:tol': 1.4794132794935924e-05, 'preprocessor:select_rates:alpha': 0.11831369917644435, 'preprocessor:select_rates:mode': 'fwe', 'preprocessor:select_rates:score_func': 'chi2', 'categorical_encoding:one_hot_encoding:minimum_fraction': 0.010000000000000004},
dataset_properties={
  'task': 1,
  'sparse': False,
  'multilabel': False,
  'multiclass': False,
  'target_type': 'classification',
  'signed': False})), (0.04, SimpleClassificationPipeline({'balancing:strategy': 'none', 'categorical_encoding:__choice__': 'no_encoding', 'classifier:__choice__': 'passive_aggressive', 'imputation:strategy': 'mean', 'preprocessor:__choice__': 'select_rates', 'rescaling:__choice__': 'quantile_transformer', 'classifier:passive_aggressive:C': 0.6223927796733089, 'classifier:passive_aggressive:average': 'True', 'classifier:passive_aggressive:fit_intercept': 'True', 'classifier:passive_aggressive:loss': 'hinge', 'classifier:passive_aggressive:tol': 1.2926738238364433e-05, 'preprocessor:select_rates:alpha': 0.4444653421099914, 'preprocessor:select_rates:mode': 'fwe', 'preprocessor:select_rates:score_func': 'f_classif', 'rescaling:quantile_transformer:n_quantiles': 1000, 'rescaling:quantile_transformer:output_distribution': 'uniform'},
dataset_properties={
  'task': 1,
  'sparse': False,
  'multilabel': False,
  'multiclass': False,
  'target_type': 'classification',
  'signed': False})), (0.04, SimpleClassificationPipeline({'balancing:strategy': 'weighting', 'categorical_encoding:__choice__': 'one_hot_encoding', 'classifier:__choice__': 'passive_aggressive', 'imputation:strategy': 'mean', 'preprocessor:__choice__': 'select_rates', 'rescaling:__choice__': 'quantile_transformer', 'categorical_encoding:one_hot_encoding:use_minimum_fraction': 'False', 'classifier:passive_aggressive:C': 9.058845414482052, 'classifier:passive_aggressive:average': 'True', 'classifier:passive_aggressive:fit_intercept': 'True', 'classifier:passive_aggressive:loss': 'hinge', 'classifier:passive_aggressive:tol': 0.0010310882089112317, 'preprocessor:select_rates:alpha': 0.22088458812939116, 'preprocessor:select_rates:mode': 'fpr', 'preprocessor:select_rates:score_func': 'chi2', 'rescaling:quantile_transformer:n_quantiles': 1000, 'rescaling:quantile_transformer:output_distribution': 'uniform'},
dataset_properties={
  'task': 1,
  'sparse': False,
  'multilabel': False,
  'multiclass': False,
  'target_type': 'classification',
  'signed': False})), (0.04, SimpleClassificationPipeline({'balancing:strategy': 'weighting', 'categorical_encoding:__choice__': 'one_hot_encoding', 'classifier:__choice__': 'random_forest', 'imputation:strategy': 'mean', 'preprocessor:__choice__': 'extra_trees_preproc_for_classification', 'rescaling:__choice__': 'normalize', 'categorical_encoding:one_hot_encoding:use_minimum_fraction': 'True', 'classifier:random_forest:bootstrap': 'False', 'classifier:random_forest:criterion': 'entropy', 'classifier:random_forest:max_depth': 'None', 'classifier:random_forest:max_features': 0.4596305255550617, 'classifier:random_forest:max_leaf_nodes': 'None', 'classifier:random_forest:min_impurity_decrease': 0.0, 'classifier:random_forest:min_samples_leaf': 6, 'classifier:random_forest:min_samples_split': 6, 'classifier:random_forest:min_weight_fraction_leaf': 0.0, 'classifier:random_forest:n_estimators': 100, 'preprocessor:extra_trees_preproc_for_classification:bootstrap': 'True', 'preprocessor:extra_trees_preproc_for_classification:criterion': 'entropy', 'preprocessor:extra_trees_preproc_for_classification:max_depth': 'None', 'preprocessor:extra_trees_preproc_for_classification:max_features': 0.4410901871191536, 'preprocessor:extra_trees_preproc_for_classification:max_leaf_nodes': 'None', 'preprocessor:extra_trees_preproc_for_classification:min_impurity_decrease': 0.0, 'preprocessor:extra_trees_preproc_for_classification:min_samples_leaf': 20, 'preprocessor:extra_trees_preproc_for_classification:min_samples_split': 6, 'preprocessor:extra_trees_preproc_for_classification:min_weight_fraction_leaf': 0.0, 'preprocessor:extra_trees_preproc_for_classification:n_estimators': 100, 'categorical_encoding:one_hot_encoding:minimum_fraction': 0.00022455261721822714},
dataset_properties={
  'task': 1,
  'sparse': False,
  'multilabel': False,
  'multiclass': False,
  'target_type': 'classification',
  'signed': False})), (0.04, SimpleClassificationPipeline({'balancing:strategy': 'weighting', 'categorical_encoding:__choice__': 'one_hot_encoding', 'classifier:__choice__': 'passive_aggressive', 'imputation:strategy': 'mean', 'preprocessor:__choice__': 'select_rates', 'rescaling:__choice__': 'none', 'categorical_encoding:one_hot_encoding:use_minimum_fraction': 'True', 'classifier:passive_aggressive:C': 1.4464449452144197e-05, 'classifier:passive_aggressive:average': 'True', 'classifier:passive_aggressive:fit_intercept': 'True', 'classifier:passive_aggressive:loss': 'squared_hinge', 'classifier:passive_aggressive:tol': 0.08719517522052676, 'preprocessor:select_rates:alpha': 0.41183347655105074, 'preprocessor:select_rates:mode': 'fwe', 'preprocessor:select_rates:score_func': 'chi2', 'categorical_encoding:one_hot_encoding:minimum_fraction': 0.010000000000000004},
dataset_properties={
  'task': 1,
  'sparse': False,
  'multilabel': False,
  'multiclass': False,
  'target_type': 'classification',
  'signed': False})), (0.04, SimpleClassificationPipeline({'balancing:strategy': 'weighting', 'categorical_encoding:__choice__': 'one_hot_encoding', 'classifier:__choice__': 'passive_aggressive', 'imputation:strategy': 'most_frequent', 'preprocessor:__choice__': 'select_rates', 'rescaling:__choice__': 'none', 'categorical_encoding:one_hot_encoding:use_minimum_fraction': 'False', 'classifier:passive_aggressive:C': 3.905880678957118, 'classifier:passive_aggressive:average': 'True', 'classifier:passive_aggressive:fit_intercept': 'True', 'classifier:passive_aggressive:loss': 'hinge', 'classifier:passive_aggressive:tol': 1.6179119790759342e-05, 'preprocessor:select_rates:alpha': 0.11831369917644435, 'preprocessor:select_rates:mode': 'fwe', 'preprocessor:select_rates:score_func': 'chi2'},
dataset_properties={
  'task': 1,
  'sparse': False,
  'multilabel': False,
  'multiclass': False,
  'target_type': 'classification',
  'signed': False})), (0.02, SimpleClassificationPipeline({'balancing:strategy': 'none', 'categorical_encoding:__choice__': 'one_hot_encoding', 'classifier:__choice__': 'passive_aggressive', 'imputation:strategy': 'mean', 'preprocessor:__choice__': 'select_rates', 'rescaling:__choice__': 'quantile_transformer', 'categorical_encoding:one_hot_encoding:use_minimum_fraction': 'True', 'classifier:passive_aggressive:C': 0.6223927796733089, 'classifier:passive_aggressive:average': 'True', 'classifier:passive_aggressive:fit_intercept': 'True', 'classifier:passive_aggressive:loss': 'hinge', 'classifier:passive_aggressive:tol': 1.2926738238364433e-05, 'preprocessor:select_rates:alpha': 0.4980570441159443, 'preprocessor:select_rates:mode': 'fwe', 'preprocessor:select_rates:score_func': 'f_classif', 'rescaling:quantile_transformer:n_quantiles': 1000, 'rescaling:quantile_transformer:output_distribution': 'uniform', 'categorical_encoding:one_hot_encoding:minimum_fraction': 0.010000000000000004},
dataset_properties={
  'task': 1,
  'sparse': False,
  'multilabel': False,
  'multiclass': False,
  'target_type': 'classification',
  'signed': False})), (0.02, SimpleClassificationPipeline({'balancing:strategy': 'none', 'categorical_encoding:__choice__': 'no_encoding', 'classifier:__choice__': 'liblinear_svc', 'imputation:strategy': 'median', 'preprocessor:__choice__': 'no_preprocessing', 'rescaling:__choice__': 'minmax', 'classifier:liblinear_svc:C': 0.6859791095501164, 'classifier:liblinear_svc:dual': 'False', 'classifier:liblinear_svc:fit_intercept': 'True', 'classifier:liblinear_svc:intercept_scaling': 1, 'classifier:liblinear_svc:loss': 'squared_hinge', 'classifier:liblinear_svc:multi_class': 'ovr', 'classifier:liblinear_svc:penalty': 'l2', 'classifier:liblinear_svc:tol': 0.00011310112525490069},
dataset_properties={
  'task': 1,
  'sparse': False,
  'multilabel': False,
  'multiclass': False,
  'target_type': 'classification',
  'signed': False})), (0.02, SimpleClassificationPipeline({'balancing:strategy': 'weighting', 'categorical_encoding:__choice__': 'one_hot_encoding', 'classifier:__choice__': 'liblinear_svc', 'imputation:strategy': 'mean', 'preprocessor:__choice__': 'select_rates', 'rescaling:__choice__': 'minmax', 'categorical_encoding:one_hot_encoding:use_minimum_fraction': 'True', 'classifier:liblinear_svc:C': 1.0, 'classifier:liblinear_svc:dual': 'False', 'classifier:liblinear_svc:fit_intercept': 'True', 'classifier:liblinear_svc:intercept_scaling': 1, 'classifier:liblinear_svc:loss': 'squared_hinge', 'classifier:liblinear_svc:multi_class': 'ovr', 'classifier:liblinear_svc:penalty': 'l2', 'classifier:liblinear_svc:tol': 0.00010000000000000009, 'preprocessor:select_rates:alpha': 0.4943083095137505, 'preprocessor:select_rates:mode': 'fpr', 'preprocessor:select_rates:score_func': 'chi2', 'categorical_encoding:one_hot_encoding:minimum_fraction': 0.010835179370757527},
dataset_properties={
  'task': 1,
  'sparse': False,
  'multilabel': False,
  'multiclass': False,
  'target_type': 'classification',
  'signed': False})), (0.02, SimpleClassificationPipeline({'balancing:strategy': 'weighting', 'categorical_encoding:__choice__': 'one_hot_encoding', 'classifier:__choice__': 'passive_aggressive', 'imputation:strategy': 'most_frequent', 'preprocessor:__choice__': 'select_rates', 'rescaling:__choice__': 'none', 'categorical_encoding:one_hot_encoding:use_minimum_fraction': 'False', 'classifier:passive_aggressive:C': 1.0, 'classifier:passive_aggressive:average': 'True', 'classifier:passive_aggressive:fit_intercept': 'True', 'classifier:passive_aggressive:loss': 'hinge', 'classifier:passive_aggressive:tol': 3.259235440924691e-05, 'preprocessor:select_rates:alpha': 0.4427732753323969, 'preprocessor:select_rates:mode': 'fwe', 'preprocessor:select_rates:score_func': 'chi2'},
dataset_properties={
  'task': 1,
  'sparse': False,
  'multilabel': False,
  'multiclass': False,
  'target_type': 'classification',
  'signed': False})), (0.02, SimpleClassificationPipeline({'balancing:strategy': 'weighting', 'categorical_encoding:__choice__': 'one_hot_encoding', 'classifier:__choice__': 'passive_aggressive', 'imputation:strategy': 'mean', 'preprocessor:__choice__': 'select_rates', 'rescaling:__choice__': 'quantile_transformer', 'categorical_encoding:one_hot_encoding:use_minimum_fraction': 'False', 'classifier:passive_aggressive:C': 9.058845414482052, 'classifier:passive_aggressive:average': 'True', 'classifier:passive_aggressive:fit_intercept': 'True', 'classifier:passive_aggressive:loss': 'hinge', 'classifier:passive_aggressive:tol': 0.0008411952233034946, 'preprocessor:select_rates:alpha': 0.22088458812939116, 'preprocessor:select_rates:mode': 'fpr', 'preprocessor:select_rates:score_func': 'chi2', 'rescaling:quantile_transformer:n_quantiles': 1000, 'rescaling:quantile_transformer:output_distribution': 'uniform'},
dataset_properties={
  'task': 1,
  'sparse': False,
  'multilabel': False,
  'multiclass': False,
  'target_type': 'classification',
  'signed': False})), (0.02, SimpleClassificationPipeline({'balancing:strategy': 'weighting', 'categorical_encoding:__choice__': 'one_hot_encoding', 'classifier:__choice__': 'k_nearest_neighbors', 'imputation:strategy': 'most_frequent', 'preprocessor:__choice__': 'select_percentile_classification', 'rescaling:__choice__': 'quantile_transformer', 'categorical_encoding:one_hot_encoding:use_minimum_fraction': 'True', 'classifier:k_nearest_neighbors:n_neighbors': 3, 'classifier:k_nearest_neighbors:p': 1, 'classifier:k_nearest_neighbors:weights': 'distance', 'preprocessor:select_percentile_classification:percentile': 86.31408570237146, 'preprocessor:select_percentile_classification:score_func': 'chi2', 'rescaling:quantile_transformer:n_quantiles': 319, 'rescaling:quantile_transformer:output_distribution': 'uniform', 'categorical_encoding:one_hot_encoding:minimum_fraction': 0.001962823409857081},
dataset_properties={
  'task': 1,
  'sparse': False,
  'multilabel': False,
  'multiclass': False,
  'target_type': 'classification',
  'signed': False})), (0.02, SimpleClassificationPipeline({'balancing:strategy': 'weighting', 'categorical_encoding:__choice__': 'one_hot_encoding', 'classifier:__choice__': 'passive_aggressive', 'imputation:strategy': 'median', 'preprocessor:__choice__': 'no_preprocessing', 'rescaling:__choice__': 'none', 'categorical_encoding:one_hot_encoding:use_minimum_fraction': 'False', 'classifier:passive_aggressive:C': 0.0005774799848626968, 'classifier:passive_aggressive:average': 'False', 'classifier:passive_aggressive:fit_intercept': 'True', 'classifier:passive_aggressive:loss': 'hinge', 'classifier:passive_aggressive:tol': 0.00714803422636477},
dataset_properties={
  'task': 1,
  'sparse': False,
  'multilabel': False,
  'multiclass': False,
  'target_type': 'classification',
  'signed': False})), (0.02, SimpleClassificationPipeline({'balancing:strategy': 'none', 'categorical_encoding:__choice__': 'one_hot_encoding', 'classifier:__choice__': 'passive_aggressive', 'imputation:strategy': 'most_frequent', 'preprocessor:__choice__': 'select_rates', 'rescaling:__choice__': 'quantile_transformer', 'categorical_encoding:one_hot_encoding:use_minimum_fraction': 'True', 'classifier:passive_aggressive:C': 0.1595560128472714, 'classifier:passive_aggressive:average': 'True', 'classifier:passive_aggressive:fit_intercept': 'True', 'classifier:passive_aggressive:loss': 'hinge', 'classifier:passive_aggressive:tol': 0.00043152713499153517, 'preprocessor:select_rates:alpha': 0.12181217371020671, 'preprocessor:select_rates:mode': 'fwe', 'preprocessor:select_rates:score_func': 'f_classif', 'rescaling:quantile_transformer:n_quantiles': 1000, 'rescaling:quantile_transformer:output_distribution': 'uniform', 'categorical_encoding:one_hot_encoding:minimum_fraction': 0.010000000000000004},
dataset_properties={
  'task': 1,
  'sparse': False,
  'multilabel': False,
  'multiclass': False,
  'target_type': 'classification',
  'signed': False})), (0.02, SimpleClassificationPipeline({'balancing:strategy': 'weighting', 'categorical_encoding:__choice__': 'one_hot_encoding', 'classifier:__choice__': 'passive_aggressive', 'imputation:strategy': 'most_frequent', 'preprocessor:__choice__': 'select_rates', 'rescaling:__choice__': 'quantile_transformer', 'categorical_encoding:one_hot_encoding:use_minimum_fraction': 'True', 'classifier:passive_aggressive:C': 8.486334295491478, 'classifier:passive_aggressive:average': 'True', 'classifier:passive_aggressive:fit_intercept': 'True', 'classifier:passive_aggressive:loss': 'hinge', 'classifier:passive_aggressive:tol': 2.468699631826986e-05, 'preprocessor:select_rates:alpha': 0.12181217371020671, 'preprocessor:select_rates:mode': 'fwe', 'preprocessor:select_rates:score_func': 'f_classif', 'rescaling:quantile_transformer:n_quantiles': 1000, 'rescaling:quantile_transformer:output_distribution': 'uniform', 'categorical_encoding:one_hot_encoding:minimum_fraction': 0.010000000000000004},
dataset_properties={
  'task': 1,
  'sparse': False,
  'multilabel': False,
  'multiclass': False,
  'target_type': 'classification',
  'signed': False})), (0.02, SimpleClassificationPipeline({'balancing:strategy': 'none', 'categorical_encoding:__choice__': 'one_hot_encoding', 'classifier:__choice__': 'passive_aggressive', 'imputation:strategy': 'mean', 'preprocessor:__choice__': 'select_rates', 'rescaling:__choice__': 'quantile_transformer', 'categorical_encoding:one_hot_encoding:use_minimum_fraction': 'True', 'classifier:passive_aggressive:C': 0.6223927796733089, 'classifier:passive_aggressive:average': 'True', 'classifier:passive_aggressive:fit_intercept': 'True', 'classifier:passive_aggressive:loss': 'hinge', 'classifier:passive_aggressive:tol': 1.2926738238364433e-05, 'preprocessor:select_rates:alpha': 0.4444653421099914, 'preprocessor:select_rates:mode': 'fwe', 'preprocessor:select_rates:score_func': 'f_classif', 'rescaling:quantile_transformer:n_quantiles': 1000, 'rescaling:quantile_transformer:output_distribution': 'uniform', 'categorical_encoding:one_hot_encoding:minimum_fraction': 0.010000000000000004},
dataset_properties={
  'task': 1,
  'sparse': False,
  'multilabel': False,
  'multiclass': False,
  'target_type': 'classification',
  'signed': False})), (0.02, SimpleClassificationPipeline({'balancing:strategy': 'none', 'categorical_encoding:__choice__': 'no_encoding', 'classifier:__choice__': 'adaboost', 'imputation:strategy': 'most_frequent', 'preprocessor:__choice__': 'liblinear_svc_preprocessor', 'rescaling:__choice__': 'minmax', 'classifier:adaboost:algorithm': 'SAMME', 'classifier:adaboost:learning_rate': 0.4439694769165673, 'classifier:adaboost:max_depth': 3, 'classifier:adaboost:n_estimators': 499, 'preprocessor:liblinear_svc_preprocessor:C': 87.26185634754904, 'preprocessor:liblinear_svc_preprocessor:dual': 'False', 'preprocessor:liblinear_svc_preprocessor:fit_intercept': 'True', 'preprocessor:liblinear_svc_preprocessor:intercept_scaling': 1, 'preprocessor:liblinear_svc_preprocessor:loss': 'squared_hinge', 'preprocessor:liblinear_svc_preprocessor:multi_class': 'ovr', 'preprocessor:liblinear_svc_preprocessor:penalty': 'l1', 'preprocessor:liblinear_svc_preprocessor:tol': 0.006510327603707239},
dataset_properties={
  'task': 1,
  'sparse': False,
  'multilabel': False,
  'multiclass': False,
  'target_type': 'classification',
  'signed': False})), (0.02, SimpleClassificationPipeline({'balancing:strategy': 'weighting', 'categorical_encoding:__choice__': 'one_hot_encoding', 'classifier:__choice__': 'passive_aggressive', 'imputation:strategy': 'mean', 'preprocessor:__choice__': 'select_rates', 'rescaling:__choice__': 'minmax', 'categorical_encoding:one_hot_encoding:use_minimum_fraction': 'True', 'classifier:passive_aggressive:C': 0.7210509297029034, 'classifier:passive_aggressive:average': 'True', 'classifier:passive_aggressive:fit_intercept': 'True', 'classifier:passive_aggressive:loss': 'squared_hinge', 'classifier:passive_aggressive:tol': 0.00020900596057802547, 'preprocessor:select_rates:alpha': 0.05191636616465488, 'preprocessor:select_rates:mode': 'fdr', 'preprocessor:select_rates:score_func': 'f_classif', 'categorical_encoding:one_hot_encoding:minimum_fraction': 0.010000000000000004},
dataset_properties={
  'task': 1,
  'sparse': False,
  'multilabel': False,
  'multiclass': False,
  'target_type': 'classification',
  'signed': False})), (0.02, SimpleClassificationPipeline({'balancing:strategy': 'none', 'categorical_encoding:__choice__': 'one_hot_encoding', 'classifier:__choice__': 'passive_aggressive', 'imputation:strategy': 'mean', 'preprocessor:__choice__': 'select_rates', 'rescaling:__choice__': 'quantile_transformer', 'categorical_encoding:one_hot_encoding:use_minimum_fraction': 'True', 'classifier:passive_aggressive:C': 0.6223927796733089, 'classifier:passive_aggressive:average': 'True', 'classifier:passive_aggressive:fit_intercept': 'True', 'classifier:passive_aggressive:loss': 'hinge', 'classifier:passive_aggressive:tol': 0.0005968178252320877, 'preprocessor:select_rates:alpha': 0.49683331578561046, 'preprocessor:select_rates:mode': 'fwe', 'preprocessor:select_rates:score_func': 'f_classif', 'rescaling:quantile_transformer:n_quantiles': 1000, 'rescaling:quantile_transformer:output_distribution': 'uniform', 'categorical_encoding:one_hot_encoding:minimum_fraction': 0.010000000000000004},
dataset_properties={
  'task': 1,
  'sparse': False,
  'multilabel': False,
  'multiclass': False,
  'target_type': 'classification',
  'signed': False})), (0.02, SimpleClassificationPipeline({'balancing:strategy': 'weighting', 'categorical_encoding:__choice__': 'no_encoding', 'classifier:__choice__': 'random_forest', 'imputation:strategy': 'most_frequent', 'preprocessor:__choice__': 'no_preprocessing', 'rescaling:__choice__': 'minmax', 'classifier:random_forest:bootstrap': 'False', 'classifier:random_forest:criterion': 'gini', 'classifier:random_forest:max_depth': 'None', 'classifier:random_forest:max_features': 0.726785104934123, 'classifier:random_forest:max_leaf_nodes': 'None', 'classifier:random_forest:min_impurity_decrease': 0.0, 'classifier:random_forest:min_samples_leaf': 3, 'classifier:random_forest:min_samples_split': 3, 'classifier:random_forest:min_weight_fraction_leaf': 0.0, 'classifier:random_forest:n_estimators': 100},
dataset_properties={
  'task': 1,
  'sparse': False,
  'multilabel': False,
  'multiclass': False,
  'target_type': 'classification',
  'signed': False}))]",1.0,0.0,1.0,0.0,1.0,0.0,1.0,0.0
