,time_1,accuracy_1,precision_1,recall_1,f1score_1,model_1,accuracy_mean,accuracy_std,precision_mean,precision_std,recall_mean,recall_std,f1score_mean,f1score_std,error_1
AP_Breast_Lung,14405.255977153778,0.9661016949152542,0.9661016949152542,0.9661016949152542,0.9661016949152542,"[(1.0, SimpleClassificationPipeline({'balancing:strategy': 'weighting', 'categorical_encoding:__choice__': 'one_hot_encoding', 'classifier:__choice__': 'random_forest', 'imputation:strategy': 'median', 'preprocessor:__choice__': 'extra_trees_preproc_for_classification', 'rescaling:__choice__': 'robust_scaler', 'categorical_encoding:one_hot_encoding:use_minimum_fraction': 'True', 'classifier:random_forest:bootstrap': 'True', 'classifier:random_forest:criterion': 'entropy', 'classifier:random_forest:max_depth': 'None', 'classifier:random_forest:max_features': 0.9309072509364585, 'classifier:random_forest:max_leaf_nodes': 'None', 'classifier:random_forest:min_impurity_decrease': 0.0, 'classifier:random_forest:min_samples_leaf': 17, 'classifier:random_forest:min_samples_split': 4, 'classifier:random_forest:min_weight_fraction_leaf': 0.0, 'classifier:random_forest:n_estimators': 100, 'preprocessor:extra_trees_preproc_for_classification:bootstrap': 'True', 'preprocessor:extra_trees_preproc_for_classification:criterion': 'entropy', 'preprocessor:extra_trees_preproc_for_classification:max_depth': 'None', 'preprocessor:extra_trees_preproc_for_classification:max_features': 0.32045846906316255, 'preprocessor:extra_trees_preproc_for_classification:max_leaf_nodes': 'None', 'preprocessor:extra_trees_preproc_for_classification:min_impurity_decrease': 0.0, 'preprocessor:extra_trees_preproc_for_classification:min_samples_leaf': 12, 'preprocessor:extra_trees_preproc_for_classification:min_samples_split': 3, 'preprocessor:extra_trees_preproc_for_classification:min_weight_fraction_leaf': 0.0, 'preprocessor:extra_trees_preproc_for_classification:n_estimators': 100, 'rescaling:robust_scaler:q_max': 0.7636154321274531, 'rescaling:robust_scaler:q_min': 0.19255303927632195, 'categorical_encoding:one_hot_encoding:minimum_fraction': 0.10645458091164309},
dataset_properties={
  'task': 1,
  'sparse': False,
  'multilabel': False,
  'multiclass': False,
  'target_type': 'classification',
  'signed': False}))]",0.9661016949152542,0.0,0.9661016949152542,0.0,0.9661016949152542,0.0,0.9661016949152542,0.0,
AP_Omentum_Ovary,14400.773823022842,0.8405797101449275,0.8368223295759527,0.8405797101449275,0.8330619710948965,"[(1.0, SimpleClassificationPipeline({'balancing:strategy': 'weighting', 'categorical_encoding:__choice__': 'one_hot_encoding', 'classifier:__choice__': 'gradient_boosting', 'imputation:strategy': 'median', 'preprocessor:__choice__': 'select_rates', 'rescaling:__choice__': 'quantile_transformer', 'categorical_encoding:one_hot_encoding:use_minimum_fraction': 'True', 'classifier:gradient_boosting:criterion': 'mae', 'classifier:gradient_boosting:learning_rate': 0.010014666505349157, 'classifier:gradient_boosting:loss': 'deviance', 'classifier:gradient_boosting:max_depth': 6, 'classifier:gradient_boosting:max_features': 0.8915627182515263, 'classifier:gradient_boosting:max_leaf_nodes': 'None', 'classifier:gradient_boosting:min_impurity_decrease': 0.0, 'classifier:gradient_boosting:min_samples_leaf': 3, 'classifier:gradient_boosting:min_samples_split': 20, 'classifier:gradient_boosting:min_weight_fraction_leaf': 0.0, 'classifier:gradient_boosting:n_estimators': 363, 'classifier:gradient_boosting:subsample': 0.9136776964249593, 'preprocessor:select_rates:alpha': 0.18021811185682943, 'preprocessor:select_rates:mode': 'fpr', 'preprocessor:select_rates:score_func': 'chi2', 'rescaling:quantile_transformer:n_quantiles': 1000, 'rescaling:quantile_transformer:output_distribution': 'uniform', 'categorical_encoding:one_hot_encoding:minimum_fraction': 0.010000000000000004},
dataset_properties={
  'task': 1,
  'sparse': False,
  'multilabel': False,
  'multiclass': False,
  'target_type': 'classification',
  'signed': False}))]",0.8405797101449275,0.0,0.8368223295759527,0.0,0.8405797101449275,0.0,0.8330619710948965,0.0,
CovPokElec,15840.001243591309,0.9569997966373714,0.9589617942629266,0.9569997966373714,0.957724583566304,"[(1.0, SimpleClassificationPipeline({'balancing:strategy': 'weighting', 'categorical_encoding:__choice__': 'no_encoding', 'classifier:__choice__': 'decision_tree', 'imputation:strategy': 'most_frequent', 'preprocessor:__choice__': 'no_preprocessing', 'rescaling:__choice__': 'robust_scaler', 'classifier:decision_tree:criterion': 'entropy', 'classifier:decision_tree:max_depth_factor': 1.9095518701685048, 'classifier:decision_tree:max_features': 1.0, 'classifier:decision_tree:max_leaf_nodes': 'None', 'classifier:decision_tree:min_impurity_decrease': 0.0, 'classifier:decision_tree:min_samples_leaf': 1, 'classifier:decision_tree:min_samples_split': 9, 'classifier:decision_tree:min_weight_fraction_leaf': 0.0, 'rescaling:robust_scaler:q_max': 0.9172645821602784, 'rescaling:robust_scaler:q_min': 0.009052534291043867},
dataset_properties={
  'task': 2,
  'sparse': False,
  'multilabel': False,
  'multiclass': True,
  'target_type': 'classification',
  'signed': False}))]",0.9569997966373714,0.0,0.9589617942629266,0.0,0.9569997966373714,0.0,0.957724583566304,0.0,Timeout
GCM,14406.238614320755,0.7083333333333334,0.7569444444444445,0.7083333333333334,0.6909391534391535,"[(1.0, SimpleClassificationPipeline({'balancing:strategy': 'none', 'categorical_encoding:__choice__': 'no_encoding', 'classifier:__choice__': 'liblinear_svc', 'imputation:strategy': 'mean', 'preprocessor:__choice__': 'no_preprocessing', 'rescaling:__choice__': 'minmax', 'classifier:liblinear_svc:C': 6.783363265863341, 'classifier:liblinear_svc:dual': 'False', 'classifier:liblinear_svc:fit_intercept': 'True', 'classifier:liblinear_svc:intercept_scaling': 1, 'classifier:liblinear_svc:loss': 'squared_hinge', 'classifier:liblinear_svc:multi_class': 'ovr', 'classifier:liblinear_svc:penalty': 'l2', 'classifier:liblinear_svc:tol': 0.0018590566138484421},
dataset_properties={
  'task': 2,
  'sparse': False,
  'multilabel': False,
  'multiclass': True,
  'target_type': 'classification',
  'signed': False}))]",0.7083333333333334,0.0,0.7569444444444445,0.0,0.7083333333333334,0.0,0.6909391534391535,0.0,
audiology,14396.813659191132,0.9473684210526315,0.9489938080495356,0.9473684210526315,0.9478409829287022,"[(1.0, SimpleClassificationPipeline({'balancing:strategy': 'none', 'categorical_encoding:__choice__': 'one_hot_encoding', 'classifier:__choice__': 'gradient_boosting', 'imputation:strategy': 'median', 'preprocessor:__choice__': 'select_percentile_classification', 'rescaling:__choice__': 'standardize', 'categorical_encoding:one_hot_encoding:use_minimum_fraction': 'True', 'classifier:gradient_boosting:criterion': 'mse', 'classifier:gradient_boosting:learning_rate': 0.012497873868224095, 'classifier:gradient_boosting:loss': 'deviance', 'classifier:gradient_boosting:max_depth': 1, 'classifier:gradient_boosting:max_features': 0.49196984251630604, 'classifier:gradient_boosting:max_leaf_nodes': 'None', 'classifier:gradient_boosting:min_impurity_decrease': 0.0, 'classifier:gradient_boosting:min_samples_leaf': 1, 'classifier:gradient_boosting:min_samples_split': 14, 'classifier:gradient_boosting:min_weight_fraction_leaf': 0.0, 'classifier:gradient_boosting:n_estimators': 469, 'classifier:gradient_boosting:subsample': 0.3352976440387806, 'preprocessor:select_percentile_classification:percentile': 82.81037830004594, 'preprocessor:select_percentile_classification:score_func': 'f_classif', 'categorical_encoding:one_hot_encoding:minimum_fraction': 0.002092455544235032},
dataset_properties={
  'task': 1,
  'sparse': False,
  'multilabel': False,
  'multiclass': False,
  'target_type': 'classification',
  'signed': False}))]",0.9473684210526315,0.0,0.9489938080495356,0.0,0.9473684210526315,0.0,0.9478409829287022,0.0,
dataset_183_adult,14401.26666021347,0.8561133404307592,0.8508923390029136,0.8561133404307592,0.8522847816576196,"[(1.0, SimpleClassificationPipeline({'balancing:strategy': 'weighting', 'categorical_encoding:__choice__': 'one_hot_encoding', 'classifier:__choice__': 'xgradient_boosting', 'imputation:strategy': 'mean', 'preprocessor:__choice__': 'no_preprocessing', 'rescaling:__choice__': 'standardize', 'categorical_encoding:one_hot_encoding:use_minimum_fraction': 'False', 'classifier:xgradient_boosting:base_score': 0.5, 'classifier:xgradient_boosting:booster': 'gbtree', 'classifier:xgradient_boosting:colsample_bylevel': 0.5729605820366525, 'classifier:xgradient_boosting:colsample_bytree': 0.402413120508046, 'classifier:xgradient_boosting:gamma': 0, 'classifier:xgradient_boosting:learning_rate': 0.24554453233719054, 'classifier:xgradient_boosting:max_delta_step': 0, 'classifier:xgradient_boosting:max_depth': 6, 'classifier:xgradient_boosting:min_child_weight': 11, 'classifier:xgradient_boosting:n_estimators': 512, 'classifier:xgradient_boosting:reg_alpha': 1.0366367999700804e-08, 'classifier:xgradient_boosting:reg_lambda': 8.530381770648495e-09, 'classifier:xgradient_boosting:scale_pos_weight': 1, 'classifier:xgradient_boosting:subsample': 0.7706687726254922},
dataset_properties={
  'task': 1,
  'sparse': False,
  'multilabel': False,
  'multiclass': False,
  'target_type': 'classification',
  'signed': False}))]",0.8561133404307592,0.0,0.8508923390029136,0.0,0.8561133404307592,0.0,0.8522847816576196,0.0,
dataset_185_yeast,14402.990244150162,0.5768194070080862,0.5819032702091247,0.5768194070080862,0.5696033577570044,"[(1.0, SimpleClassificationPipeline({'balancing:strategy': 'none', 'categorical_encoding:__choice__': 'no_encoding', 'classifier:__choice__': 'gradient_boosting', 'imputation:strategy': 'mean', 'preprocessor:__choice__': 'select_rates', 'rescaling:__choice__': 'normalize', 'classifier:gradient_boosting:criterion': 'friedman_mse', 'classifier:gradient_boosting:learning_rate': 0.01002935639869038, 'classifier:gradient_boosting:loss': 'deviance', 'classifier:gradient_boosting:max_depth': 6, 'classifier:gradient_boosting:max_features': 0.5057961998772202, 'classifier:gradient_boosting:max_leaf_nodes': 'None', 'classifier:gradient_boosting:min_impurity_decrease': 0.0, 'classifier:gradient_boosting:min_samples_leaf': 5, 'classifier:gradient_boosting:min_samples_split': 17, 'classifier:gradient_boosting:min_weight_fraction_leaf': 0.0, 'classifier:gradient_boosting:n_estimators': 406, 'classifier:gradient_boosting:subsample': 0.2886980763483831, 'preprocessor:select_rates:alpha': 0.4560835993175564, 'preprocessor:select_rates:mode': 'fpr', 'preprocessor:select_rates:score_func': 'f_classif'},
dataset_properties={
  'task': 2,
  'sparse': False,
  'multilabel': False,
  'multiclass': True,
  'target_type': 'classification',
  'signed': False}))]",0.5768194070080862,0.0,0.5819032702091247,0.0,0.5768194070080862,0.0,0.5696033577570044,0.0,
dataset_39_ecoli,14413.076770544052,0.8809523809523809,0.897470238095238,0.8809523809523809,0.8777550896804728,"[(1.0, SimpleClassificationPipeline({'balancing:strategy': 'weighting', 'categorical_encoding:__choice__': 'no_encoding', 'classifier:__choice__': 'gradient_boosting', 'imputation:strategy': 'median', 'preprocessor:__choice__': 'select_rates', 'rescaling:__choice__': 'robust_scaler', 'classifier:gradient_boosting:criterion': 'mae', 'classifier:gradient_boosting:learning_rate': 0.45007908465179525, 'classifier:gradient_boosting:loss': 'deviance', 'classifier:gradient_boosting:max_depth': 7, 'classifier:gradient_boosting:max_features': 0.5907145927879104, 'classifier:gradient_boosting:max_leaf_nodes': 'None', 'classifier:gradient_boosting:min_impurity_decrease': 0.0, 'classifier:gradient_boosting:min_samples_leaf': 10, 'classifier:gradient_boosting:min_samples_split': 18, 'classifier:gradient_boosting:min_weight_fraction_leaf': 0.0, 'classifier:gradient_boosting:n_estimators': 500, 'classifier:gradient_boosting:subsample': 0.5903075846256554, 'preprocessor:select_rates:alpha': 0.013169412948003454, 'preprocessor:select_rates:mode': 'fwe', 'preprocessor:select_rates:score_func': 'chi2', 'rescaling:robust_scaler:q_max': 0.75, 'rescaling:robust_scaler:q_min': 0.25},
dataset_properties={
  'task': 2,
  'sparse': False,
  'multilabel': False,
  'multiclass': True,
  'target_type': 'classification',
  'signed': False}))]",0.8809523809523809,0.0,0.897470238095238,0.0,0.8809523809523809,0.0,0.8777550896804728,0.0,
dataset_44_spambase,14397.838631391525,0.9548218940052129,0.9548137482358694,0.9548218940052129,0.9547083399523378,"[(1.0, SimpleClassificationPipeline({'balancing:strategy': 'none', 'categorical_encoding:__choice__': 'no_encoding', 'classifier:__choice__': 'xgradient_boosting', 'imputation:strategy': 'most_frequent', 'preprocessor:__choice__': 'polynomial', 'rescaling:__choice__': 'standardize', 'classifier:xgradient_boosting:base_score': 0.5, 'classifier:xgradient_boosting:booster': 'dart', 'classifier:xgradient_boosting:colsample_bylevel': 0.1479228752734112, 'classifier:xgradient_boosting:colsample_bytree': 0.5673567695175525, 'classifier:xgradient_boosting:gamma': 0, 'classifier:xgradient_boosting:learning_rate': 0.20983704108776158, 'classifier:xgradient_boosting:max_delta_step': 0, 'classifier:xgradient_boosting:max_depth': 4, 'classifier:xgradient_boosting:min_child_weight': 9, 'classifier:xgradient_boosting:n_estimators': 512, 'classifier:xgradient_boosting:reg_alpha': 7.801336672703093e-05, 'classifier:xgradient_boosting:reg_lambda': 3.175934461489113e-05, 'classifier:xgradient_boosting:scale_pos_weight': 1, 'classifier:xgradient_boosting:subsample': 0.6294699523902167, 'preprocessor:polynomial:degree': 2, 'preprocessor:polynomial:include_bias': 'True', 'preprocessor:polynomial:interaction_only': 'False', 'classifier:xgradient_boosting:normalize_type': 'tree', 'classifier:xgradient_boosting:rate_drop': 0.03723011290456798, 'classifier:xgradient_boosting:sample_type': 'uniform'},
dataset_properties={
  'task': 1,
  'sparse': False,
  'multilabel': False,
  'multiclass': False,
  'target_type': 'classification',
  'signed': False}))]",0.9548218940052129,0.0,0.9548137482358694,0.0,0.9548218940052129,0.0,0.9547083399523378,0.0,
dataset_59_ionosphere,14417.545975208282,0.9431818181818182,0.9478390461997019,0.9431818181818182,0.9419883318188401,"[(1.0, SimpleClassificationPipeline({'balancing:strategy': 'none', 'categorical_encoding:__choice__': 'no_encoding', 'classifier:__choice__': 'libsvm_svc', 'imputation:strategy': 'mean', 'preprocessor:__choice__': 'select_percentile_classification', 'rescaling:__choice__': 'normalize', 'classifier:libsvm_svc:C': 383.5642494233216, 'classifier:libsvm_svc:gamma': 5.202868024586237, 'classifier:libsvm_svc:kernel': 'rbf', 'classifier:libsvm_svc:max_iter': -1, 'classifier:libsvm_svc:shrinking': 'False', 'classifier:libsvm_svc:tol': 1.3891756343354078e-05, 'preprocessor:select_percentile_classification:percentile': 83.59089494018095, 'preprocessor:select_percentile_classification:score_func': 'f_classif'},
dataset_properties={
  'task': 1,
  'sparse': False,
  'multilabel': False,
  'multiclass': False,
  'target_type': 'classification',
  'signed': False}))]",0.9431818181818182,0.0,0.9478390461997019,0.0,0.9431818181818182,0.0,0.9419883318188401,0.0,
dataset_61_iris,14420.105973482132,0.9736842105263158,0.9752321981424149,0.9736842105263158,0.9733089408012008,"[(1.0, SimpleClassificationPipeline({'balancing:strategy': 'weighting', 'categorical_encoding:__choice__': 'no_encoding', 'classifier:__choice__': 'libsvm_svc', 'imputation:strategy': 'mean', 'preprocessor:__choice__': 'random_trees_embedding', 'rescaling:__choice__': 'normalize', 'classifier:libsvm_svc:C': 17745.410475726796, 'classifier:libsvm_svc:gamma': 0.010529029829219841, 'classifier:libsvm_svc:kernel': 'poly', 'classifier:libsvm_svc:max_iter': -1, 'classifier:libsvm_svc:shrinking': 'False', 'classifier:libsvm_svc:tol': 3.19829358066129e-05, 'preprocessor:random_trees_embedding:bootstrap': 'True', 'preprocessor:random_trees_embedding:max_depth': 3, 'preprocessor:random_trees_embedding:max_leaf_nodes': 'None', 'preprocessor:random_trees_embedding:min_samples_leaf': 13, 'preprocessor:random_trees_embedding:min_samples_split': 3, 'preprocessor:random_trees_embedding:min_weight_fraction_leaf': 1.0, 'preprocessor:random_trees_embedding:n_estimators': 100, 'classifier:libsvm_svc:coef0': -0.3038585725580065, 'classifier:libsvm_svc:degree': 2},
dataset_properties={
  'task': 2,
  'sparse': False,
  'multilabel': False,
  'multiclass': True,
  'target_type': 'classification',
  'signed': False}))]",0.9736842105263158,0.0,0.9752321981424149,0.0,0.9736842105263158,0.0,0.9733089408012008,0.0,
