,time_1,accuracy_1,precision_1,recall_1,f1score_1,model_1,accuracy_mean,accuracy_std,precision_mean,precision_std,recall_mean,recall_std,f1score_mean,f1score_std
phptd5jYj,14401.28952550888,0.924812030075188,0.9325247196943068,0.924812030075188,0.9260606575323226,"[(1.0, SimpleClassificationPipeline({'balancing:strategy': 'weighting', 'categorical_encoding:__choice__': 'no_encoding', 'classifier:__choice__': 'gradient_boosting', 'imputation:strategy': 'median', 'preprocessor:__choice__': 'select_rates', 'rescaling:__choice__': 'quantile_transformer', 'classifier:gradient_boosting:criterion': 'mse', 'classifier:gradient_boosting:learning_rate': 0.03341994960977927, 'classifier:gradient_boosting:loss': 'deviance', 'classifier:gradient_boosting:max_depth': 7, 'classifier:gradient_boosting:max_features': 0.12722796186348873, 'classifier:gradient_boosting:max_leaf_nodes': 'None', 'classifier:gradient_boosting:min_impurity_decrease': 0.0, 'classifier:gradient_boosting:min_samples_leaf': 14, 'classifier:gradient_boosting:min_samples_split': 20, 'classifier:gradient_boosting:min_weight_fraction_leaf': 0.0, 'classifier:gradient_boosting:n_estimators': 329, 'classifier:gradient_boosting:subsample': 0.6129295107549602, 'preprocessor:select_rates:alpha': 0.1, 'preprocessor:select_rates:mode': 'fdr', 'preprocessor:select_rates:score_func': 'chi2', 'rescaling:quantile_transformer:n_quantiles': 1327, 'rescaling:quantile_transformer:output_distribution': 'normal'},
dataset_properties={
  'task': 2,
  'sparse': False,
  'multilabel': False,
  'multiclass': True,
  'target_type': 'classification',
  'signed': False}))]",0.924812030075188,0.0,0.9325247196943068,0.0,0.924812030075188,0.0,0.9260606575323226,0.0
tumors_C,14397.885226726532,0.3333333333333333,0.6190476190476191,0.3333333333333333,0.43333333333333335,"[(1.0, SimpleClassificationPipeline({'balancing:strategy': 'none', 'categorical_encoding:__choice__': 'one_hot_encoding', 'classifier:__choice__': 'liblinear_svc', 'imputation:strategy': 'most_frequent', 'preprocessor:__choice__': 'feature_agglomeration', 'rescaling:__choice__': 'robust_scaler', 'categorical_encoding:one_hot_encoding:use_minimum_fraction': 'False', 'classifier:liblinear_svc:C': 2.851425053972644, 'classifier:liblinear_svc:dual': 'False', 'classifier:liblinear_svc:fit_intercept': 'True', 'classifier:liblinear_svc:intercept_scaling': 1, 'classifier:liblinear_svc:loss': 'squared_hinge', 'classifier:liblinear_svc:multi_class': 'ovr', 'classifier:liblinear_svc:penalty': 'l2', 'classifier:liblinear_svc:tol': 9.45236588480849e-05, 'preprocessor:feature_agglomeration:affinity': 'manhattan', 'preprocessor:feature_agglomeration:linkage': 'average', 'preprocessor:feature_agglomeration:n_clusters': 365, 'preprocessor:feature_agglomeration:pooling_func': 'mean', 'rescaling:robust_scaler:q_max': 0.799159638152339, 'rescaling:robust_scaler:q_min': 0.04090366293825124},
dataset_properties={
  'task': 1,
  'sparse': False,
  'multilabel': False,
  'multiclass': False,
  'target_type': 'classification',
  'signed': False}))]",0.3333333333333333,0.0,0.6190476190476191,0.0,0.3333333333333333,0.0,0.43333333333333335,0.0
wine-quality-red,14397.257683992386,0.665,0.6316128385395995,0.665,0.6445870712401056,"[(1.0, SimpleClassificationPipeline({'balancing:strategy': 'weighting', 'categorical_encoding:__choice__': 'no_encoding', 'classifier:__choice__': 'random_forest', 'imputation:strategy': 'median', 'preprocessor:__choice__': 'random_trees_embedding', 'rescaling:__choice__': 'quantile_transformer', 'classifier:random_forest:bootstrap': 'True', 'classifier:random_forest:criterion': 'gini', 'classifier:random_forest:max_depth': 'None', 'classifier:random_forest:max_features': 0.5, 'classifier:random_forest:max_leaf_nodes': 'None', 'classifier:random_forest:min_impurity_decrease': 0.0, 'classifier:random_forest:min_samples_leaf': 1, 'classifier:random_forest:min_samples_split': 2, 'classifier:random_forest:min_weight_fraction_leaf': 0.0, 'classifier:random_forest:n_estimators': 100, 'preprocessor:random_trees_embedding:bootstrap': 'False', 'preprocessor:random_trees_embedding:max_depth': 2, 'preprocessor:random_trees_embedding:max_leaf_nodes': 'None', 'preprocessor:random_trees_embedding:min_samples_leaf': 3, 'preprocessor:random_trees_embedding:min_samples_split': 9, 'preprocessor:random_trees_embedding:min_weight_fraction_leaf': 1.0, 'preprocessor:random_trees_embedding:n_estimators': 100, 'rescaling:quantile_transformer:n_quantiles': 646, 'rescaling:quantile_transformer:output_distribution': 'uniform'},
dataset_properties={
  'task': 2,
  'sparse': False,
  'multilabel': False,
  'multiclass': True,
  'target_type': 'classification',
  'signed': False}))]",0.665,0.0,0.6316128385395995,0.0,0.665,0.0,0.6445870712401056,0.0
