,time_1,accuracy_1,precision_1,recall_1,f1score_1,model_1,accuracy_mean,accuracy_std,precision_mean,precision_std,recall_mean,recall_std,f1score_mean,f1score_std
CovPokElec,14386.674988031387,0.6052731379952841,0.6020729553933045,0.6052731379952841,0.5913181908564148,"[(1.0, SimpleClassificationPipeline({'balancing:strategy': 'none', 'categorical_encoding:__choice__': 'no_encoding', 'classifier:__choice__': 'passive_aggressive', 'imputation:strategy': 'mean', 'preprocessor:__choice__': 'no_preprocessing', 'rescaling:__choice__': 'robust_scaler', 'classifier:passive_aggressive:C': 0.10764735698668713, 'classifier:passive_aggressive:average': 'True', 'classifier:passive_aggressive:fit_intercept': 'True', 'classifier:passive_aggressive:loss': 'squared_hinge', 'classifier:passive_aggressive:tol': 0.006265831068482212, 'rescaling:robust_scaler:q_max': 0.916495205326878, 'rescaling:robust_scaler:q_min': 0.288834126574101},
dataset_properties={
  'task': 2,
  'sparse': False,
  'multilabel': False,
  'multiclass': True,
  'target_type': 'classification',
  'signed': False}))]",0.6052731379952841,0.0,0.6020729553933045,0.0,0.6052731379952841,0.0,0.5913181908564148,0.0
