,time_1,accuracy_1,precision_1,recall_1,f1score_1,model_1,accuracy_mean,accuracy_std,precision_mean,precision_std,recall_mean,recall_std,f1score_mean,f1score_std
phpCsX3fx,14434.757026672363,0.82,0.8509553571428572,0.82,0.810083485958486,"[(0.14, SimpleClassificationPipeline({'balancing:strategy': 'weighting', 'categorical_encoding:__choice__': 'one_hot_encoding', 'classifier:__choice__': 'random_forest', 'imputation:strategy': 'most_frequent', 'preprocessor:__choice__': 'polynomial', 'rescaling:__choice__': 'normalize', 'categorical_encoding:one_hot_encoding:use_minimum_fraction': 'False', 'classifier:random_forest:bootstrap': 'False', 'classifier:random_forest:criterion': 'gini', 'classifier:random_forest:max_depth': 'None', 'classifier:random_forest:max_features': 0.3168999486198213, 'classifier:random_forest:max_leaf_nodes': 'None', 'classifier:random_forest:min_impurity_decrease': 0.0, 'classifier:random_forest:min_samples_leaf': 1, 'classifier:random_forest:min_samples_split': 9, 'classifier:random_forest:min_weight_fraction_leaf': 0.0, 'classifier:random_forest:n_estimators': 100, 'preprocessor:polynomial:degree': 2, 'preprocessor:polynomial:include_bias': 'True', 'preprocessor:polynomial:interaction_only': 'False'},
dataset_properties={
  'task': 2,
  'sparse': False,
  'multilabel': False,
  'multiclass': True,
  'target_type': 'classification',
  'signed': False})), (0.12, SimpleClassificationPipeline({'balancing:strategy': 'weighting', 'categorical_encoding:__choice__': 'one_hot_encoding', 'classifier:__choice__': 'random_forest', 'imputation:strategy': 'most_frequent', 'preprocessor:__choice__': 'select_rates', 'rescaling:__choice__': 'none', 'categorical_encoding:one_hot_encoding:use_minimum_fraction': 'False', 'classifier:random_forest:bootstrap': 'False', 'classifier:random_forest:criterion': 'gini', 'classifier:random_forest:max_depth': 'None', 'classifier:random_forest:max_features': 0.29824798263278807, 'classifier:random_forest:max_leaf_nodes': 'None', 'classifier:random_forest:min_impurity_decrease': 0.0, 'classifier:random_forest:min_samples_leaf': 1, 'classifier:random_forest:min_samples_split': 3, 'classifier:random_forest:min_weight_fraction_leaf': 0.0, 'classifier:random_forest:n_estimators': 100, 'preprocessor:select_rates:alpha': 0.3869624431034691, 'preprocessor:select_rates:mode': 'fpr', 'preprocessor:select_rates:score_func': 'f_classif'},
dataset_properties={
  'task': 2,
  'sparse': False,
  'multilabel': False,
  'multiclass': True,
  'target_type': 'classification',
  'signed': False})), (0.08, SimpleClassificationPipeline({'balancing:strategy': 'none', 'categorical_encoding:__choice__': 'one_hot_encoding', 'classifier:__choice__': 'random_forest', 'imputation:strategy': 'most_frequent', 'preprocessor:__choice__': 'polynomial', 'rescaling:__choice__': 'none', 'categorical_encoding:one_hot_encoding:use_minimum_fraction': 'False', 'classifier:random_forest:bootstrap': 'False', 'classifier:random_forest:criterion': 'gini', 'classifier:random_forest:max_depth': 'None', 'classifier:random_forest:max_features': 0.3168999486198213, 'classifier:random_forest:max_leaf_nodes': 'None', 'classifier:random_forest:min_impurity_decrease': 0.0, 'classifier:random_forest:min_samples_leaf': 1, 'classifier:random_forest:min_samples_split': 2, 'classifier:random_forest:min_weight_fraction_leaf': 0.0, 'classifier:random_forest:n_estimators': 100, 'preprocessor:polynomial:degree': 2, 'preprocessor:polynomial:include_bias': 'True', 'preprocessor:polynomial:interaction_only': 'False'},
dataset_properties={
  'task': 2,
  'sparse': False,
  'multilabel': False,
  'multiclass': True,
  'target_type': 'classification',
  'signed': False})), (0.08, SimpleClassificationPipeline({'balancing:strategy': 'weighting', 'categorical_encoding:__choice__': 'one_hot_encoding', 'classifier:__choice__': 'random_forest', 'imputation:strategy': 'mean', 'preprocessor:__choice__': 'select_rates', 'rescaling:__choice__': 'none', 'categorical_encoding:one_hot_encoding:use_minimum_fraction': 'False', 'classifier:random_forest:bootstrap': 'False', 'classifier:random_forest:criterion': 'gini', 'classifier:random_forest:max_depth': 'None', 'classifier:random_forest:max_features': 0.3106421915830933, 'classifier:random_forest:max_leaf_nodes': 'None', 'classifier:random_forest:min_impurity_decrease': 0.0, 'classifier:random_forest:min_samples_leaf': 1, 'classifier:random_forest:min_samples_split': 3, 'classifier:random_forest:min_weight_fraction_leaf': 0.0, 'classifier:random_forest:n_estimators': 100, 'preprocessor:select_rates:alpha': 0.05664646176933741, 'preprocessor:select_rates:mode': 'fdr', 'preprocessor:select_rates:score_func': 'f_classif'},
dataset_properties={
  'task': 2,
  'sparse': False,
  'multilabel': False,
  'multiclass': True,
  'target_type': 'classification',
  'signed': False})), (0.08, SimpleClassificationPipeline({'balancing:strategy': 'weighting', 'categorical_encoding:__choice__': 'no_encoding', 'classifier:__choice__': 'random_forest', 'imputation:strategy': 'mean', 'preprocessor:__choice__': 'select_rates', 'rescaling:__choice__': 'robust_scaler', 'classifier:random_forest:bootstrap': 'False', 'classifier:random_forest:criterion': 'gini', 'classifier:random_forest:max_depth': 'None', 'classifier:random_forest:max_features': 0.3027100495307234, 'classifier:random_forest:max_leaf_nodes': 'None', 'classifier:random_forest:min_impurity_decrease': 0.0, 'classifier:random_forest:min_samples_leaf': 1, 'classifier:random_forest:min_samples_split': 13, 'classifier:random_forest:min_weight_fraction_leaf': 0.0, 'classifier:random_forest:n_estimators': 100, 'preprocessor:select_rates:alpha': 0.11891287388531843, 'preprocessor:select_rates:mode': 'fdr', 'preprocessor:select_rates:score_func': 'f_classif', 'rescaling:robust_scaler:q_max': 0.7613812931597121, 'rescaling:robust_scaler:q_min': 0.23922889432860653},
dataset_properties={
  'task': 2,
  'sparse': False,
  'multilabel': False,
  'multiclass': True,
  'target_type': 'classification',
  'signed': False})), (0.04, SimpleClassificationPipeline({'balancing:strategy': 'none', 'categorical_encoding:__choice__': 'one_hot_encoding', 'classifier:__choice__': 'random_forest', 'imputation:strategy': 'mean', 'preprocessor:__choice__': 'polynomial', 'rescaling:__choice__': 'none', 'categorical_encoding:one_hot_encoding:use_minimum_fraction': 'False', 'classifier:random_forest:bootstrap': 'False', 'classifier:random_forest:criterion': 'gini', 'classifier:random_forest:max_depth': 'None', 'classifier:random_forest:max_features': 0.3168999486198213, 'classifier:random_forest:max_leaf_nodes': 'None', 'classifier:random_forest:min_impurity_decrease': 0.0, 'classifier:random_forest:min_samples_leaf': 1, 'classifier:random_forest:min_samples_split': 2, 'classifier:random_forest:min_weight_fraction_leaf': 0.0, 'classifier:random_forest:n_estimators': 100, 'preprocessor:polynomial:degree': 2, 'preprocessor:polynomial:include_bias': 'True', 'preprocessor:polynomial:interaction_only': 'False'},
dataset_properties={
  'task': 2,
  'sparse': False,
  'multilabel': False,
  'multiclass': True,
  'target_type': 'classification',
  'signed': False})), (0.04, SimpleClassificationPipeline({'balancing:strategy': 'weighting', 'categorical_encoding:__choice__': 'one_hot_encoding', 'classifier:__choice__': 'random_forest', 'imputation:strategy': 'most_frequent', 'preprocessor:__choice__': 'polynomial', 'rescaling:__choice__': 'none', 'categorical_encoding:one_hot_encoding:use_minimum_fraction': 'False', 'classifier:random_forest:bootstrap': 'False', 'classifier:random_forest:criterion': 'gini', 'classifier:random_forest:max_depth': 'None', 'classifier:random_forest:max_features': 0.3168999486198213, 'classifier:random_forest:max_leaf_nodes': 'None', 'classifier:random_forest:min_impurity_decrease': 0.0, 'classifier:random_forest:min_samples_leaf': 1, 'classifier:random_forest:min_samples_split': 2, 'classifier:random_forest:min_weight_fraction_leaf': 0.0, 'classifier:random_forest:n_estimators': 100, 'preprocessor:polynomial:degree': 2, 'preprocessor:polynomial:include_bias': 'True', 'preprocessor:polynomial:interaction_only': 'False'},
dataset_properties={
  'task': 2,
  'sparse': False,
  'multilabel': False,
  'multiclass': True,
  'target_type': 'classification',
  'signed': False})), (0.04, SimpleClassificationPipeline({'balancing:strategy': 'weighting', 'categorical_encoding:__choice__': 'one_hot_encoding', 'classifier:__choice__': 'random_forest', 'imputation:strategy': 'mean', 'preprocessor:__choice__': 'select_rates', 'rescaling:__choice__': 'standardize', 'categorical_encoding:one_hot_encoding:use_minimum_fraction': 'False', 'classifier:random_forest:bootstrap': 'False', 'classifier:random_forest:criterion': 'gini', 'classifier:random_forest:max_depth': 'None', 'classifier:random_forest:max_features': 0.29890061833197196, 'classifier:random_forest:max_leaf_nodes': 'None', 'classifier:random_forest:min_impurity_decrease': 0.0, 'classifier:random_forest:min_samples_leaf': 1, 'classifier:random_forest:min_samples_split': 2, 'classifier:random_forest:min_weight_fraction_leaf': 0.0, 'classifier:random_forest:n_estimators': 100, 'preprocessor:select_rates:alpha': 0.3361545927817785, 'preprocessor:select_rates:mode': 'fpr', 'preprocessor:select_rates:score_func': 'f_classif'},
dataset_properties={
  'task': 2,
  'sparse': False,
  'multilabel': False,
  'multiclass': True,
  'target_type': 'classification',
  'signed': False})), (0.04, SimpleClassificationPipeline({'balancing:strategy': 'weighting', 'categorical_encoding:__choice__': 'one_hot_encoding', 'classifier:__choice__': 'random_forest', 'imputation:strategy': 'most_frequent', 'preprocessor:__choice__': 'polynomial', 'rescaling:__choice__': 'none', 'categorical_encoding:one_hot_encoding:use_minimum_fraction': 'False', 'classifier:random_forest:bootstrap': 'False', 'classifier:random_forest:criterion': 'gini', 'classifier:random_forest:max_depth': 'None', 'classifier:random_forest:max_features': 0.3168999486198213, 'classifier:random_forest:max_leaf_nodes': 'None', 'classifier:random_forest:min_impurity_decrease': 0.0, 'classifier:random_forest:min_samples_leaf': 1, 'classifier:random_forest:min_samples_split': 8, 'classifier:random_forest:min_weight_fraction_leaf': 0.0, 'classifier:random_forest:n_estimators': 100, 'preprocessor:polynomial:degree': 2, 'preprocessor:polynomial:include_bias': 'True', 'preprocessor:polynomial:interaction_only': 'False'},
dataset_properties={
  'task': 2,
  'sparse': False,
  'multilabel': False,
  'multiclass': True,
  'target_type': 'classification',
  'signed': False})), (0.04, SimpleClassificationPipeline({'balancing:strategy': 'weighting', 'categorical_encoding:__choice__': 'one_hot_encoding', 'classifier:__choice__': 'random_forest', 'imputation:strategy': 'most_frequent', 'preprocessor:__choice__': 'polynomial', 'rescaling:__choice__': 'none', 'categorical_encoding:one_hot_encoding:use_minimum_fraction': 'False', 'classifier:random_forest:bootstrap': 'False', 'classifier:random_forest:criterion': 'gini', 'classifier:random_forest:max_depth': 'None', 'classifier:random_forest:max_features': 0.32177298486143646, 'classifier:random_forest:max_leaf_nodes': 'None', 'classifier:random_forest:min_impurity_decrease': 0.0, 'classifier:random_forest:min_samples_leaf': 1, 'classifier:random_forest:min_samples_split': 8, 'classifier:random_forest:min_weight_fraction_leaf': 0.0, 'classifier:random_forest:n_estimators': 100, 'preprocessor:polynomial:degree': 2, 'preprocessor:polynomial:include_bias': 'True', 'preprocessor:polynomial:interaction_only': 'False'},
dataset_properties={
  'task': 2,
  'sparse': False,
  'multilabel': False,
  'multiclass': True,
  'target_type': 'classification',
  'signed': False})), (0.02, SimpleClassificationPipeline({'balancing:strategy': 'weighting', 'categorical_encoding:__choice__': 'one_hot_encoding', 'classifier:__choice__': 'random_forest', 'imputation:strategy': 'mean', 'preprocessor:__choice__': 'polynomial', 'rescaling:__choice__': 'none', 'categorical_encoding:one_hot_encoding:use_minimum_fraction': 'False', 'classifier:random_forest:bootstrap': 'False', 'classifier:random_forest:criterion': 'gini', 'classifier:random_forest:max_depth': 'None', 'classifier:random_forest:max_features': 0.3168999486198213, 'classifier:random_forest:max_leaf_nodes': 'None', 'classifier:random_forest:min_impurity_decrease': 0.0, 'classifier:random_forest:min_samples_leaf': 1, 'classifier:random_forest:min_samples_split': 2, 'classifier:random_forest:min_weight_fraction_leaf': 0.0, 'classifier:random_forest:n_estimators': 100, 'preprocessor:polynomial:degree': 2, 'preprocessor:polynomial:include_bias': 'True', 'preprocessor:polynomial:interaction_only': 'False'},
dataset_properties={
  'task': 2,
  'sparse': False,
  'multilabel': False,
  'multiclass': True,
  'target_type': 'classification',
  'signed': False})), (0.02, SimpleClassificationPipeline({'balancing:strategy': 'weighting', 'categorical_encoding:__choice__': 'one_hot_encoding', 'classifier:__choice__': 'random_forest', 'imputation:strategy': 'mean', 'preprocessor:__choice__': 'select_rates', 'rescaling:__choice__': 'none', 'categorical_encoding:one_hot_encoding:use_minimum_fraction': 'True', 'classifier:random_forest:bootstrap': 'False', 'classifier:random_forest:criterion': 'gini', 'classifier:random_forest:max_depth': 'None', 'classifier:random_forest:max_features': 0.3189478373851777, 'classifier:random_forest:max_leaf_nodes': 'None', 'classifier:random_forest:min_impurity_decrease': 0.0, 'classifier:random_forest:min_samples_leaf': 1, 'classifier:random_forest:min_samples_split': 2, 'classifier:random_forest:min_weight_fraction_leaf': 0.0, 'classifier:random_forest:n_estimators': 100, 'preprocessor:select_rates:alpha': 0.49990827392805004, 'preprocessor:select_rates:mode': 'fdr', 'preprocessor:select_rates:score_func': 'f_classif', 'categorical_encoding:one_hot_encoding:minimum_fraction': 0.010000000000000004},
dataset_properties={
  'task': 2,
  'sparse': False,
  'multilabel': False,
  'multiclass': True,
  'target_type': 'classification',
  'signed': False})), (0.02, SimpleClassificationPipeline({'balancing:strategy': 'weighting', 'categorical_encoding:__choice__': 'one_hot_encoding', 'classifier:__choice__': 'random_forest', 'imputation:strategy': 'most_frequent', 'preprocessor:__choice__': 'select_rates', 'rescaling:__choice__': 'none', 'categorical_encoding:one_hot_encoding:use_minimum_fraction': 'False', 'classifier:random_forest:bootstrap': 'False', 'classifier:random_forest:criterion': 'gini', 'classifier:random_forest:max_depth': 'None', 'classifier:random_forest:max_features': 0.3090748248376805, 'classifier:random_forest:max_leaf_nodes': 'None', 'classifier:random_forest:min_impurity_decrease': 0.0, 'classifier:random_forest:min_samples_leaf': 1, 'classifier:random_forest:min_samples_split': 2, 'classifier:random_forest:min_weight_fraction_leaf': 0.0, 'classifier:random_forest:n_estimators': 100, 'preprocessor:select_rates:alpha': 0.3361545927817785, 'preprocessor:select_rates:mode': 'fdr', 'preprocessor:select_rates:score_func': 'f_classif'},
dataset_properties={
  'task': 2,
  'sparse': False,
  'multilabel': False,
  'multiclass': True,
  'target_type': 'classification',
  'signed': False})), (0.02, SimpleClassificationPipeline({'balancing:strategy': 'weighting', 'categorical_encoding:__choice__': 'no_encoding', 'classifier:__choice__': 'random_forest', 'imputation:strategy': 'most_frequent', 'preprocessor:__choice__': 'select_rates', 'rescaling:__choice__': 'none', 'classifier:random_forest:bootstrap': 'False', 'classifier:random_forest:criterion': 'gini', 'classifier:random_forest:max_depth': 'None', 'classifier:random_forest:max_features': 0.3027100495307234, 'classifier:random_forest:max_leaf_nodes': 'None', 'classifier:random_forest:min_impurity_decrease': 0.0, 'classifier:random_forest:min_samples_leaf': 1, 'classifier:random_forest:min_samples_split': 2, 'classifier:random_forest:min_weight_fraction_leaf': 0.0, 'classifier:random_forest:n_estimators': 100, 'preprocessor:select_rates:alpha': 0.370416946245761, 'preprocessor:select_rates:mode': 'fdr', 'preprocessor:select_rates:score_func': 'f_classif'},
dataset_properties={
  'task': 2,
  'sparse': False,
  'multilabel': False,
  'multiclass': True,
  'target_type': 'classification',
  'signed': False})), (0.02, SimpleClassificationPipeline({'balancing:strategy': 'weighting', 'categorical_encoding:__choice__': 'one_hot_encoding', 'classifier:__choice__': 'random_forest', 'imputation:strategy': 'most_frequent', 'preprocessor:__choice__': 'select_rates', 'rescaling:__choice__': 'none', 'categorical_encoding:one_hot_encoding:use_minimum_fraction': 'False', 'classifier:random_forest:bootstrap': 'False', 'classifier:random_forest:criterion': 'gini', 'classifier:random_forest:max_depth': 'None', 'classifier:random_forest:max_features': 0.3168999486198213, 'classifier:random_forest:max_leaf_nodes': 'None', 'classifier:random_forest:min_impurity_decrease': 0.0, 'classifier:random_forest:min_samples_leaf': 1, 'classifier:random_forest:min_samples_split': 2, 'classifier:random_forest:min_weight_fraction_leaf': 0.0, 'classifier:random_forest:n_estimators': 100, 'preprocessor:select_rates:alpha': 0.3230924700824072, 'preprocessor:select_rates:mode': 'fdr', 'preprocessor:select_rates:score_func': 'f_classif'},
dataset_properties={
  'task': 2,
  'sparse': False,
  'multilabel': False,
  'multiclass': True,
  'target_type': 'classification',
  'signed': False})), (0.02, SimpleClassificationPipeline({'balancing:strategy': 'weighting', 'categorical_encoding:__choice__': 'one_hot_encoding', 'classifier:__choice__': 'random_forest', 'imputation:strategy': 'most_frequent', 'preprocessor:__choice__': 'select_rates', 'rescaling:__choice__': 'none', 'categorical_encoding:one_hot_encoding:use_minimum_fraction': 'False', 'classifier:random_forest:bootstrap': 'False', 'classifier:random_forest:criterion': 'gini', 'classifier:random_forest:max_depth': 'None', 'classifier:random_forest:max_features': 0.3122613005093772, 'classifier:random_forest:max_leaf_nodes': 'None', 'classifier:random_forest:min_impurity_decrease': 0.0, 'classifier:random_forest:min_samples_leaf': 1, 'classifier:random_forest:min_samples_split': 2, 'classifier:random_forest:min_weight_fraction_leaf': 0.0, 'classifier:random_forest:n_estimators': 100, 'preprocessor:select_rates:alpha': 0.3615934784694828, 'preprocessor:select_rates:mode': 'fdr', 'preprocessor:select_rates:score_func': 'f_classif'},
dataset_properties={
  'task': 2,
  'sparse': False,
  'multilabel': False,
  'multiclass': True,
  'target_type': 'classification',
  'signed': False})), (0.02, SimpleClassificationPipeline({'balancing:strategy': 'weighting', 'categorical_encoding:__choice__': 'one_hot_encoding', 'classifier:__choice__': 'random_forest', 'imputation:strategy': 'most_frequent', 'preprocessor:__choice__': 'select_rates', 'rescaling:__choice__': 'none', 'categorical_encoding:one_hot_encoding:use_minimum_fraction': 'False', 'classifier:random_forest:bootstrap': 'False', 'classifier:random_forest:criterion': 'gini', 'classifier:random_forest:max_depth': 'None', 'classifier:random_forest:max_features': 0.3168999486198213, 'classifier:random_forest:max_leaf_nodes': 'None', 'classifier:random_forest:min_impurity_decrease': 0.0, 'classifier:random_forest:min_samples_leaf': 1, 'classifier:random_forest:min_samples_split': 2, 'classifier:random_forest:min_weight_fraction_leaf': 0.0, 'classifier:random_forest:n_estimators': 100, 'preprocessor:select_rates:alpha': 0.13672264935527856, 'preprocessor:select_rates:mode': 'fpr', 'preprocessor:select_rates:score_func': 'f_classif'},
dataset_properties={
  'task': 2,
  'sparse': False,
  'multilabel': False,
  'multiclass': True,
  'target_type': 'classification',
  'signed': False})), (0.02, SimpleClassificationPipeline({'balancing:strategy': 'weighting', 'categorical_encoding:__choice__': 'one_hot_encoding', 'classifier:__choice__': 'random_forest', 'imputation:strategy': 'most_frequent', 'preprocessor:__choice__': 'select_rates', 'rescaling:__choice__': 'none', 'categorical_encoding:one_hot_encoding:use_minimum_fraction': 'False', 'classifier:random_forest:bootstrap': 'False', 'classifier:random_forest:criterion': 'gini', 'classifier:random_forest:max_depth': 'None', 'classifier:random_forest:max_features': 0.30136931842392123, 'classifier:random_forest:max_leaf_nodes': 'None', 'classifier:random_forest:min_impurity_decrease': 0.0, 'classifier:random_forest:min_samples_leaf': 1, 'classifier:random_forest:min_samples_split': 2, 'classifier:random_forest:min_weight_fraction_leaf': 0.0, 'classifier:random_forest:n_estimators': 100, 'preprocessor:select_rates:alpha': 0.2833362300689571, 'preprocessor:select_rates:mode': 'fpr', 'preprocessor:select_rates:score_func': 'f_classif'},
dataset_properties={
  'task': 2,
  'sparse': False,
  'multilabel': False,
  'multiclass': True,
  'target_type': 'classification',
  'signed': False})), (0.02, SimpleClassificationPipeline({'balancing:strategy': 'weighting', 'categorical_encoding:__choice__': 'one_hot_encoding', 'classifier:__choice__': 'random_forest', 'imputation:strategy': 'most_frequent', 'preprocessor:__choice__': 'select_rates', 'rescaling:__choice__': 'none', 'categorical_encoding:one_hot_encoding:use_minimum_fraction': 'False', 'classifier:random_forest:bootstrap': 'False', 'classifier:random_forest:criterion': 'gini', 'classifier:random_forest:max_depth': 'None', 'classifier:random_forest:max_features': 0.30136931842392123, 'classifier:random_forest:max_leaf_nodes': 'None', 'classifier:random_forest:min_impurity_decrease': 0.0, 'classifier:random_forest:min_samples_leaf': 1, 'classifier:random_forest:min_samples_split': 2, 'classifier:random_forest:min_weight_fraction_leaf': 0.0, 'classifier:random_forest:n_estimators': 100, 'preprocessor:select_rates:alpha': 0.47943320701925984, 'preprocessor:select_rates:mode': 'fpr', 'preprocessor:select_rates:score_func': 'f_classif'},
dataset_properties={
  'task': 2,
  'sparse': False,
  'multilabel': False,
  'multiclass': True,
  'target_type': 'classification',
  'signed': False})), (0.02, SimpleClassificationPipeline({'balancing:strategy': 'weighting', 'categorical_encoding:__choice__': 'one_hot_encoding', 'classifier:__choice__': 'random_forest', 'imputation:strategy': 'median', 'preprocessor:__choice__': 'select_rates', 'rescaling:__choice__': 'none', 'categorical_encoding:one_hot_encoding:use_minimum_fraction': 'True', 'classifier:random_forest:bootstrap': 'False', 'classifier:random_forest:criterion': 'gini', 'classifier:random_forest:max_depth': 'None', 'classifier:random_forest:max_features': 0.2980469316603185, 'classifier:random_forest:max_leaf_nodes': 'None', 'classifier:random_forest:min_impurity_decrease': 0.0, 'classifier:random_forest:min_samples_leaf': 1, 'classifier:random_forest:min_samples_split': 2, 'classifier:random_forest:min_weight_fraction_leaf': 0.0, 'classifier:random_forest:n_estimators': 100, 'preprocessor:select_rates:alpha': 0.47943320701925984, 'preprocessor:select_rates:mode': 'fpr', 'preprocessor:select_rates:score_func': 'f_classif', 'categorical_encoding:one_hot_encoding:minimum_fraction': 0.010000000000000004},
dataset_properties={
  'task': 2,
  'sparse': False,
  'multilabel': False,
  'multiclass': True,
  'target_type': 'classification',
  'signed': False})), (0.02, SimpleClassificationPipeline({'balancing:strategy': 'none', 'categorical_encoding:__choice__': 'one_hot_encoding', 'classifier:__choice__': 'random_forest', 'imputation:strategy': 'most_frequent', 'preprocessor:__choice__': 'polynomial', 'rescaling:__choice__': 'none', 'categorical_encoding:one_hot_encoding:use_minimum_fraction': 'False', 'classifier:random_forest:bootstrap': 'False', 'classifier:random_forest:criterion': 'gini', 'classifier:random_forest:max_depth': 'None', 'classifier:random_forest:max_features': 0.3168999486198213, 'classifier:random_forest:max_leaf_nodes': 'None', 'classifier:random_forest:min_impurity_decrease': 0.0, 'classifier:random_forest:min_samples_leaf': 1, 'classifier:random_forest:min_samples_split': 2, 'classifier:random_forest:min_weight_fraction_leaf': 0.0, 'classifier:random_forest:n_estimators': 100, 'preprocessor:polynomial:degree': 3, 'preprocessor:polynomial:include_bias': 'True', 'preprocessor:polynomial:interaction_only': 'False'},
dataset_properties={
  'task': 2,
  'sparse': False,
  'multilabel': False,
  'multiclass': True,
  'target_type': 'classification',
  'signed': False})), (0.02, SimpleClassificationPipeline({'balancing:strategy': 'weighting', 'categorical_encoding:__choice__': 'one_hot_encoding', 'classifier:__choice__': 'random_forest', 'imputation:strategy': 'most_frequent', 'preprocessor:__choice__': 'select_rates', 'rescaling:__choice__': 'robust_scaler', 'categorical_encoding:one_hot_encoding:use_minimum_fraction': 'True', 'classifier:random_forest:bootstrap': 'False', 'classifier:random_forest:criterion': 'gini', 'classifier:random_forest:max_depth': 'None', 'classifier:random_forest:max_features': 0.2987968859374174, 'classifier:random_forest:max_leaf_nodes': 'None', 'classifier:random_forest:min_impurity_decrease': 0.0, 'classifier:random_forest:min_samples_leaf': 1, 'classifier:random_forest:min_samples_split': 14, 'classifier:random_forest:min_weight_fraction_leaf': 0.0, 'classifier:random_forest:n_estimators': 100, 'preprocessor:select_rates:alpha': 0.46247128671951093, 'preprocessor:select_rates:mode': 'fdr', 'preprocessor:select_rates:score_func': 'f_classif', 'rescaling:robust_scaler:q_max': 0.7944122864592966, 'rescaling:robust_scaler:q_min': 0.25, 'categorical_encoding:one_hot_encoding:minimum_fraction': 0.010000000000000004},
dataset_properties={
  'task': 2,
  'sparse': False,
  'multilabel': False,
  'multiclass': True,
  'target_type': 'classification',
  'signed': False})), (0.02, SimpleClassificationPipeline({'balancing:strategy': 'weighting', 'categorical_encoding:__choice__': 'no_encoding', 'classifier:__choice__': 'random_forest', 'imputation:strategy': 'mean', 'preprocessor:__choice__': 'select_rates', 'rescaling:__choice__': 'robust_scaler', 'classifier:random_forest:bootstrap': 'False', 'classifier:random_forest:criterion': 'gini', 'classifier:random_forest:max_depth': 'None', 'classifier:random_forest:max_features': 0.298347703819035, 'classifier:random_forest:max_leaf_nodes': 'None', 'classifier:random_forest:min_impurity_decrease': 0.0, 'classifier:random_forest:min_samples_leaf': 1, 'classifier:random_forest:min_samples_split': 14, 'classifier:random_forest:min_weight_fraction_leaf': 0.0, 'classifier:random_forest:n_estimators': 100, 'preprocessor:select_rates:alpha': 0.07479195936114624, 'preprocessor:select_rates:mode': 'fdr', 'preprocessor:select_rates:score_func': 'f_classif', 'rescaling:robust_scaler:q_max': 0.7664206983932249, 'rescaling:robust_scaler:q_min': 0.21081813860588794},
dataset_properties={
  'task': 2,
  'sparse': False,
  'multilabel': False,
  'multiclass': True,
  'target_type': 'classification',
  'signed': False})), (0.02, SimpleClassificationPipeline({'balancing:strategy': 'weighting', 'categorical_encoding:__choice__': 'no_encoding', 'classifier:__choice__': 'random_forest', 'imputation:strategy': 'mean', 'preprocessor:__choice__': 'select_rates', 'rescaling:__choice__': 'robust_scaler', 'classifier:random_forest:bootstrap': 'False', 'classifier:random_forest:criterion': 'gini', 'classifier:random_forest:max_depth': 'None', 'classifier:random_forest:max_features': 0.33037958451394916, 'classifier:random_forest:max_leaf_nodes': 'None', 'classifier:random_forest:min_impurity_decrease': 0.0, 'classifier:random_forest:min_samples_leaf': 1, 'classifier:random_forest:min_samples_split': 14, 'classifier:random_forest:min_weight_fraction_leaf': 0.0, 'classifier:random_forest:n_estimators': 100, 'preprocessor:select_rates:alpha': 0.13576997316344433, 'preprocessor:select_rates:mode': 'fdr', 'preprocessor:select_rates:score_func': 'f_classif', 'rescaling:robust_scaler:q_max': 0.7811285019266787, 'rescaling:robust_scaler:q_min': 0.182511884497106},
dataset_properties={
  'task': 2,
  'sparse': False,
  'multilabel': False,
  'multiclass': True,
  'target_type': 'classification',
  'signed': False})), (0.02, SimpleClassificationPipeline({'balancing:strategy': 'weighting', 'categorical_encoding:__choice__': 'one_hot_encoding', 'classifier:__choice__': 'random_forest', 'imputation:strategy': 'mean', 'preprocessor:__choice__': 'select_rates', 'rescaling:__choice__': 'robust_scaler', 'categorical_encoding:one_hot_encoding:use_minimum_fraction': 'True', 'classifier:random_forest:bootstrap': 'False', 'classifier:random_forest:criterion': 'gini', 'classifier:random_forest:max_depth': 'None', 'classifier:random_forest:max_features': 0.33037958451394916, 'classifier:random_forest:max_leaf_nodes': 'None', 'classifier:random_forest:min_impurity_decrease': 0.0, 'classifier:random_forest:min_samples_leaf': 1, 'classifier:random_forest:min_samples_split': 14, 'classifier:random_forest:min_weight_fraction_leaf': 0.0, 'classifier:random_forest:n_estimators': 100, 'preprocessor:select_rates:alpha': 0.189571002498901, 'preprocessor:select_rates:mode': 'fdr', 'preprocessor:select_rates:score_func': 'f_classif', 'rescaling:robust_scaler:q_max': 0.75, 'rescaling:robust_scaler:q_min': 0.25, 'categorical_encoding:one_hot_encoding:minimum_fraction': 0.010000000000000004},
dataset_properties={
  'task': 2,
  'sparse': False,
  'multilabel': False,
  'multiclass': True,
  'target_type': 'classification',
  'signed': False}))]",0.82,0.0,0.8509553571428572,0.0,0.82,0.0,0.810083485958486,0.0
phpEZ030X,14398.24115037918,0.8125,0.8687499999999999,0.8125,0.8102941176470588,"[(0.72, SimpleClassificationPipeline({'balancing:strategy': 'weighting', 'categorical_encoding:__choice__': 'no_encoding', 'classifier:__choice__': 'libsvm_svc', 'imputation:strategy': 'most_frequent', 'preprocessor:__choice__': 'pca', 'rescaling:__choice__': 'none', 'classifier:libsvm_svc:C': 28.88955693129654, 'classifier:libsvm_svc:gamma': 0.02635046001279611, 'classifier:libsvm_svc:kernel': 'rbf', 'classifier:libsvm_svc:max_iter': -1, 'classifier:libsvm_svc:shrinking': 'True', 'classifier:libsvm_svc:tol': 0.004771008221864341, 'preprocessor:pca:keep_variance': 0.506965588390599, 'preprocessor:pca:whiten': 'False'},
dataset_properties={
  'task': 1,
  'sparse': False,
  'multilabel': False,
  'multiclass': False,
  'target_type': 'classification',
  'signed': False})), (0.06, SimpleClassificationPipeline({'balancing:strategy': 'none', 'categorical_encoding:__choice__': 'no_encoding', 'classifier:__choice__': 'passive_aggressive', 'imputation:strategy': 'mean', 'preprocessor:__choice__': 'select_rates', 'rescaling:__choice__': 'quantile_transformer', 'classifier:passive_aggressive:C': 0.0011772306097188878, 'classifier:passive_aggressive:average': 'False', 'classifier:passive_aggressive:fit_intercept': 'True', 'classifier:passive_aggressive:loss': 'hinge', 'classifier:passive_aggressive:tol': 0.00012516619829086863, 'preprocessor:select_rates:alpha': 0.4221877975555695, 'preprocessor:select_rates:mode': 'fdr', 'preprocessor:select_rates:score_func': 'chi2', 'rescaling:quantile_transformer:n_quantiles': 1000, 'rescaling:quantile_transformer:output_distribution': 'uniform'},
dataset_properties={
  'task': 1,
  'sparse': False,
  'multilabel': False,
  'multiclass': False,
  'target_type': 'classification',
  'signed': False})), (0.06, SimpleClassificationPipeline({'balancing:strategy': 'none', 'categorical_encoding:__choice__': 'no_encoding', 'classifier:__choice__': 'passive_aggressive', 'imputation:strategy': 'mean', 'preprocessor:__choice__': 'select_rates', 'rescaling:__choice__': 'quantile_transformer', 'classifier:passive_aggressive:C': 0.0011772306097188878, 'classifier:passive_aggressive:average': 'False', 'classifier:passive_aggressive:fit_intercept': 'True', 'classifier:passive_aggressive:loss': 'squared_hinge', 'classifier:passive_aggressive:tol': 0.00012516619829086863, 'preprocessor:select_rates:alpha': 0.4221877975555695, 'preprocessor:select_rates:mode': 'fdr', 'preprocessor:select_rates:score_func': 'chi2', 'rescaling:quantile_transformer:n_quantiles': 1422, 'rescaling:quantile_transformer:output_distribution': 'uniform'},
dataset_properties={
  'task': 1,
  'sparse': False,
  'multilabel': False,
  'multiclass': False,
  'target_type': 'classification',
  'signed': False})), (0.04, SimpleClassificationPipeline({'balancing:strategy': 'none', 'categorical_encoding:__choice__': 'one_hot_encoding', 'classifier:__choice__': 'passive_aggressive', 'imputation:strategy': 'mean', 'preprocessor:__choice__': 'select_rates', 'rescaling:__choice__': 'none', 'categorical_encoding:one_hot_encoding:use_minimum_fraction': 'True', 'classifier:passive_aggressive:C': 4.082869285397009e-05, 'classifier:passive_aggressive:average': 'False', 'classifier:passive_aggressive:fit_intercept': 'True', 'classifier:passive_aggressive:loss': 'squared_hinge', 'classifier:passive_aggressive:tol': 4.804550178676667e-05, 'preprocessor:select_rates:alpha': 0.46502830278568336, 'preprocessor:select_rates:mode': 'fdr', 'preprocessor:select_rates:score_func': 'chi2', 'categorical_encoding:one_hot_encoding:minimum_fraction': 0.010000000000000004},
dataset_properties={
  'task': 1,
  'sparse': False,
  'multilabel': False,
  'multiclass': False,
  'target_type': 'classification',
  'signed': False})), (0.02, SimpleClassificationPipeline({'balancing:strategy': 'weighting', 'categorical_encoding:__choice__': 'no_encoding', 'classifier:__choice__': 'passive_aggressive', 'imputation:strategy': 'median', 'preprocessor:__choice__': 'select_rates', 'rescaling:__choice__': 'none', 'classifier:passive_aggressive:C': 0.0011772306097188878, 'classifier:passive_aggressive:average': 'False', 'classifier:passive_aggressive:fit_intercept': 'True', 'classifier:passive_aggressive:loss': 'squared_hinge', 'classifier:passive_aggressive:tol': 0.00012516619829086863, 'preprocessor:select_rates:alpha': 0.4221877975555695, 'preprocessor:select_rates:mode': 'fdr', 'preprocessor:select_rates:score_func': 'chi2'},
dataset_properties={
  'task': 1,
  'sparse': False,
  'multilabel': False,
  'multiclass': False,
  'target_type': 'classification',
  'signed': False})), (0.02, SimpleClassificationPipeline({'balancing:strategy': 'weighting', 'categorical_encoding:__choice__': 'no_encoding', 'classifier:__choice__': 'passive_aggressive', 'imputation:strategy': 'median', 'preprocessor:__choice__': 'select_rates', 'rescaling:__choice__': 'none', 'classifier:passive_aggressive:C': 0.0009202690026340163, 'classifier:passive_aggressive:average': 'False', 'classifier:passive_aggressive:fit_intercept': 'True', 'classifier:passive_aggressive:loss': 'squared_hinge', 'classifier:passive_aggressive:tol': 0.00024196174829231538, 'preprocessor:select_rates:alpha': 0.4221877975555695, 'preprocessor:select_rates:mode': 'fdr', 'preprocessor:select_rates:score_func': 'chi2'},
dataset_properties={
  'task': 1,
  'sparse': False,
  'multilabel': False,
  'multiclass': False,
  'target_type': 'classification',
  'signed': False})), (0.02, SimpleClassificationPipeline({'balancing:strategy': 'none', 'categorical_encoding:__choice__': 'no_encoding', 'classifier:__choice__': 'passive_aggressive', 'imputation:strategy': 'mean', 'preprocessor:__choice__': 'select_rates', 'rescaling:__choice__': 'quantile_transformer', 'classifier:passive_aggressive:C': 0.03469817781656097, 'classifier:passive_aggressive:average': 'False', 'classifier:passive_aggressive:fit_intercept': 'True', 'classifier:passive_aggressive:loss': 'squared_hinge', 'classifier:passive_aggressive:tol': 0.00024196174829231538, 'preprocessor:select_rates:alpha': 0.4221877975555695, 'preprocessor:select_rates:mode': 'fdr', 'preprocessor:select_rates:score_func': 'chi2', 'rescaling:quantile_transformer:n_quantiles': 1000, 'rescaling:quantile_transformer:output_distribution': 'uniform'},
dataset_properties={
  'task': 1,
  'sparse': False,
  'multilabel': False,
  'multiclass': False,
  'target_type': 'classification',
  'signed': False})), (0.02, SimpleClassificationPipeline({'balancing:strategy': 'none', 'categorical_encoding:__choice__': 'no_encoding', 'classifier:__choice__': 'passive_aggressive', 'imputation:strategy': 'mean', 'preprocessor:__choice__': 'select_rates', 'rescaling:__choice__': 'none', 'classifier:passive_aggressive:C': 0.0011772306097188878, 'classifier:passive_aggressive:average': 'False', 'classifier:passive_aggressive:fit_intercept': 'True', 'classifier:passive_aggressive:loss': 'squared_hinge', 'classifier:passive_aggressive:tol': 5.2242271162769e-05, 'preprocessor:select_rates:alpha': 0.46797054077385114, 'preprocessor:select_rates:mode': 'fdr', 'preprocessor:select_rates:score_func': 'chi2'},
dataset_properties={
  'task': 1,
  'sparse': False,
  'multilabel': False,
  'multiclass': False,
  'target_type': 'classification',
  'signed': False})), (0.02, SimpleClassificationPipeline({'balancing:strategy': 'none', 'categorical_encoding:__choice__': 'no_encoding', 'classifier:__choice__': 'passive_aggressive', 'imputation:strategy': 'mean', 'preprocessor:__choice__': 'select_rates', 'rescaling:__choice__': 'quantile_transformer', 'classifier:passive_aggressive:C': 0.0011772306097188878, 'classifier:passive_aggressive:average': 'False', 'classifier:passive_aggressive:fit_intercept': 'True', 'classifier:passive_aggressive:loss': 'squared_hinge', 'classifier:passive_aggressive:tol': 0.00012516619829086863, 'preprocessor:select_rates:alpha': 0.4311235545002772, 'preprocessor:select_rates:mode': 'fdr', 'preprocessor:select_rates:score_func': 'chi2', 'rescaling:quantile_transformer:n_quantiles': 1000, 'rescaling:quantile_transformer:output_distribution': 'uniform'},
dataset_properties={
  'task': 1,
  'sparse': False,
  'multilabel': False,
  'multiclass': False,
  'target_type': 'classification',
  'signed': False})), (0.02, SimpleClassificationPipeline({'balancing:strategy': 'none', 'categorical_encoding:__choice__': 'one_hot_encoding', 'classifier:__choice__': 'passive_aggressive', 'imputation:strategy': 'median', 'preprocessor:__choice__': 'select_rates', 'rescaling:__choice__': 'none', 'categorical_encoding:one_hot_encoding:use_minimum_fraction': 'True', 'classifier:passive_aggressive:C': 4.082869285397009e-05, 'classifier:passive_aggressive:average': 'False', 'classifier:passive_aggressive:fit_intercept': 'True', 'classifier:passive_aggressive:loss': 'squared_hinge', 'classifier:passive_aggressive:tol': 4.804550178676667e-05, 'preprocessor:select_rates:alpha': 0.46502830278568336, 'preprocessor:select_rates:mode': 'fdr', 'preprocessor:select_rates:score_func': 'chi2', 'categorical_encoding:one_hot_encoding:minimum_fraction': 0.010000000000000004},
dataset_properties={
  'task': 1,
  'sparse': False,
  'multilabel': False,
  'multiclass': False,
  'target_type': 'classification',
  'signed': False}))]",0.8125,0.0,0.8687499999999999,0.0,0.8125,0.0,0.8102941176470588,0.0
phpdo58hj,14420.319208145142,0.8125,0.8145833333333334,0.8125,0.8102226720647774,"[(0.1, SimpleClassificationPipeline({'balancing:strategy': 'none', 'categorical_encoding:__choice__': 'no_encoding', 'classifier:__choice__': 'sgd', 'imputation:strategy': 'most_frequent', 'preprocessor:__choice__': 'polynomial', 'rescaling:__choice__': 'robust_scaler', 'classifier:sgd:alpha': 1.8987174247952848e-05, 'classifier:sgd:average': 'True', 'classifier:sgd:fit_intercept': 'True', 'classifier:sgd:learning_rate': 'invscaling', 'classifier:sgd:loss': 'log', 'classifier:sgd:penalty': 'elasticnet', 'classifier:sgd:tol': 0.020460750932683503, 'preprocessor:polynomial:degree': 2, 'preprocessor:polynomial:include_bias': 'False', 'preprocessor:polynomial:interaction_only': 'False', 'rescaling:robust_scaler:q_max': 0.75, 'rescaling:robust_scaler:q_min': 0.25, 'classifier:sgd:eta0': 1.3272840299138007e-06, 'classifier:sgd:l1_ratio': 3.460010701812344e-08, 'classifier:sgd:power_t': 0.4421585390733274},
dataset_properties={
  'task': 1,
  'sparse': False,
  'multilabel': False,
  'multiclass': False,
  'target_type': 'classification',
  'signed': False})), (0.1, SimpleClassificationPipeline({'balancing:strategy': 'none', 'categorical_encoding:__choice__': 'no_encoding', 'classifier:__choice__': 'sgd', 'imputation:strategy': 'most_frequent', 'preprocessor:__choice__': 'polynomial', 'rescaling:__choice__': 'minmax', 'classifier:sgd:alpha': 1.8987174247952848e-05, 'classifier:sgd:average': 'True', 'classifier:sgd:fit_intercept': 'True', 'classifier:sgd:learning_rate': 'invscaling', 'classifier:sgd:loss': 'hinge', 'classifier:sgd:penalty': 'elasticnet', 'classifier:sgd:tol': 0.020460750932683503, 'preprocessor:polynomial:degree': 2, 'preprocessor:polynomial:include_bias': 'False', 'preprocessor:polynomial:interaction_only': 'False', 'classifier:sgd:eta0': 1.3272840299138007e-06, 'classifier:sgd:l1_ratio': 3.460010701812344e-08, 'classifier:sgd:power_t': 0.4421585390733274},
dataset_properties={
  'task': 1,
  'sparse': False,
  'multilabel': False,
  'multiclass': False,
  'target_type': 'classification',
  'signed': False})), (0.1, SimpleClassificationPipeline({'balancing:strategy': 'none', 'categorical_encoding:__choice__': 'no_encoding', 'classifier:__choice__': 'sgd', 'imputation:strategy': 'most_frequent', 'preprocessor:__choice__': 'no_preprocessing', 'rescaling:__choice__': 'minmax', 'classifier:sgd:alpha': 3.095807866893744e-07, 'classifier:sgd:average': 'True', 'classifier:sgd:fit_intercept': 'True', 'classifier:sgd:learning_rate': 'constant', 'classifier:sgd:loss': 'modified_huber', 'classifier:sgd:penalty': 'elasticnet', 'classifier:sgd:tol': 0.014105383640242981, 'classifier:sgd:epsilon': 0.00014641059244535024, 'classifier:sgd:eta0': 5.521798149437688e-06, 'classifier:sgd:l1_ratio': 1.4339316333816007e-08},
dataset_properties={
  'task': 1,
  'sparse': False,
  'multilabel': False,
  'multiclass': False,
  'target_type': 'classification',
  'signed': False})), (0.06, SimpleClassificationPipeline({'balancing:strategy': 'weighting', 'categorical_encoding:__choice__': 'one_hot_encoding', 'classifier:__choice__': 'adaboost', 'imputation:strategy': 'mean', 'preprocessor:__choice__': 'feature_agglomeration', 'rescaling:__choice__': 'none', 'categorical_encoding:one_hot_encoding:use_minimum_fraction': 'True', 'classifier:adaboost:algorithm': 'SAMME', 'classifier:adaboost:learning_rate': 0.10000000000000002, 'classifier:adaboost:max_depth': 4, 'classifier:adaboost:n_estimators': 50, 'preprocessor:feature_agglomeration:affinity': 'manhattan', 'preprocessor:feature_agglomeration:linkage': 'complete', 'preprocessor:feature_agglomeration:n_clusters': 141, 'preprocessor:feature_agglomeration:pooling_func': 'mean', 'categorical_encoding:one_hot_encoding:minimum_fraction': 0.00015037355963384903},
dataset_properties={
  'task': 1,
  'sparse': False,
  'multilabel': False,
  'multiclass': False,
  'target_type': 'classification',
  'signed': False})), (0.06, SimpleClassificationPipeline({'balancing:strategy': 'weighting', 'categorical_encoding:__choice__': 'one_hot_encoding', 'classifier:__choice__': 'adaboost', 'imputation:strategy': 'mean', 'preprocessor:__choice__': 'feature_agglomeration', 'rescaling:__choice__': 'minmax', 'categorical_encoding:one_hot_encoding:use_minimum_fraction': 'True', 'classifier:adaboost:algorithm': 'SAMME', 'classifier:adaboost:learning_rate': 0.06999078389150681, 'classifier:adaboost:max_depth': 4, 'classifier:adaboost:n_estimators': 52, 'preprocessor:feature_agglomeration:affinity': 'manhattan', 'preprocessor:feature_agglomeration:linkage': 'complete', 'preprocessor:feature_agglomeration:n_clusters': 158, 'preprocessor:feature_agglomeration:pooling_func': 'mean', 'categorical_encoding:one_hot_encoding:minimum_fraction': 0.0008038510507395667},
dataset_properties={
  'task': 1,
  'sparse': False,
  'multilabel': False,
  'multiclass': False,
  'target_type': 'classification',
  'signed': False})), (0.06, SimpleClassificationPipeline({'balancing:strategy': 'weighting', 'categorical_encoding:__choice__': 'no_encoding', 'classifier:__choice__': 'sgd', 'imputation:strategy': 'median', 'preprocessor:__choice__': 'select_rates', 'rescaling:__choice__': 'none', 'classifier:sgd:alpha': 3.095807866893744e-07, 'classifier:sgd:average': 'True', 'classifier:sgd:fit_intercept': 'True', 'classifier:sgd:learning_rate': 'constant', 'classifier:sgd:loss': 'modified_huber', 'classifier:sgd:penalty': 'elasticnet', 'classifier:sgd:tol': 0.014105383640242981, 'preprocessor:select_rates:alpha': 0.1, 'preprocessor:select_rates:mode': 'fpr', 'preprocessor:select_rates:score_func': 'f_classif', 'classifier:sgd:epsilon': 0.00014641059244535024, 'classifier:sgd:eta0': 5.521798149437688e-06, 'classifier:sgd:l1_ratio': 1.4339316333816007e-08},
dataset_properties={
  'task': 1,
  'sparse': False,
  'multilabel': False,
  'multiclass': False,
  'target_type': 'classification',
  'signed': False})), (0.06, SimpleClassificationPipeline({'balancing:strategy': 'weighting', 'categorical_encoding:__choice__': 'no_encoding', 'classifier:__choice__': 'sgd', 'imputation:strategy': 'most_frequent', 'preprocessor:__choice__': 'extra_trees_preproc_for_classification', 'rescaling:__choice__': 'robust_scaler', 'classifier:sgd:alpha': 4.346821540878367e-05, 'classifier:sgd:average': 'True', 'classifier:sgd:fit_intercept': 'True', 'classifier:sgd:learning_rate': 'invscaling', 'classifier:sgd:loss': 'hinge', 'classifier:sgd:penalty': 'l2', 'classifier:sgd:tol': 0.06825023462313957, 'preprocessor:extra_trees_preproc_for_classification:bootstrap': 'True', 'preprocessor:extra_trees_preproc_for_classification:criterion': 'gini', 'preprocessor:extra_trees_preproc_for_classification:max_depth': 'None', 'preprocessor:extra_trees_preproc_for_classification:max_features': 0.22780659158813288, 'preprocessor:extra_trees_preproc_for_classification:max_leaf_nodes': 'None', 'preprocessor:extra_trees_preproc_for_classification:min_impurity_decrease': 0.0, 'preprocessor:extra_trees_preproc_for_classification:min_samples_leaf': 13, 'preprocessor:extra_trees_preproc_for_classification:min_samples_split': 4, 'preprocessor:extra_trees_preproc_for_classification:min_weight_fraction_leaf': 0.0, 'preprocessor:extra_trees_preproc_for_classification:n_estimators': 100, 'rescaling:robust_scaler:q_max': 0.7610840889446132, 'rescaling:robust_scaler:q_min': 0.14070847655570318, 'classifier:sgd:eta0': 1.9925052305583724e-07, 'classifier:sgd:power_t': 0.5121048723419876},
dataset_properties={
  'task': 1,
  'sparse': False,
  'multilabel': False,
  'multiclass': False,
  'target_type': 'classification',
  'signed': False})), (0.06, SimpleClassificationPipeline({'balancing:strategy': 'weighting', 'categorical_encoding:__choice__': 'no_encoding', 'classifier:__choice__': 'passive_aggressive', 'imputation:strategy': 'median', 'preprocessor:__choice__': 'kitchen_sinks', 'rescaling:__choice__': 'normalize', 'classifier:passive_aggressive:C': 0.0035565346197043543, 'classifier:passive_aggressive:average': 'False', 'classifier:passive_aggressive:fit_intercept': 'True', 'classifier:passive_aggressive:loss': 'squared_hinge', 'classifier:passive_aggressive:tol': 0.002914861264531545, 'preprocessor:kitchen_sinks:gamma': 0.24435974673975214, 'preprocessor:kitchen_sinks:n_components': 1540},
dataset_properties={
  'task': 1,
  'sparse': False,
  'multilabel': False,
  'multiclass': False,
  'target_type': 'classification',
  'signed': False})), (0.04, SimpleClassificationPipeline({'balancing:strategy': 'weighting', 'categorical_encoding:__choice__': 'one_hot_encoding', 'classifier:__choice__': 'adaboost', 'imputation:strategy': 'mean', 'preprocessor:__choice__': 'feature_agglomeration', 'rescaling:__choice__': 'minmax', 'categorical_encoding:one_hot_encoding:use_minimum_fraction': 'True', 'classifier:adaboost:algorithm': 'SAMME', 'classifier:adaboost:learning_rate': 0.06999078389150681, 'classifier:adaboost:max_depth': 4, 'classifier:adaboost:n_estimators': 52, 'preprocessor:feature_agglomeration:affinity': 'manhattan', 'preprocessor:feature_agglomeration:linkage': 'complete', 'preprocessor:feature_agglomeration:n_clusters': 158, 'preprocessor:feature_agglomeration:pooling_func': 'mean', 'categorical_encoding:one_hot_encoding:minimum_fraction': 0.014802559183250586},
dataset_properties={
  'task': 1,
  'sparse': False,
  'multilabel': False,
  'multiclass': False,
  'target_type': 'classification',
  'signed': False})), (0.04, SimpleClassificationPipeline({'balancing:strategy': 'weighting', 'categorical_encoding:__choice__': 'one_hot_encoding', 'classifier:__choice__': 'adaboost', 'imputation:strategy': 'mean', 'preprocessor:__choice__': 'feature_agglomeration', 'rescaling:__choice__': 'minmax', 'categorical_encoding:one_hot_encoding:use_minimum_fraction': 'True', 'classifier:adaboost:algorithm': 'SAMME', 'classifier:adaboost:learning_rate': 0.06999078389150681, 'classifier:adaboost:max_depth': 4, 'classifier:adaboost:n_estimators': 52, 'preprocessor:feature_agglomeration:affinity': 'manhattan', 'preprocessor:feature_agglomeration:linkage': 'complete', 'preprocessor:feature_agglomeration:n_clusters': 158, 'preprocessor:feature_agglomeration:pooling_func': 'mean', 'categorical_encoding:one_hot_encoding:minimum_fraction': 0.0037845455448365997},
dataset_properties={
  'task': 1,
  'sparse': False,
  'multilabel': False,
  'multiclass': False,
  'target_type': 'classification',
  'signed': False})), (0.04, SimpleClassificationPipeline({'balancing:strategy': 'weighting', 'categorical_encoding:__choice__': 'no_encoding', 'classifier:__choice__': 'sgd', 'imputation:strategy': 'most_frequent', 'preprocessor:__choice__': 'no_preprocessing', 'rescaling:__choice__': 'robust_scaler', 'classifier:sgd:alpha': 3.095807866893744e-07, 'classifier:sgd:average': 'True', 'classifier:sgd:fit_intercept': 'True', 'classifier:sgd:learning_rate': 'constant', 'classifier:sgd:loss': 'log', 'classifier:sgd:penalty': 'elasticnet', 'classifier:sgd:tol': 0.014105383640242981, 'rescaling:robust_scaler:q_max': 0.75, 'rescaling:robust_scaler:q_min': 0.25, 'classifier:sgd:eta0': 5.521798149437688e-06, 'classifier:sgd:l1_ratio': 1.4339316333816007e-08},
dataset_properties={
  'task': 1,
  'sparse': False,
  'multilabel': False,
  'multiclass': False,
  'target_type': 'classification',
  'signed': False})), (0.04, SimpleClassificationPipeline({'balancing:strategy': 'weighting', 'categorical_encoding:__choice__': 'one_hot_encoding', 'classifier:__choice__': 'sgd', 'imputation:strategy': 'mean', 'preprocessor:__choice__': 'select_rates', 'rescaling:__choice__': 'none', 'categorical_encoding:one_hot_encoding:use_minimum_fraction': 'True', 'classifier:sgd:alpha': 0.00011945349726379986, 'classifier:sgd:average': 'True', 'classifier:sgd:fit_intercept': 'True', 'classifier:sgd:learning_rate': 'invscaling', 'classifier:sgd:loss': 'modified_huber', 'classifier:sgd:penalty': 'elasticnet', 'classifier:sgd:tol': 0.0005033320113405834, 'preprocessor:select_rates:alpha': 0.1, 'preprocessor:select_rates:mode': 'fpr', 'preprocessor:select_rates:score_func': 'chi2', 'categorical_encoding:one_hot_encoding:minimum_fraction': 0.0009213389429900554, 'classifier:sgd:epsilon': 0.00010000000000000009, 'classifier:sgd:eta0': 0.0004324156202223826, 'classifier:sgd:l1_ratio': 3.7600689261618034e-08, 'classifier:sgd:power_t': 0.5},
dataset_properties={
  'task': 1,
  'sparse': False,
  'multilabel': False,
  'multiclass': False,
  'target_type': 'classification',
  'signed': False})), (0.02, SimpleClassificationPipeline({'balancing:strategy': 'weighting', 'categorical_encoding:__choice__': 'one_hot_encoding', 'classifier:__choice__': 'adaboost', 'imputation:strategy': 'mean', 'preprocessor:__choice__': 'feature_agglomeration', 'rescaling:__choice__': 'none', 'categorical_encoding:one_hot_encoding:use_minimum_fraction': 'True', 'classifier:adaboost:algorithm': 'SAMME', 'classifier:adaboost:learning_rate': 0.10000000000000002, 'classifier:adaboost:max_depth': 4, 'classifier:adaboost:n_estimators': 50, 'preprocessor:feature_agglomeration:affinity': 'manhattan', 'preprocessor:feature_agglomeration:linkage': 'complete', 'preprocessor:feature_agglomeration:n_clusters': 141, 'preprocessor:feature_agglomeration:pooling_func': 'mean', 'categorical_encoding:one_hot_encoding:minimum_fraction': 0.0009901688016522815},
dataset_properties={
  'task': 1,
  'sparse': False,
  'multilabel': False,
  'multiclass': False,
  'target_type': 'classification',
  'signed': False})), (0.02, SimpleClassificationPipeline({'balancing:strategy': 'weighting', 'categorical_encoding:__choice__': 'one_hot_encoding', 'classifier:__choice__': 'adaboost', 'imputation:strategy': 'mean', 'preprocessor:__choice__': 'feature_agglomeration', 'rescaling:__choice__': 'none', 'categorical_encoding:one_hot_encoding:use_minimum_fraction': 'True', 'classifier:adaboost:algorithm': 'SAMME', 'classifier:adaboost:learning_rate': 0.06999078389150681, 'classifier:adaboost:max_depth': 4, 'classifier:adaboost:n_estimators': 52, 'preprocessor:feature_agglomeration:affinity': 'manhattan', 'preprocessor:feature_agglomeration:linkage': 'complete', 'preprocessor:feature_agglomeration:n_clusters': 158, 'preprocessor:feature_agglomeration:pooling_func': 'mean', 'categorical_encoding:one_hot_encoding:minimum_fraction': 0.0037845455448365997},
dataset_properties={
  'task': 1,
  'sparse': False,
  'multilabel': False,
  'multiclass': False,
  'target_type': 'classification',
  'signed': False})), (0.02, SimpleClassificationPipeline({'balancing:strategy': 'weighting', 'categorical_encoding:__choice__': 'no_encoding', 'classifier:__choice__': 'sgd', 'imputation:strategy': 'most_frequent', 'preprocessor:__choice__': 'polynomial', 'rescaling:__choice__': 'robust_scaler', 'classifier:sgd:alpha': 1.8987174247952848e-05, 'classifier:sgd:average': 'True', 'classifier:sgd:fit_intercept': 'True', 'classifier:sgd:learning_rate': 'constant', 'classifier:sgd:loss': 'hinge', 'classifier:sgd:penalty': 'elasticnet', 'classifier:sgd:tol': 0.020460750932683503, 'preprocessor:polynomial:degree': 2, 'preprocessor:polynomial:include_bias': 'False', 'preprocessor:polynomial:interaction_only': 'False', 'rescaling:robust_scaler:q_max': 0.7372063393593976, 'rescaling:robust_scaler:q_min': 0.25, 'classifier:sgd:eta0': 1.3272840299138007e-06, 'classifier:sgd:l1_ratio': 3.460010701812344e-08},
dataset_properties={
  'task': 1,
  'sparse': False,
  'multilabel': False,
  'multiclass': False,
  'target_type': 'classification',
  'signed': False})), (0.02, SimpleClassificationPipeline({'balancing:strategy': 'none', 'categorical_encoding:__choice__': 'no_encoding', 'classifier:__choice__': 'multinomial_nb', 'imputation:strategy': 'mean', 'preprocessor:__choice__': 'polynomial', 'rescaling:__choice__': 'quantile_transformer', 'classifier:multinomial_nb:alpha': 3.892807443001411, 'classifier:multinomial_nb:fit_prior': 'False', 'preprocessor:polynomial:degree': 2, 'preprocessor:polynomial:include_bias': 'False', 'preprocessor:polynomial:interaction_only': 'True', 'rescaling:quantile_transformer:n_quantiles': 1340, 'rescaling:quantile_transformer:output_distribution': 'uniform'},
dataset_properties={
  'task': 1,
  'sparse': False,
  'multilabel': False,
  'multiclass': False,
  'target_type': 'classification',
  'signed': False})), (0.02, SimpleClassificationPipeline({'balancing:strategy': 'weighting', 'categorical_encoding:__choice__': 'one_hot_encoding', 'classifier:__choice__': 'sgd', 'imputation:strategy': 'mean', 'preprocessor:__choice__': 'select_rates', 'rescaling:__choice__': 'none', 'categorical_encoding:one_hot_encoding:use_minimum_fraction': 'True', 'classifier:sgd:alpha': 0.00011945349726379986, 'classifier:sgd:average': 'True', 'classifier:sgd:fit_intercept': 'True', 'classifier:sgd:learning_rate': 'constant', 'classifier:sgd:loss': 'log', 'classifier:sgd:penalty': 'elasticnet', 'classifier:sgd:tol': 1.2834699372405184e-05, 'preprocessor:select_rates:alpha': 0.1, 'preprocessor:select_rates:mode': 'fpr', 'preprocessor:select_rates:score_func': 'chi2', 'categorical_encoding:one_hot_encoding:minimum_fraction': 0.010000000000000004, 'classifier:sgd:eta0': 0.0004324156202223826, 'classifier:sgd:l1_ratio': 3.7600689261618034e-08},
dataset_properties={
  'task': 1,
  'sparse': False,
  'multilabel': False,
  'multiclass': False,
  'target_type': 'classification',
  'signed': False})), (0.02, SimpleClassificationPipeline({'balancing:strategy': 'none', 'categorical_encoding:__choice__': 'one_hot_encoding', 'classifier:__choice__': 'sgd', 'imputation:strategy': 'mean', 'preprocessor:__choice__': 'extra_trees_preproc_for_classification', 'rescaling:__choice__': 'none', 'categorical_encoding:one_hot_encoding:use_minimum_fraction': 'True', 'classifier:sgd:alpha': 3.461101756695512e-05, 'classifier:sgd:average': 'True', 'classifier:sgd:fit_intercept': 'True', 'classifier:sgd:learning_rate': 'constant', 'classifier:sgd:loss': 'log', 'classifier:sgd:penalty': 'elasticnet', 'classifier:sgd:tol': 1.2834699372405184e-05, 'preprocessor:extra_trees_preproc_for_classification:bootstrap': 'False', 'preprocessor:extra_trees_preproc_for_classification:criterion': 'gini', 'preprocessor:extra_trees_preproc_for_classification:max_depth': 'None', 'preprocessor:extra_trees_preproc_for_classification:max_features': 0.5, 'preprocessor:extra_trees_preproc_for_classification:max_leaf_nodes': 'None', 'preprocessor:extra_trees_preproc_for_classification:min_impurity_decrease': 0.0, 'preprocessor:extra_trees_preproc_for_classification:min_samples_leaf': 1, 'preprocessor:extra_trees_preproc_for_classification:min_samples_split': 2, 'preprocessor:extra_trees_preproc_for_classification:min_weight_fraction_leaf': 0.0, 'preprocessor:extra_trees_preproc_for_classification:n_estimators': 100, 'categorical_encoding:one_hot_encoding:minimum_fraction': 0.010000000000000004, 'classifier:sgd:eta0': 0.0004324156202223826, 'classifier:sgd:l1_ratio': 3.7600689261618034e-08},
dataset_properties={
  'task': 1,
  'sparse': False,
  'multilabel': False,
  'multiclass': False,
  'target_type': 'classification',
  'signed': False})), (0.02, SimpleClassificationPipeline({'balancing:strategy': 'weighting', 'categorical_encoding:__choice__': 'one_hot_encoding', 'classifier:__choice__': 'sgd', 'imputation:strategy': 'median', 'preprocessor:__choice__': 'extra_trees_preproc_for_classification', 'rescaling:__choice__': 'robust_scaler', 'categorical_encoding:one_hot_encoding:use_minimum_fraction': 'True', 'classifier:sgd:alpha': 3.2038030600527355e-05, 'classifier:sgd:average': 'True', 'classifier:sgd:fit_intercept': 'True', 'classifier:sgd:learning_rate': 'constant', 'classifier:sgd:loss': 'log', 'classifier:sgd:penalty': 'elasticnet', 'classifier:sgd:tol': 1.2834699372405184e-05, 'preprocessor:extra_trees_preproc_for_classification:bootstrap': 'False', 'preprocessor:extra_trees_preproc_for_classification:criterion': 'gini', 'preprocessor:extra_trees_preproc_for_classification:max_depth': 'None', 'preprocessor:extra_trees_preproc_for_classification:max_features': 0.5, 'preprocessor:extra_trees_preproc_for_classification:max_leaf_nodes': 'None', 'preprocessor:extra_trees_preproc_for_classification:min_impurity_decrease': 0.0, 'preprocessor:extra_trees_preproc_for_classification:min_samples_leaf': 1, 'preprocessor:extra_trees_preproc_for_classification:min_samples_split': 2, 'preprocessor:extra_trees_preproc_for_classification:min_weight_fraction_leaf': 0.0, 'preprocessor:extra_trees_preproc_for_classification:n_estimators': 100, 'rescaling:robust_scaler:q_max': 0.75, 'rescaling:robust_scaler:q_min': 0.25, 'categorical_encoding:one_hot_encoding:minimum_fraction': 0.010000000000000004, 'classifier:sgd:eta0': 0.020404150924623672, 'classifier:sgd:l1_ratio': 3.7600689261618034e-08},
dataset_properties={
  'task': 1,
  'sparse': False,
  'multilabel': False,
  'multiclass': False,
  'target_type': 'classification',
  'signed': False})), (0.02, SimpleClassificationPipeline({'balancing:strategy': 'weighting', 'categorical_encoding:__choice__': 'no_encoding', 'classifier:__choice__': 'sgd', 'imputation:strategy': 'mean', 'preprocessor:__choice__': 'extra_trees_preproc_for_classification', 'rescaling:__choice__': 'quantile_transformer', 'classifier:sgd:alpha': 3.2038030600527355e-05, 'classifier:sgd:average': 'True', 'classifier:sgd:fit_intercept': 'True', 'classifier:sgd:learning_rate': 'constant', 'classifier:sgd:loss': 'log', 'classifier:sgd:penalty': 'elasticnet', 'classifier:sgd:tol': 0.0011649393845806902, 'preprocessor:extra_trees_preproc_for_classification:bootstrap': 'False', 'preprocessor:extra_trees_preproc_for_classification:criterion': 'gini', 'preprocessor:extra_trees_preproc_for_classification:max_depth': 'None', 'preprocessor:extra_trees_preproc_for_classification:max_features': 0.5, 'preprocessor:extra_trees_preproc_for_classification:max_leaf_nodes': 'None', 'preprocessor:extra_trees_preproc_for_classification:min_impurity_decrease': 0.0, 'preprocessor:extra_trees_preproc_for_classification:min_samples_leaf': 1, 'preprocessor:extra_trees_preproc_for_classification:min_samples_split': 2, 'preprocessor:extra_trees_preproc_for_classification:min_weight_fraction_leaf': 0.0, 'preprocessor:extra_trees_preproc_for_classification:n_estimators': 100, 'rescaling:quantile_transformer:n_quantiles': 1000, 'rescaling:quantile_transformer:output_distribution': 'uniform', 'classifier:sgd:eta0': 0.0004324156202223826, 'classifier:sgd:l1_ratio': 3.7600689261618034e-08},
dataset_properties={
  'task': 1,
  'sparse': False,
  'multilabel': False,
  'multiclass': False,
  'target_type': 'classification',
  'signed': False})), (0.02, SimpleClassificationPipeline({'balancing:strategy': 'weighting', 'categorical_encoding:__choice__': 'one_hot_encoding', 'classifier:__choice__': 'sgd', 'imputation:strategy': 'median', 'preprocessor:__choice__': 'extra_trees_preproc_for_classification', 'rescaling:__choice__': 'none', 'categorical_encoding:one_hot_encoding:use_minimum_fraction': 'False', 'classifier:sgd:alpha': 5.3528458119292366e-05, 'classifier:sgd:average': 'True', 'classifier:sgd:fit_intercept': 'True', 'classifier:sgd:learning_rate': 'invscaling', 'classifier:sgd:loss': 'modified_huber', 'classifier:sgd:penalty': 'elasticnet', 'classifier:sgd:tol': 1.2834699372405184e-05, 'preprocessor:extra_trees_preproc_for_classification:bootstrap': 'False', 'preprocessor:extra_trees_preproc_for_classification:criterion': 'gini', 'preprocessor:extra_trees_preproc_for_classification:max_depth': 'None', 'preprocessor:extra_trees_preproc_for_classification:max_features': 0.5, 'preprocessor:extra_trees_preproc_for_classification:max_leaf_nodes': 'None', 'preprocessor:extra_trees_preproc_for_classification:min_impurity_decrease': 0.0, 'preprocessor:extra_trees_preproc_for_classification:min_samples_leaf': 1, 'preprocessor:extra_trees_preproc_for_classification:min_samples_split': 2, 'preprocessor:extra_trees_preproc_for_classification:min_weight_fraction_leaf': 0.0, 'preprocessor:extra_trees_preproc_for_classification:n_estimators': 100, 'classifier:sgd:epsilon': 0.00010000000000000009, 'classifier:sgd:eta0': 0.0004324156202223826, 'classifier:sgd:l1_ratio': 3.7600689261618034e-08, 'classifier:sgd:power_t': 0.5},
dataset_properties={
  'task': 1,
  'sparse': False,
  'multilabel': False,
  'multiclass': False,
  'target_type': 'classification',
  'signed': False})), (0.02, SimpleClassificationPipeline({'balancing:strategy': 'weighting', 'categorical_encoding:__choice__': 'one_hot_encoding', 'classifier:__choice__': 'sgd', 'imputation:strategy': 'most_frequent', 'preprocessor:__choice__': 'extra_trees_preproc_for_classification', 'rescaling:__choice__': 'none', 'categorical_encoding:one_hot_encoding:use_minimum_fraction': 'False', 'classifier:sgd:alpha': 5.852249985567486e-06, 'classifier:sgd:average': 'True', 'classifier:sgd:fit_intercept': 'True', 'classifier:sgd:learning_rate': 'invscaling', 'classifier:sgd:loss': 'modified_huber', 'classifier:sgd:penalty': 'elasticnet', 'classifier:sgd:tol': 1.2834699372405184e-05, 'preprocessor:extra_trees_preproc_for_classification:bootstrap': 'False', 'preprocessor:extra_trees_preproc_for_classification:criterion': 'gini', 'preprocessor:extra_trees_preproc_for_classification:max_depth': 'None', 'preprocessor:extra_trees_preproc_for_classification:max_features': 0.5, 'preprocessor:extra_trees_preproc_for_classification:max_leaf_nodes': 'None', 'preprocessor:extra_trees_preproc_for_classification:min_impurity_decrease': 0.0, 'preprocessor:extra_trees_preproc_for_classification:min_samples_leaf': 1, 'preprocessor:extra_trees_preproc_for_classification:min_samples_split': 2, 'preprocessor:extra_trees_preproc_for_classification:min_weight_fraction_leaf': 0.0, 'preprocessor:extra_trees_preproc_for_classification:n_estimators': 100, 'classifier:sgd:epsilon': 0.00010000000000000009, 'classifier:sgd:eta0': 0.0004324156202223826, 'classifier:sgd:l1_ratio': 3.7600689261618034e-08, 'classifier:sgd:power_t': 0.5},
dataset_properties={
  'task': 1,
  'sparse': False,
  'multilabel': False,
  'multiclass': False,
  'target_type': 'classification',
  'signed': False})), (0.02, SimpleClassificationPipeline({'balancing:strategy': 'weighting', 'categorical_encoding:__choice__': 'one_hot_encoding', 'classifier:__choice__': 'sgd', 'imputation:strategy': 'median', 'preprocessor:__choice__': 'extra_trees_preproc_for_classification', 'rescaling:__choice__': 'none', 'categorical_encoding:one_hot_encoding:use_minimum_fraction': 'True', 'classifier:sgd:alpha': 2.448135665809125e-05, 'classifier:sgd:average': 'True', 'classifier:sgd:fit_intercept': 'True', 'classifier:sgd:learning_rate': 'invscaling', 'classifier:sgd:loss': 'modified_huber', 'classifier:sgd:penalty': 'elasticnet', 'classifier:sgd:tol': 1.2834699372405184e-05, 'preprocessor:extra_trees_preproc_for_classification:bootstrap': 'False', 'preprocessor:extra_trees_preproc_for_classification:criterion': 'gini', 'preprocessor:extra_trees_preproc_for_classification:max_depth': 'None', 'preprocessor:extra_trees_preproc_for_classification:max_features': 0.5, 'preprocessor:extra_trees_preproc_for_classification:max_leaf_nodes': 'None', 'preprocessor:extra_trees_preproc_for_classification:min_impurity_decrease': 0.0, 'preprocessor:extra_trees_preproc_for_classification:min_samples_leaf': 1, 'preprocessor:extra_trees_preproc_for_classification:min_samples_split': 2, 'preprocessor:extra_trees_preproc_for_classification:min_weight_fraction_leaf': 0.0, 'preprocessor:extra_trees_preproc_for_classification:n_estimators': 100, 'categorical_encoding:one_hot_encoding:minimum_fraction': 0.010000000000000004, 'classifier:sgd:epsilon': 0.00010000000000000009, 'classifier:sgd:eta0': 0.0004324156202223826, 'classifier:sgd:l1_ratio': 3.7600689261618034e-08, 'classifier:sgd:power_t': 0.5},
dataset_properties={
  'task': 1,
  'sparse': False,
  'multilabel': False,
  'multiclass': False,
  'target_type': 'classification',
  'signed': False})), (0.02, SimpleClassificationPipeline({'balancing:strategy': 'none', 'categorical_encoding:__choice__': 'no_encoding', 'classifier:__choice__': 'multinomial_nb', 'imputation:strategy': 'most_frequent', 'preprocessor:__choice__': 'polynomial', 'rescaling:__choice__': 'robust_scaler', 'classifier:multinomial_nb:alpha': 3.892807443001411, 'classifier:multinomial_nb:fit_prior': 'True', 'preprocessor:polynomial:degree': 2, 'preprocessor:polynomial:include_bias': 'False', 'preprocessor:polynomial:interaction_only': 'True', 'rescaling:robust_scaler:q_max': 0.75, 'rescaling:robust_scaler:q_min': 0.25},
dataset_properties={
  'task': 1,
  'sparse': False,
  'multilabel': False,
  'multiclass': False,
  'target_type': 'classification',
  'signed': False}))]",0.8125,0.0,0.8145833333333334,0.0,0.8125,0.0,0.8102226720647774,0.0
