,time_1,accuracy_1,precision_1,recall_1,f1score_1,model_1,accuracy_mean,accuracy_std,precision_mean,precision_std,recall_mean,recall_std,f1score_mean,f1score_std
AP_Prostate_Ovary,14430.413355588913,0.9850746268656716,0.9853459972862958,0.9850746268656716,0.9848445844173627,"[(1.0, SimpleClassificationPipeline({'balancing:strategy': 'none', 'categorical_encoding:__choice__': 'one_hot_encoding', 'classifier:__choice__': 'random_forest', 'imputation:strategy': 'mean', 'preprocessor:__choice__': 'liblinear_svc_preprocessor', 'rescaling:__choice__': 'quantile_transformer', 'categorical_encoding:one_hot_encoding:use_minimum_fraction': 'True', 'classifier:random_forest:bootstrap': 'False', 'classifier:random_forest:criterion': 'gini', 'classifier:random_forest:max_depth': 'None', 'classifier:random_forest:max_features': 0.8163288571768685, 'classifier:random_forest:max_leaf_nodes': 'None', 'classifier:random_forest:min_impurity_decrease': 0.0, 'classifier:random_forest:min_samples_leaf': 5, 'classifier:random_forest:min_samples_split': 2, 'classifier:random_forest:min_weight_fraction_leaf': 0.0, 'classifier:random_forest:n_estimators': 100, 'preprocessor:liblinear_svc_preprocessor:C': 1.0, 'preprocessor:liblinear_svc_preprocessor:dual': 'False', 'preprocessor:liblinear_svc_preprocessor:fit_intercept': 'True', 'preprocessor:liblinear_svc_preprocessor:intercept_scaling': 1, 'preprocessor:liblinear_svc_preprocessor:loss': 'squared_hinge', 'preprocessor:liblinear_svc_preprocessor:multi_class': 'ovr', 'preprocessor:liblinear_svc_preprocessor:penalty': 'l1', 'preprocessor:liblinear_svc_preprocessor:tol': 0.00010000000000000009, 'rescaling:quantile_transformer:n_quantiles': 1248, 'rescaling:quantile_transformer:output_distribution': 'uniform', 'categorical_encoding:one_hot_encoding:minimum_fraction': 0.00020673165764098188},
dataset_properties={
  'task': 1,
  'sparse': False,
  'multilabel': False,
  'multiclass': False,
  'target_type': 'classification',
  'signed': False}))]",0.9850746268656716,0.0,0.9853459972862958,0.0,0.9850746268656716,0.0,0.9848445844173627,0.0
