,time_1,accuracy_1,precision_1,recall_1,f1score_1,model_1,accuracy_mean,accuracy_std,precision_mean,precision_std,recall_mean,recall_std,f1score_mean,f1score_std
audiology,14396.226301431656,0.9473684210526315,0.9470342522974101,0.9473684210526315,0.9468365823224989,"[(0.08, SimpleClassificationPipeline({'balancing:strategy': 'none', 'categorical_encoding:__choice__': 'one_hot_encoding', 'classifier:__choice__': 'lda', 'imputation:strategy': 'mean', 'preprocessor:__choice__': 'pca', 'rescaling:__choice__': 'quantile_transformer', 'categorical_encoding:one_hot_encoding:use_minimum_fraction': 'True', 'classifier:lda:n_components': 31, 'classifier:lda:shrinkage': 'manual', 'classifier:lda:tol': 3.6976193783235484e-05, 'preprocessor:pca:keep_variance': 0.9889572634798733, 'preprocessor:pca:whiten': 'True', 'rescaling:quantile_transformer:n_quantiles': 2000, 'rescaling:quantile_transformer:output_distribution': 'uniform', 'categorical_encoding:one_hot_encoding:minimum_fraction': 0.0007278436962203838, 'classifier:lda:shrinkage_factor': 0.0739100603938152},
dataset_properties={
  'task': 1,
  'sparse': False,
  'multilabel': False,
  'multiclass': False,
  'target_type': 'classification',
  'signed': False})), (0.06, SimpleClassificationPipeline({'balancing:strategy': 'weighting', 'categorical_encoding:__choice__': 'one_hot_encoding', 'classifier:__choice__': 'lda', 'imputation:strategy': 'most_frequent', 'preprocessor:__choice__': 'feature_agglomeration', 'rescaling:__choice__': 'robust_scaler', 'categorical_encoding:one_hot_encoding:use_minimum_fraction': 'True', 'classifier:lda:n_components': 46, 'classifier:lda:shrinkage': 'auto', 'classifier:lda:tol': 2.5881806702401163e-05, 'preprocessor:feature_agglomeration:affinity': 'manhattan', 'preprocessor:feature_agglomeration:linkage': 'average', 'preprocessor:feature_agglomeration:n_clusters': 25, 'preprocessor:feature_agglomeration:pooling_func': 'median', 'rescaling:robust_scaler:q_max': 0.9592719648337007, 'rescaling:robust_scaler:q_min': 0.21368183291101892, 'categorical_encoding:one_hot_encoding:minimum_fraction': 0.010000000000000004},
dataset_properties={
  'task': 1,
  'sparse': False,
  'multilabel': False,
  'multiclass': False,
  'target_type': 'classification',
  'signed': False})), (0.04, SimpleClassificationPipeline({'balancing:strategy': 'weighting', 'categorical_encoding:__choice__': 'one_hot_encoding', 'classifier:__choice__': 'passive_aggressive', 'imputation:strategy': 'most_frequent', 'preprocessor:__choice__': 'polynomial', 'rescaling:__choice__': 'robust_scaler', 'categorical_encoding:one_hot_encoding:use_minimum_fraction': 'True', 'classifier:passive_aggressive:C': 0.5921514128116754, 'classifier:passive_aggressive:average': 'False', 'classifier:passive_aggressive:fit_intercept': 'True', 'classifier:passive_aggressive:loss': 'hinge', 'classifier:passive_aggressive:tol': 1.0432722913940122e-05, 'preprocessor:polynomial:degree': 2, 'preprocessor:polynomial:include_bias': 'False', 'preprocessor:polynomial:interaction_only': 'True', 'rescaling:robust_scaler:q_max': 0.7118695253751047, 'rescaling:robust_scaler:q_min': 0.22234212712197635, 'categorical_encoding:one_hot_encoding:minimum_fraction': 0.00013939805399460137},
dataset_properties={
  'task': 1,
  'sparse': False,
  'multilabel': False,
  'multiclass': False,
  'target_type': 'classification',
  'signed': False})), (0.04, SimpleClassificationPipeline({'balancing:strategy': 'none', 'categorical_encoding:__choice__': 'one_hot_encoding', 'classifier:__choice__': 'lda', 'imputation:strategy': 'median', 'preprocessor:__choice__': 'no_preprocessing', 'rescaling:__choice__': 'standardize', 'categorical_encoding:one_hot_encoding:use_minimum_fraction': 'False', 'classifier:lda:n_components': 125, 'classifier:lda:shrinkage': 'manual', 'classifier:lda:tol': 0.005036722235304156, 'classifier:lda:shrinkage_factor': 0.3880898982997464},
dataset_properties={
  'task': 1,
  'sparse': False,
  'multilabel': False,
  'multiclass': False,
  'target_type': 'classification',
  'signed': False})), (0.04, SimpleClassificationPipeline({'balancing:strategy': 'weighting', 'categorical_encoding:__choice__': 'no_encoding', 'classifier:__choice__': 'lda', 'imputation:strategy': 'most_frequent', 'preprocessor:__choice__': 'no_preprocessing', 'rescaling:__choice__': 'robust_scaler', 'classifier:lda:n_components': 1, 'classifier:lda:shrinkage': 'manual', 'classifier:lda:tol': 0.00020818307106746433, 'rescaling:robust_scaler:q_max': 0.9592719648337007, 'rescaling:robust_scaler:q_min': 0.21368183291101892, 'classifier:lda:shrinkage_factor': 0.34680115020244495},
dataset_properties={
  'task': 1,
  'sparse': False,
  'multilabel': False,
  'multiclass': False,
  'target_type': 'classification',
  'signed': False})), (0.04, SimpleClassificationPipeline({'balancing:strategy': 'none', 'categorical_encoding:__choice__': 'one_hot_encoding', 'classifier:__choice__': 'lda', 'imputation:strategy': 'mean', 'preprocessor:__choice__': 'pca', 'rescaling:__choice__': 'quantile_transformer', 'categorical_encoding:one_hot_encoding:use_minimum_fraction': 'True', 'classifier:lda:n_components': 31, 'classifier:lda:shrinkage': 'manual', 'classifier:lda:tol': 0.0001463810972604382, 'preprocessor:pca:keep_variance': 0.9889572634798733, 'preprocessor:pca:whiten': 'True', 'rescaling:quantile_transformer:n_quantiles': 1250, 'rescaling:quantile_transformer:output_distribution': 'uniform', 'categorical_encoding:one_hot_encoding:minimum_fraction': 0.0007278436962203838, 'classifier:lda:shrinkage_factor': 0.0739100603938152},
dataset_properties={
  'task': 1,
  'sparse': False,
  'multilabel': False,
  'multiclass': False,
  'target_type': 'classification',
  'signed': False})), (0.04, SimpleClassificationPipeline({'balancing:strategy': 'none', 'categorical_encoding:__choice__': 'one_hot_encoding', 'classifier:__choice__': 'sgd', 'imputation:strategy': 'most_frequent', 'preprocessor:__choice__': 'select_percentile_classification', 'rescaling:__choice__': 'robust_scaler', 'categorical_encoding:one_hot_encoding:use_minimum_fraction': 'False', 'classifier:sgd:alpha': 0.00029996577446721596, 'classifier:sgd:average': 'False', 'classifier:sgd:fit_intercept': 'True', 'classifier:sgd:learning_rate': 'optimal', 'classifier:sgd:loss': 'squared_hinge', 'classifier:sgd:penalty': 'elasticnet', 'classifier:sgd:tol': 0.022624708541817112, 'preprocessor:select_percentile_classification:percentile': 35.38103161994545, 'preprocessor:select_percentile_classification:score_func': 'chi2', 'rescaling:robust_scaler:q_max': 0.9788077299948541, 'rescaling:robust_scaler:q_min': 0.10626847954633008, 'classifier:sgd:l1_ratio': 2.4064085779874455e-08},
dataset_properties={
  'task': 1,
  'sparse': False,
  'multilabel': False,
  'multiclass': False,
  'target_type': 'classification',
  'signed': False})), (0.04, SimpleClassificationPipeline({'balancing:strategy': 'none', 'categorical_encoding:__choice__': 'one_hot_encoding', 'classifier:__choice__': 'lda', 'imputation:strategy': 'most_frequent', 'preprocessor:__choice__': 'feature_agglomeration', 'rescaling:__choice__': 'standardize', 'categorical_encoding:one_hot_encoding:use_minimum_fraction': 'False', 'classifier:lda:n_components': 61, 'classifier:lda:shrinkage': 'auto', 'classifier:lda:tol': 0.01934121318228193, 'preprocessor:feature_agglomeration:affinity': 'manhattan', 'preprocessor:feature_agglomeration:linkage': 'average', 'preprocessor:feature_agglomeration:n_clusters': 109, 'preprocessor:feature_agglomeration:pooling_func': 'median'},
dataset_properties={
  'task': 1,
  'sparse': False,
  'multilabel': False,
  'multiclass': False,
  'target_type': 'classification',
  'signed': False})), (0.04, SimpleClassificationPipeline({'balancing:strategy': 'none', 'categorical_encoding:__choice__': 'one_hot_encoding', 'classifier:__choice__': 'lda', 'imputation:strategy': 'mean', 'preprocessor:__choice__': 'no_preprocessing', 'rescaling:__choice__': 'standardize', 'categorical_encoding:one_hot_encoding:use_minimum_fraction': 'True', 'classifier:lda:n_components': 1, 'classifier:lda:shrinkage': 'auto', 'classifier:lda:tol': 2.5881806702401163e-05, 'categorical_encoding:one_hot_encoding:minimum_fraction': 0.0007867185132711146},
dataset_properties={
  'task': 1,
  'sparse': False,
  'multilabel': False,
  'multiclass': False,
  'target_type': 'classification',
  'signed': False})), (0.04, SimpleClassificationPipeline({'balancing:strategy': 'none', 'categorical_encoding:__choice__': 'one_hot_encoding', 'classifier:__choice__': 'lda', 'imputation:strategy': 'mean', 'preprocessor:__choice__': 'feature_agglomeration', 'rescaling:__choice__': 'robust_scaler', 'categorical_encoding:one_hot_encoding:use_minimum_fraction': 'False', 'classifier:lda:n_components': 61, 'classifier:lda:shrinkage': 'auto', 'classifier:lda:tol': 0.01934121318228193, 'preprocessor:feature_agglomeration:affinity': 'manhattan', 'preprocessor:feature_agglomeration:linkage': 'average', 'preprocessor:feature_agglomeration:n_clusters': 109, 'preprocessor:feature_agglomeration:pooling_func': 'median', 'rescaling:robust_scaler:q_max': 0.75, 'rescaling:robust_scaler:q_min': 0.25},
dataset_properties={
  'task': 1,
  'sparse': False,
  'multilabel': False,
  'multiclass': False,
  'target_type': 'classification',
  'signed': False})), (0.04, SimpleClassificationPipeline({'balancing:strategy': 'none', 'categorical_encoding:__choice__': 'one_hot_encoding', 'classifier:__choice__': 'lda', 'imputation:strategy': 'median', 'preprocessor:__choice__': 'feature_agglomeration', 'rescaling:__choice__': 'standardize', 'categorical_encoding:one_hot_encoding:use_minimum_fraction': 'False', 'classifier:lda:n_components': 61, 'classifier:lda:shrinkage': 'auto', 'classifier:lda:tol': 0.01934121318228193, 'preprocessor:feature_agglomeration:affinity': 'manhattan', 'preprocessor:feature_agglomeration:linkage': 'average', 'preprocessor:feature_agglomeration:n_clusters': 109, 'preprocessor:feature_agglomeration:pooling_func': 'median'},
dataset_properties={
  'task': 1,
  'sparse': False,
  'multilabel': False,
  'multiclass': False,
  'target_type': 'classification',
  'signed': False})), (0.04, SimpleClassificationPipeline({'balancing:strategy': 'none', 'categorical_encoding:__choice__': 'one_hot_encoding', 'classifier:__choice__': 'passive_aggressive', 'imputation:strategy': 'mean', 'preprocessor:__choice__': 'nystroem_sampler', 'rescaling:__choice__': 'standardize', 'categorical_encoding:one_hot_encoding:use_minimum_fraction': 'True', 'classifier:passive_aggressive:C': 0.2132260015668052, 'classifier:passive_aggressive:average': 'True', 'classifier:passive_aggressive:fit_intercept': 'True', 'classifier:passive_aggressive:loss': 'squared_hinge', 'classifier:passive_aggressive:tol': 0.0023475029041565396, 'preprocessor:nystroem_sampler:kernel': 'rbf', 'preprocessor:nystroem_sampler:n_components': 297, 'categorical_encoding:one_hot_encoding:minimum_fraction': 0.005130823960518931, 'preprocessor:nystroem_sampler:gamma': 0.013802052726236365},
dataset_properties={
  'task': 1,
  'sparse': False,
  'multilabel': False,
  'multiclass': False,
  'target_type': 'classification',
  'signed': False})), (0.04, SimpleClassificationPipeline({'balancing:strategy': 'none', 'categorical_encoding:__choice__': 'one_hot_encoding', 'classifier:__choice__': 'libsvm_svc', 'imputation:strategy': 'most_frequent', 'preprocessor:__choice__': 'extra_trees_preproc_for_classification', 'rescaling:__choice__': 'minmax', 'categorical_encoding:one_hot_encoding:use_minimum_fraction': 'False', 'classifier:libsvm_svc:C': 28.78903401517802, 'classifier:libsvm_svc:gamma': 0.0024408773013994242, 'classifier:libsvm_svc:kernel': 'sigmoid', 'classifier:libsvm_svc:max_iter': -1, 'classifier:libsvm_svc:shrinking': 'True', 'classifier:libsvm_svc:tol': 0.00017758387161438425, 'preprocessor:extra_trees_preproc_for_classification:bootstrap': 'False', 'preprocessor:extra_trees_preproc_for_classification:criterion': 'gini', 'preprocessor:extra_trees_preproc_for_classification:max_depth': 'None', 'preprocessor:extra_trees_preproc_for_classification:max_features': 0.5, 'preprocessor:extra_trees_preproc_for_classification:max_leaf_nodes': 'None', 'preprocessor:extra_trees_preproc_for_classification:min_impurity_decrease': 0.0, 'preprocessor:extra_trees_preproc_for_classification:min_samples_leaf': 1, 'preprocessor:extra_trees_preproc_for_classification:min_samples_split': 2, 'preprocessor:extra_trees_preproc_for_classification:min_weight_fraction_leaf': 0.0, 'preprocessor:extra_trees_preproc_for_classification:n_estimators': 100, 'classifier:libsvm_svc:coef0': 0.32337204711263534},
dataset_properties={
  'task': 1,
  'sparse': False,
  'multilabel': False,
  'multiclass': False,
  'target_type': 'classification',
  'signed': False})), (0.02, SimpleClassificationPipeline({'balancing:strategy': 'none', 'categorical_encoding:__choice__': 'one_hot_encoding', 'classifier:__choice__': 'k_nearest_neighbors', 'imputation:strategy': 'median', 'preprocessor:__choice__': 'select_rates', 'rescaling:__choice__': 'standardize', 'categorical_encoding:one_hot_encoding:use_minimum_fraction': 'True', 'classifier:k_nearest_neighbors:n_neighbors': 6, 'classifier:k_nearest_neighbors:p': 2, 'classifier:k_nearest_neighbors:weights': 'uniform', 'preprocessor:select_rates:alpha': 0.11661173176399038, 'preprocessor:select_rates:mode': 'fpr', 'preprocessor:select_rates:score_func': 'f_classif', 'categorical_encoding:one_hot_encoding:minimum_fraction': 0.00021586081936877312},
dataset_properties={
  'task': 1,
  'sparse': False,
  'multilabel': False,
  'multiclass': False,
  'target_type': 'classification',
  'signed': False})), (0.02, SimpleClassificationPipeline({'balancing:strategy': 'none', 'categorical_encoding:__choice__': 'no_encoding', 'classifier:__choice__': 'passive_aggressive', 'imputation:strategy': 'mean', 'preprocessor:__choice__': 'pca', 'rescaling:__choice__': 'standardize', 'classifier:passive_aggressive:C': 0.009373751074811755, 'classifier:passive_aggressive:average': 'False', 'classifier:passive_aggressive:fit_intercept': 'True', 'classifier:passive_aggressive:loss': 'hinge', 'classifier:passive_aggressive:tol': 0.01659728526523635, 'preprocessor:pca:keep_variance': 0.6885649158950102, 'preprocessor:pca:whiten': 'False'},
dataset_properties={
  'task': 1,
  'sparse': False,
  'multilabel': False,
  'multiclass': False,
  'target_type': 'classification',
  'signed': False})), (0.02, SimpleClassificationPipeline({'balancing:strategy': 'weighting', 'categorical_encoding:__choice__': 'one_hot_encoding', 'classifier:__choice__': 'lda', 'imputation:strategy': 'median', 'preprocessor:__choice__': 'no_preprocessing', 'rescaling:__choice__': 'quantile_transformer', 'categorical_encoding:one_hot_encoding:use_minimum_fraction': 'False', 'classifier:lda:n_components': 73, 'classifier:lda:shrinkage': 'auto', 'classifier:lda:tol': 0.0012399397475177383, 'rescaling:quantile_transformer:n_quantiles': 1949, 'rescaling:quantile_transformer:output_distribution': 'normal'},
dataset_properties={
  'task': 1,
  'sparse': False,
  'multilabel': False,
  'multiclass': False,
  'target_type': 'classification',
  'signed': False})), (0.02, SimpleClassificationPipeline({'balancing:strategy': 'weighting', 'categorical_encoding:__choice__': 'no_encoding', 'classifier:__choice__': 'lda', 'imputation:strategy': 'median', 'preprocessor:__choice__': 'select_percentile_classification', 'rescaling:__choice__': 'none', 'classifier:lda:n_components': 57, 'classifier:lda:shrinkage': 'manual', 'classifier:lda:tol': 0.0002474008254847811, 'preprocessor:select_percentile_classification:percentile': 61.45344705890202, 'preprocessor:select_percentile_classification:score_func': 'chi2', 'classifier:lda:shrinkage_factor': 0.2427432315760708},
dataset_properties={
  'task': 1,
  'sparse': False,
  'multilabel': False,
  'multiclass': False,
  'target_type': 'classification',
  'signed': False})), (0.02, SimpleClassificationPipeline({'balancing:strategy': 'none', 'categorical_encoding:__choice__': 'one_hot_encoding', 'classifier:__choice__': 'lda', 'imputation:strategy': 'median', 'preprocessor:__choice__': 'select_percentile_classification', 'rescaling:__choice__': 'standardize', 'categorical_encoding:one_hot_encoding:use_minimum_fraction': 'False', 'classifier:lda:n_components': 60, 'classifier:lda:shrinkage': 'auto', 'classifier:lda:tol': 0.0001924478662238964, 'preprocessor:select_percentile_classification:percentile': 96.07956441459511, 'preprocessor:select_percentile_classification:score_func': 'chi2'},
dataset_properties={
  'task': 1,
  'sparse': False,
  'multilabel': False,
  'multiclass': False,
  'target_type': 'classification',
  'signed': False})), (0.02, SimpleClassificationPipeline({'balancing:strategy': 'none', 'categorical_encoding:__choice__': 'no_encoding', 'classifier:__choice__': 'lda', 'imputation:strategy': 'most_frequent', 'preprocessor:__choice__': 'select_percentile_classification', 'rescaling:__choice__': 'none', 'classifier:lda:n_components': 1, 'classifier:lda:shrinkage': 'manual', 'classifier:lda:tol': 2.5881806702401163e-05, 'preprocessor:select_percentile_classification:percentile': 50.0, 'preprocessor:select_percentile_classification:score_func': 'chi2', 'classifier:lda:shrinkage_factor': 0.2102694294170124},
dataset_properties={
  'task': 1,
  'sparse': False,
  'multilabel': False,
  'multiclass': False,
  'target_type': 'classification',
  'signed': False})), (0.02, SimpleClassificationPipeline({'balancing:strategy': 'none', 'categorical_encoding:__choice__': 'one_hot_encoding', 'classifier:__choice__': 'lda', 'imputation:strategy': 'most_frequent', 'preprocessor:__choice__': 'no_preprocessing', 'rescaling:__choice__': 'standardize', 'categorical_encoding:one_hot_encoding:use_minimum_fraction': 'True', 'classifier:lda:n_components': 223, 'classifier:lda:shrinkage': 'auto', 'classifier:lda:tol': 0.002027309783117275, 'categorical_encoding:one_hot_encoding:minimum_fraction': 0.03431175208897771},
dataset_properties={
  'task': 1,
  'sparse': False,
  'multilabel': False,
  'multiclass': False,
  'target_type': 'classification',
  'signed': False})), (0.02, SimpleClassificationPipeline({'balancing:strategy': 'weighting', 'categorical_encoding:__choice__': 'one_hot_encoding', 'classifier:__choice__': 'lda', 'imputation:strategy': 'most_frequent', 'preprocessor:__choice__': 'pca', 'rescaling:__choice__': 'normalize', 'categorical_encoding:one_hot_encoding:use_minimum_fraction': 'True', 'classifier:lda:n_components': 180, 'classifier:lda:shrinkage': 'manual', 'classifier:lda:tol': 0.007484887874792028, 'preprocessor:pca:keep_variance': 0.5994117886388338, 'preprocessor:pca:whiten': 'True', 'categorical_encoding:one_hot_encoding:minimum_fraction': 0.098117685937349, 'classifier:lda:shrinkage_factor': 0.6647185505642369},
dataset_properties={
  'task': 1,
  'sparse': False,
  'multilabel': False,
  'multiclass': False,
  'target_type': 'classification',
  'signed': False})), (0.02, SimpleClassificationPipeline({'balancing:strategy': 'none', 'categorical_encoding:__choice__': 'one_hot_encoding', 'classifier:__choice__': 'lda', 'imputation:strategy': 'most_frequent', 'preprocessor:__choice__': 'no_preprocessing', 'rescaling:__choice__': 'standardize', 'categorical_encoding:one_hot_encoding:use_minimum_fraction': 'True', 'classifier:lda:n_components': 206, 'classifier:lda:shrinkage': 'auto', 'classifier:lda:tol': 0.0006131123570456597, 'categorical_encoding:one_hot_encoding:minimum_fraction': 0.01733068665184412},
dataset_properties={
  'task': 1,
  'sparse': False,
  'multilabel': False,
  'multiclass': False,
  'target_type': 'classification',
  'signed': False})), (0.02, SimpleClassificationPipeline({'balancing:strategy': 'weighting', 'categorical_encoding:__choice__': 'no_encoding', 'classifier:__choice__': 'lda', 'imputation:strategy': 'median', 'preprocessor:__choice__': 'select_percentile_classification', 'rescaling:__choice__': 'none', 'classifier:lda:n_components': 57, 'classifier:lda:shrinkage': 'manual', 'classifier:lda:tol': 0.0002474008254847811, 'preprocessor:select_percentile_classification:percentile': 61.45344705890202, 'preprocessor:select_percentile_classification:score_func': 'f_classif', 'classifier:lda:shrinkage_factor': 0.2427432315760708},
dataset_properties={
  'task': 1,
  'sparse': False,
  'multilabel': False,
  'multiclass': False,
  'target_type': 'classification',
  'signed': False})), (0.02, SimpleClassificationPipeline({'balancing:strategy': 'none', 'categorical_encoding:__choice__': 'one_hot_encoding', 'classifier:__choice__': 'lda', 'imputation:strategy': 'mean', 'preprocessor:__choice__': 'no_preprocessing', 'rescaling:__choice__': 'standardize', 'categorical_encoding:one_hot_encoding:use_minimum_fraction': 'True', 'classifier:lda:n_components': 24, 'classifier:lda:shrinkage': 'auto', 'classifier:lda:tol': 0.042335735420160274, 'categorical_encoding:one_hot_encoding:minimum_fraction': 0.010000000000000004},
dataset_properties={
  'task': 1,
  'sparse': False,
  'multilabel': False,
  'multiclass': False,
  'target_type': 'classification',
  'signed': False})), (0.02, SimpleClassificationPipeline({'balancing:strategy': 'none', 'categorical_encoding:__choice__': 'one_hot_encoding', 'classifier:__choice__': 'libsvm_svc', 'imputation:strategy': 'most_frequent', 'preprocessor:__choice__': 'random_trees_embedding', 'rescaling:__choice__': 'none', 'categorical_encoding:one_hot_encoding:use_minimum_fraction': 'True', 'classifier:libsvm_svc:C': 0.9927750907470301, 'classifier:libsvm_svc:gamma': 0.013513896792842785, 'classifier:libsvm_svc:kernel': 'poly', 'classifier:libsvm_svc:max_iter': -1, 'classifier:libsvm_svc:shrinking': 'False', 'classifier:libsvm_svc:tol': 0.00022257893932666302, 'preprocessor:random_trees_embedding:bootstrap': 'False', 'preprocessor:random_trees_embedding:max_depth': 7, 'preprocessor:random_trees_embedding:max_leaf_nodes': 'None', 'preprocessor:random_trees_embedding:min_samples_leaf': 8, 'preprocessor:random_trees_embedding:min_samples_split': 18, 'preprocessor:random_trees_embedding:min_weight_fraction_leaf': 1.0, 'preprocessor:random_trees_embedding:n_estimators': 85, 'categorical_encoding:one_hot_encoding:minimum_fraction': 0.1431015212185654, 'classifier:libsvm_svc:coef0': 0.06692717672263804, 'classifier:libsvm_svc:degree': 3},
dataset_properties={
  'task': 1,
  'sparse': False,
  'multilabel': False,
  'multiclass': False,
  'target_type': 'classification',
  'signed': False})), (0.02, SimpleClassificationPipeline({'balancing:strategy': 'none', 'categorical_encoding:__choice__': 'one_hot_encoding', 'classifier:__choice__': 'lda', 'imputation:strategy': 'median', 'preprocessor:__choice__': 'pca', 'rescaling:__choice__': 'standardize', 'categorical_encoding:one_hot_encoding:use_minimum_fraction': 'True', 'classifier:lda:n_components': 41, 'classifier:lda:shrinkage': 'manual', 'classifier:lda:tol': 0.01934121318228193, 'preprocessor:pca:keep_variance': 0.9999, 'preprocessor:pca:whiten': 'False', 'categorical_encoding:one_hot_encoding:minimum_fraction': 0.010000000000000004, 'classifier:lda:shrinkage_factor': 0.5},
dataset_properties={
  'task': 1,
  'sparse': False,
  'multilabel': False,
  'multiclass': False,
  'target_type': 'classification',
  'signed': False})), (0.02, SimpleClassificationPipeline({'balancing:strategy': 'none', 'categorical_encoding:__choice__': 'one_hot_encoding', 'classifier:__choice__': 'lda', 'imputation:strategy': 'most_frequent', 'preprocessor:__choice__': 'feature_agglomeration', 'rescaling:__choice__': 'robust_scaler', 'categorical_encoding:one_hot_encoding:use_minimum_fraction': 'False', 'classifier:lda:n_components': 116, 'classifier:lda:shrinkage': 'auto', 'classifier:lda:tol': 0.013866399619014425, 'preprocessor:feature_agglomeration:affinity': 'manhattan', 'preprocessor:feature_agglomeration:linkage': 'average', 'preprocessor:feature_agglomeration:n_clusters': 109, 'preprocessor:feature_agglomeration:pooling_func': 'median', 'rescaling:robust_scaler:q_max': 0.75, 'rescaling:robust_scaler:q_min': 0.25},
dataset_properties={
  'task': 1,
  'sparse': False,
  'multilabel': False,
  'multiclass': False,
  'target_type': 'classification',
  'signed': False})), (0.02, SimpleClassificationPipeline({'balancing:strategy': 'none', 'categorical_encoding:__choice__': 'one_hot_encoding', 'classifier:__choice__': 'lda', 'imputation:strategy': 'most_frequent', 'preprocessor:__choice__': 'no_preprocessing', 'rescaling:__choice__': 'standardize', 'categorical_encoding:one_hot_encoding:use_minimum_fraction': 'True', 'classifier:lda:n_components': 50, 'classifier:lda:shrinkage': 'manual', 'classifier:lda:tol': 2.5881806702401163e-05, 'categorical_encoding:one_hot_encoding:minimum_fraction': 0.0007867185132711146, 'classifier:lda:shrinkage_factor': 0.34680115020244495},
dataset_properties={
  'task': 1,
  'sparse': False,
  'multilabel': False,
  'multiclass': False,
  'target_type': 'classification',
  'signed': False})), (0.02, SimpleClassificationPipeline({'balancing:strategy': 'none', 'categorical_encoding:__choice__': 'one_hot_encoding', 'classifier:__choice__': 'libsvm_svc', 'imputation:strategy': 'most_frequent', 'preprocessor:__choice__': 'pca', 'rescaling:__choice__': 'quantile_transformer', 'categorical_encoding:one_hot_encoding:use_minimum_fraction': 'True', 'classifier:libsvm_svc:C': 10094.382981770914, 'classifier:libsvm_svc:gamma': 0.017408753518613113, 'classifier:libsvm_svc:kernel': 'poly', 'classifier:libsvm_svc:max_iter': -1, 'classifier:libsvm_svc:shrinking': 'True', 'classifier:libsvm_svc:tol': 0.0008190239728065339, 'preprocessor:pca:keep_variance': 0.9761079675622142, 'preprocessor:pca:whiten': 'True', 'rescaling:quantile_transformer:n_quantiles': 983, 'rescaling:quantile_transformer:output_distribution': 'normal', 'categorical_encoding:one_hot_encoding:minimum_fraction': 0.0006260064895658856, 'classifier:libsvm_svc:coef0': 0.4972318765567747, 'classifier:libsvm_svc:degree': 5},
dataset_properties={
  'task': 1,
  'sparse': False,
  'multilabel': False,
  'multiclass': False,
  'target_type': 'classification',
  'signed': False})), (0.02, SimpleClassificationPipeline({'balancing:strategy': 'none', 'categorical_encoding:__choice__': 'one_hot_encoding', 'classifier:__choice__': 'lda', 'imputation:strategy': 'mean', 'preprocessor:__choice__': 'feature_agglomeration', 'rescaling:__choice__': 'robust_scaler', 'categorical_encoding:one_hot_encoding:use_minimum_fraction': 'False', 'classifier:lda:n_components': 52, 'classifier:lda:shrinkage': 'auto', 'classifier:lda:tol': 0.01934121318228193, 'preprocessor:feature_agglomeration:affinity': 'manhattan', 'preprocessor:feature_agglomeration:linkage': 'average', 'preprocessor:feature_agglomeration:n_clusters': 109, 'preprocessor:feature_agglomeration:pooling_func': 'median', 'rescaling:robust_scaler:q_max': 0.75, 'rescaling:robust_scaler:q_min': 0.25},
dataset_properties={
  'task': 1,
  'sparse': False,
  'multilabel': False,
  'multiclass': False,
  'target_type': 'classification',
  'signed': False})), (0.02, SimpleClassificationPipeline({'balancing:strategy': 'none', 'categorical_encoding:__choice__': 'one_hot_encoding', 'classifier:__choice__': 'qda', 'imputation:strategy': 'median', 'preprocessor:__choice__': 'pca', 'rescaling:__choice__': 'none', 'categorical_encoding:one_hot_encoding:use_minimum_fraction': 'True', 'classifier:qda:reg_param': 0.09600610237171725, 'preprocessor:pca:keep_variance': 0.904337139604276, 'preprocessor:pca:whiten': 'True', 'categorical_encoding:one_hot_encoding:minimum_fraction': 0.004368346132594654},
dataset_properties={
  'task': 1,
  'sparse': False,
  'multilabel': False,
  'multiclass': False,
  'target_type': 'classification',
  'signed': False})), (0.02, SimpleClassificationPipeline({'balancing:strategy': 'none', 'categorical_encoding:__choice__': 'one_hot_encoding', 'classifier:__choice__': 'passive_aggressive', 'imputation:strategy': 'mean', 'preprocessor:__choice__': 'nystroem_sampler', 'rescaling:__choice__': 'quantile_transformer', 'categorical_encoding:one_hot_encoding:use_minimum_fraction': 'False', 'classifier:passive_aggressive:C': 0.7477547451952993, 'classifier:passive_aggressive:average': 'True', 'classifier:passive_aggressive:fit_intercept': 'True', 'classifier:passive_aggressive:loss': 'squared_hinge', 'classifier:passive_aggressive:tol': 0.005450188757237297, 'preprocessor:nystroem_sampler:kernel': 'rbf', 'preprocessor:nystroem_sampler:n_components': 297, 'rescaling:quantile_transformer:n_quantiles': 1206, 'rescaling:quantile_transformer:output_distribution': 'uniform', 'preprocessor:nystroem_sampler:gamma': 0.013802052726236365},
dataset_properties={
  'task': 1,
  'sparse': False,
  'multilabel': False,
  'multiclass': False,
  'target_type': 'classification',
  'signed': False})), (0.02, SimpleClassificationPipeline({'balancing:strategy': 'none', 'categorical_encoding:__choice__': 'no_encoding', 'classifier:__choice__': 'sgd', 'imputation:strategy': 'mean', 'preprocessor:__choice__': 'select_rates', 'rescaling:__choice__': 'none', 'classifier:sgd:alpha': 0.0016523966426179406, 'classifier:sgd:average': 'False', 'classifier:sgd:fit_intercept': 'True', 'classifier:sgd:learning_rate': 'invscaling', 'classifier:sgd:loss': 'modified_huber', 'classifier:sgd:penalty': 'l2', 'classifier:sgd:tol': 0.04524506013046729, 'preprocessor:select_rates:alpha': 0.42736447642585684, 'preprocessor:select_rates:mode': 'fdr', 'preprocessor:select_rates:score_func': 'chi2', 'classifier:sgd:epsilon': 0.00014081113657833327, 'classifier:sgd:eta0': 0.008943689176900473, 'classifier:sgd:power_t': 0.24877165250661362},
dataset_properties={
  'task': 1,
  'sparse': False,
  'multilabel': False,
  'multiclass': False,
  'target_type': 'classification',
  'signed': False})), (0.02, SimpleClassificationPipeline({'balancing:strategy': 'weighting', 'categorical_encoding:__choice__': 'one_hot_encoding', 'classifier:__choice__': 'libsvm_svc', 'imputation:strategy': 'most_frequent', 'preprocessor:__choice__': 'polynomial', 'rescaling:__choice__': 'robust_scaler', 'categorical_encoding:one_hot_encoding:use_minimum_fraction': 'True', 'classifier:libsvm_svc:C': 56.086963007482865, 'classifier:libsvm_svc:gamma': 0.013609964993119375, 'classifier:libsvm_svc:kernel': 'rbf', 'classifier:libsvm_svc:max_iter': -1, 'classifier:libsvm_svc:shrinking': 'True', 'classifier:libsvm_svc:tol': 0.00196831255706268, 'preprocessor:polynomial:degree': 2, 'preprocessor:polynomial:include_bias': 'True', 'preprocessor:polynomial:interaction_only': 'False', 'rescaling:robust_scaler:q_max': 0.75, 'rescaling:robust_scaler:q_min': 0.15374716583918388, 'categorical_encoding:one_hot_encoding:minimum_fraction': 0.010000000000000004},
dataset_properties={
  'task': 1,
  'sparse': False,
  'multilabel': False,
  'multiclass': False,
  'target_type': 'classification',
  'signed': False}))]",0.9473684210526315,0.0,0.9470342522974101,0.0,0.9473684210526315,0.0,0.9468365823224989,0.0
