,time_1,accuracy_1,precision_1,recall_1,f1score_1,model_1,accuracy_mean,accuracy_std,precision_mean,precision_std,recall_mean,recall_std,f1score_mean,f1score_std
php0FyS2T,14396.525413751602,0.6375,0.6618422619047618,0.6375,0.6220369907869907,"[(1.0, SimpleClassificationPipeline({'balancing:strategy': 'none', 'categorical_encoding:__choice__': 'no_encoding', 'classifier:__choice__': 'libsvm_svc', 'imputation:strategy': 'median', 'preprocessor:__choice__': 'select_rates', 'rescaling:__choice__': 'standardize', 'classifier:libsvm_svc:C': 308.8164776074861, 'classifier:libsvm_svc:gamma': 0.010682839357128344, 'classifier:libsvm_svc:kernel': 'poly', 'classifier:libsvm_svc:max_iter': -1, 'classifier:libsvm_svc:shrinking': 'False', 'classifier:libsvm_svc:tol': 0.08046000048195687, 'preprocessor:select_rates:alpha': 0.4608103694360143, 'preprocessor:select_rates:mode': 'fdr', 'preprocessor:select_rates:score_func': 'f_classif', 'classifier:libsvm_svc:coef0': 0.3138578307160911, 'classifier:libsvm_svc:degree': 2},
dataset_properties={
  'task': 2,
  'sparse': False,
  'multilabel': False,
  'multiclass': True,
  'target_type': 'classification',
  'signed': False}))]",0.6375,0.0,0.6618422619047618,0.0,0.6375,0.0,0.6220369907869907,0.0
php5OMDBD,14400.722617387772,1.0,1.0,1.0,1.0,"[(1.0, SimpleClassificationPipeline({'balancing:strategy': 'weighting', 'categorical_encoding:__choice__': 'one_hot_encoding', 'classifier:__choice__': 'gaussian_nb', 'imputation:strategy': 'most_frequent', 'preprocessor:__choice__': 'extra_trees_preproc_for_classification', 'rescaling:__choice__': 'quantile_transformer', 'categorical_encoding:one_hot_encoding:use_minimum_fraction': 'False', 'preprocessor:extra_trees_preproc_for_classification:bootstrap': 'False', 'preprocessor:extra_trees_preproc_for_classification:criterion': 'entropy', 'preprocessor:extra_trees_preproc_for_classification:max_depth': 'None', 'preprocessor:extra_trees_preproc_for_classification:max_features': 0.7875271797352327, 'preprocessor:extra_trees_preproc_for_classification:max_leaf_nodes': 'None', 'preprocessor:extra_trees_preproc_for_classification:min_impurity_decrease': 0.0, 'preprocessor:extra_trees_preproc_for_classification:min_samples_leaf': 15, 'preprocessor:extra_trees_preproc_for_classification:min_samples_split': 19, 'preprocessor:extra_trees_preproc_for_classification:min_weight_fraction_leaf': 0.0, 'preprocessor:extra_trees_preproc_for_classification:n_estimators': 100, 'rescaling:quantile_transformer:n_quantiles': 1787, 'rescaling:quantile_transformer:output_distribution': 'normal'},
dataset_properties={
  'task': 2,
  'sparse': False,
  'multilabel': False,
  'multiclass': True,
  'target_type': 'classification',
  'signed': False}))]",1.0,0.0,1.0,0.0,1.0,0.0,1.0,0.0
php5s7Ep8,14404.591350793839,0.8024691358024691,0.8078899522958746,0.8024691358024691,0.8012165457063074,"[(1.0, SimpleClassificationPipeline({'balancing:strategy': 'none', 'categorical_encoding:__choice__': 'no_encoding', 'classifier:__choice__': 'gradient_boosting', 'imputation:strategy': 'median', 'preprocessor:__choice__': 'polynomial', 'rescaling:__choice__': 'minmax', 'classifier:gradient_boosting:criterion': 'friedman_mse', 'classifier:gradient_boosting:learning_rate': 0.06877075320523733, 'classifier:gradient_boosting:loss': 'deviance', 'classifier:gradient_boosting:max_depth': 10, 'classifier:gradient_boosting:max_features': 0.10533852616147474, 'classifier:gradient_boosting:max_leaf_nodes': 'None', 'classifier:gradient_boosting:min_impurity_decrease': 0.0, 'classifier:gradient_boosting:min_samples_leaf': 9, 'classifier:gradient_boosting:min_samples_split': 8, 'classifier:gradient_boosting:min_weight_fraction_leaf': 0.0, 'classifier:gradient_boosting:n_estimators': 289, 'classifier:gradient_boosting:subsample': 0.7719580109743243, 'preprocessor:polynomial:degree': 2, 'preprocessor:polynomial:include_bias': 'False', 'preprocessor:polynomial:interaction_only': 'False'},
dataset_properties={
  'task': 2,
  'sparse': False,
  'multilabel': False,
  'multiclass': True,
  'target_type': 'classification',
  'signed': False}))]",0.8024691358024691,0.0,0.8078899522958746,0.0,0.8024691358024691,0.0,0.8012165457063074,0.0
php7KLval,14416.26631450653,0.8,0.7990196078431372,0.8,0.7744755244755244,"[(1.0, SimpleClassificationPipeline({'balancing:strategy': 'none', 'categorical_encoding:__choice__': 'no_encoding', 'classifier:__choice__': 'extra_trees', 'imputation:strategy': 'most_frequent', 'preprocessor:__choice__': 'polynomial', 'rescaling:__choice__': 'normalize', 'classifier:extra_trees:bootstrap': 'False', 'classifier:extra_trees:criterion': 'entropy', 'classifier:extra_trees:max_depth': 'None', 'classifier:extra_trees:max_features': 0.9508956370583524, 'classifier:extra_trees:max_leaf_nodes': 'None', 'classifier:extra_trees:min_impurity_decrease': 0.0, 'classifier:extra_trees:min_samples_leaf': 6, 'classifier:extra_trees:min_samples_split': 20, 'classifier:extra_trees:min_weight_fraction_leaf': 0.0, 'classifier:extra_trees:n_estimators': 100, 'preprocessor:polynomial:degree': 2, 'preprocessor:polynomial:include_bias': 'True', 'preprocessor:polynomial:interaction_only': 'False'},
dataset_properties={
  'task': 1,
  'sparse': False,
  'multilabel': False,
  'multiclass': False,
  'target_type': 'classification',
  'signed': False}))]",0.8,0.0,0.7990196078431372,0.0,0.8,0.0,0.7744755244755244,0.0
phpB0xrNj,14396.514756679535,0.9635897435897436,0.9643063877562049,0.9635897435897436,0.9635501269698472,"[(1.0, SimpleClassificationPipeline({'balancing:strategy': 'weighting', 'categorical_encoding:__choice__': 'no_encoding', 'classifier:__choice__': 'libsvm_svc', 'imputation:strategy': 'most_frequent', 'preprocessor:__choice__': 'no_preprocessing', 'rescaling:__choice__': 'none', 'classifier:libsvm_svc:C': 0.4138778052607317, 'classifier:libsvm_svc:gamma': 5.43004469263886, 'classifier:libsvm_svc:kernel': 'poly', 'classifier:libsvm_svc:max_iter': -1, 'classifier:libsvm_svc:shrinking': 'True', 'classifier:libsvm_svc:tol': 0.024555010060043934, 'classifier:libsvm_svc:coef0': -0.7392476685153075, 'classifier:libsvm_svc:degree': 4},
dataset_properties={
  'task': 2,
  'sparse': False,
  'multilabel': False,
  'multiclass': True,
  'target_type': 'classification',
  'signed': False}))]",0.9635897435897436,0.0,0.9643063877562049,0.0,0.9635897435897436,0.0,0.9635501269698472,0.0
phpCsX3fx,14400.212898254395,0.8125,0.8561994047619048,0.8125,0.8100781163281163,"[(1.0, SimpleClassificationPipeline({'balancing:strategy': 'none', 'categorical_encoding:__choice__': 'one_hot_encoding', 'classifier:__choice__': 'extra_trees', 'imputation:strategy': 'mean', 'preprocessor:__choice__': 'no_preprocessing', 'rescaling:__choice__': 'none', 'categorical_encoding:one_hot_encoding:use_minimum_fraction': 'False', 'classifier:extra_trees:bootstrap': 'False', 'classifier:extra_trees:criterion': 'gini', 'classifier:extra_trees:max_depth': 'None', 'classifier:extra_trees:max_features': 0.5, 'classifier:extra_trees:max_leaf_nodes': 'None', 'classifier:extra_trees:min_impurity_decrease': 0.0, 'classifier:extra_trees:min_samples_leaf': 1, 'classifier:extra_trees:min_samples_split': 2, 'classifier:extra_trees:min_weight_fraction_leaf': 0.0, 'classifier:extra_trees:n_estimators': 100},
dataset_properties={
  'task': 2,
  'sparse': False,
  'multilabel': False,
  'multiclass': True,
  'target_type': 'classification',
  'signed': False}))]",0.8125,0.0,0.8561994047619048,0.0,0.8125,0.0,0.8100781163281163,0.0
phpGUrE90,14401.39231967926,0.8522727272727273,0.8530525922930986,0.8522727272727273,0.8486545748868696,"[(1.0, SimpleClassificationPipeline({'balancing:strategy': 'weighting', 'categorical_encoding:__choice__': 'no_encoding', 'classifier:__choice__': 'gradient_boosting', 'imputation:strategy': 'mean', 'preprocessor:__choice__': 'fast_ica', 'rescaling:__choice__': 'standardize', 'classifier:gradient_boosting:criterion': 'mse', 'classifier:gradient_boosting:learning_rate': 0.4788130770061431, 'classifier:gradient_boosting:loss': 'deviance', 'classifier:gradient_boosting:max_depth': 6, 'classifier:gradient_boosting:max_features': 0.9545775452549606, 'classifier:gradient_boosting:max_leaf_nodes': 'None', 'classifier:gradient_boosting:min_impurity_decrease': 0.0, 'classifier:gradient_boosting:min_samples_leaf': 2, 'classifier:gradient_boosting:min_samples_split': 8, 'classifier:gradient_boosting:min_weight_fraction_leaf': 0.0, 'classifier:gradient_boosting:n_estimators': 496, 'classifier:gradient_boosting:subsample': 0.642596805796435, 'preprocessor:fast_ica:algorithm': 'parallel', 'preprocessor:fast_ica:fun': 'cube', 'preprocessor:fast_ica:whiten': 'False'},
dataset_properties={
  'task': 1,
  'sparse': False,
  'multilabel': False,
  'multiclass': False,
  'target_type': 'classification',
  'signed': False}))]",0.8522727272727273,0.0,0.8530525922930986,0.0,0.8522727272727273,0.0,0.8486545748868696,0.0
phpbL6t4U,14401.40873336792,0.9953996549741231,0.9954033408807802,0.9953996549741231,0.995397102366275,"[(1.0, SimpleClassificationPipeline({'balancing:strategy': 'weighting', 'categorical_encoding:__choice__': 'one_hot_encoding', 'classifier:__choice__': 'gradient_boosting', 'imputation:strategy': 'mean', 'preprocessor:__choice__': 'no_preprocessing', 'rescaling:__choice__': 'normalize', 'categorical_encoding:one_hot_encoding:use_minimum_fraction': 'True', 'classifier:gradient_boosting:criterion': 'friedman_mse', 'classifier:gradient_boosting:learning_rate': 0.06064393515381438, 'classifier:gradient_boosting:loss': 'deviance', 'classifier:gradient_boosting:max_depth': 10, 'classifier:gradient_boosting:max_features': 0.2521396739211895, 'classifier:gradient_boosting:max_leaf_nodes': 'None', 'classifier:gradient_boosting:min_impurity_decrease': 0.0, 'classifier:gradient_boosting:min_samples_leaf': 19, 'classifier:gradient_boosting:min_samples_split': 18, 'classifier:gradient_boosting:min_weight_fraction_leaf': 0.0, 'classifier:gradient_boosting:n_estimators': 500, 'classifier:gradient_boosting:subsample': 0.7960559085283628, 'categorical_encoding:one_hot_encoding:minimum_fraction': 0.0001502614770467133},
dataset_properties={
  'task': 2,
  'sparse': False,
  'multilabel': False,
  'multiclass': True,
  'target_type': 'classification',
  'signed': False}))]",0.9953996549741231,0.0,0.9954033408807802,0.0,0.9953996549741231,0.0,0.995397102366275,0.0
phpchCuL5,14399.47853732109,0.9962962962962963,0.9963750985027581,0.9962962962962963,0.9962858504547205,"[(1.0, SimpleClassificationPipeline({'balancing:strategy': 'weighting', 'categorical_encoding:__choice__': 'no_encoding', 'classifier:__choice__': 'gradient_boosting', 'imputation:strategy': 'median', 'preprocessor:__choice__': 'no_preprocessing', 'rescaling:__choice__': 'robust_scaler', 'classifier:gradient_boosting:criterion': 'mae', 'classifier:gradient_boosting:learning_rate': 0.05121489694518082, 'classifier:gradient_boosting:loss': 'deviance', 'classifier:gradient_boosting:max_depth': 8, 'classifier:gradient_boosting:max_features': 0.266499474467253, 'classifier:gradient_boosting:max_leaf_nodes': 'None', 'classifier:gradient_boosting:min_impurity_decrease': 0.0, 'classifier:gradient_boosting:min_samples_leaf': 20, 'classifier:gradient_boosting:min_samples_split': 9, 'classifier:gradient_boosting:min_weight_fraction_leaf': 0.0, 'classifier:gradient_boosting:n_estimators': 429, 'classifier:gradient_boosting:subsample': 0.42306771158773476, 'rescaling:robust_scaler:q_max': 0.7599501368579604, 'rescaling:robust_scaler:q_min': 0.1553380280266748},
dataset_properties={
  'task': 2,
  'sparse': False,
  'multilabel': False,
  'multiclass': True,
  'target_type': 'classification',
  'signed': False}))]",0.9962962962962963,0.0,0.9963750985027581,0.0,0.9962962962962963,0.0,0.9962858504547205,0.0
phpdReP6S,14401.61093211174,0.9526813880126183,0.9452737903184374,0.9526813880126183,0.9456908013912848,"[(1.0, SimpleClassificationPipeline({'balancing:strategy': 'weighting', 'categorical_encoding:__choice__': 'one_hot_encoding', 'classifier:__choice__': 'gradient_boosting', 'imputation:strategy': 'most_frequent', 'preprocessor:__choice__': 'select_rates', 'rescaling:__choice__': 'normalize', 'categorical_encoding:one_hot_encoding:use_minimum_fraction': 'True', 'classifier:gradient_boosting:criterion': 'friedman_mse', 'classifier:gradient_boosting:learning_rate': 0.032123800418844224, 'classifier:gradient_boosting:loss': 'deviance', 'classifier:gradient_boosting:max_depth': 10, 'classifier:gradient_boosting:max_features': 0.7140914868900845, 'classifier:gradient_boosting:max_leaf_nodes': 'None', 'classifier:gradient_boosting:min_impurity_decrease': 0.0, 'classifier:gradient_boosting:min_samples_leaf': 10, 'classifier:gradient_boosting:min_samples_split': 16, 'classifier:gradient_boosting:min_weight_fraction_leaf': 0.0, 'classifier:gradient_boosting:n_estimators': 415, 'classifier:gradient_boosting:subsample': 0.5365490724896965, 'preprocessor:select_rates:alpha': 0.0903354518102121, 'preprocessor:select_rates:mode': 'fdr', 'preprocessor:select_rates:score_func': 'f_classif', 'categorical_encoding:one_hot_encoding:minimum_fraction': 0.001279467383882126},
dataset_properties={
  'task': 1,
  'sparse': False,
  'multilabel': False,
  'multiclass': False,
  'target_type': 'classification',
  'signed': False}))]",0.9526813880126183,0.0,0.9452737903184374,0.0,0.9526813880126183,0.0,0.9456908013912848,0.0
phpdo58hj,14395.675529956818,0.9375,0.94375,0.9375,0.936740890688259,"[(1.0, SimpleClassificationPipeline({'balancing:strategy': 'weighting', 'categorical_encoding:__choice__': 'no_encoding', 'classifier:__choice__': 'multinomial_nb', 'imputation:strategy': 'most_frequent', 'preprocessor:__choice__': 'select_rates', 'rescaling:__choice__': 'quantile_transformer', 'classifier:multinomial_nb:alpha': 46.62681321204526, 'classifier:multinomial_nb:fit_prior': 'False', 'preprocessor:select_rates:alpha': 0.4311834066639583, 'preprocessor:select_rates:mode': 'fpr', 'preprocessor:select_rates:score_func': 'chi2', 'rescaling:quantile_transformer:n_quantiles': 1000, 'rescaling:quantile_transformer:output_distribution': 'uniform'},
dataset_properties={
  'task': 1,
  'sparse': False,
  'multilabel': False,
  'multiclass': False,
  'target_type': 'classification',
  'signed': False}))]",0.9375,0.0,0.94375,0.0,0.9375,0.0,0.936740890688259,0.0
phpfLuQE4,14398.496148824692,0.8492307692307692,0.8531795237311987,0.8492307692307692,0.849139401726397,"[(1.0, SimpleClassificationPipeline({'balancing:strategy': 'weighting', 'categorical_encoding:__choice__': 'one_hot_encoding', 'classifier:__choice__': 'adaboost', 'imputation:strategy': 'most_frequent', 'preprocessor:__choice__': 'select_rates', 'rescaling:__choice__': 'none', 'categorical_encoding:one_hot_encoding:use_minimum_fraction': 'False', 'classifier:adaboost:algorithm': 'SAMME', 'classifier:adaboost:learning_rate': 0.4713222887583631, 'classifier:adaboost:max_depth': 10, 'classifier:adaboost:n_estimators': 484, 'preprocessor:select_rates:alpha': 0.01749929089165925, 'preprocessor:select_rates:mode': 'fwe', 'preprocessor:select_rates:score_func': 'chi2'},
dataset_properties={
  'task': 1,
  'sparse': False,
  'multilabel': False,
  'multiclass': False,
  'target_type': 'classification',
  'signed': False}))]",0.8492307692307692,0.0,0.8531795237311987,0.0,0.8492307692307692,0.0,0.849139401726397,0.0
phpfrJpBS,14401.426901578903,1.0,1.0,1.0,1.0,"[(1.0, SimpleClassificationPipeline({'balancing:strategy': 'none', 'categorical_encoding:__choice__': 'one_hot_encoding', 'classifier:__choice__': 'gradient_boosting', 'imputation:strategy': 'most_frequent', 'preprocessor:__choice__': 'select_rates', 'rescaling:__choice__': 'quantile_transformer', 'categorical_encoding:one_hot_encoding:use_minimum_fraction': 'False', 'classifier:gradient_boosting:criterion': 'mse', 'classifier:gradient_boosting:learning_rate': 0.3795924768593385, 'classifier:gradient_boosting:loss': 'deviance', 'classifier:gradient_boosting:max_depth': 2, 'classifier:gradient_boosting:max_features': 0.33708497069988536, 'classifier:gradient_boosting:max_leaf_nodes': 'None', 'classifier:gradient_boosting:min_impurity_decrease': 0.0, 'classifier:gradient_boosting:min_samples_leaf': 15, 'classifier:gradient_boosting:min_samples_split': 13, 'classifier:gradient_boosting:min_weight_fraction_leaf': 0.0, 'classifier:gradient_boosting:n_estimators': 451, 'classifier:gradient_boosting:subsample': 0.7716323242090217, 'preprocessor:select_rates:alpha': 0.2573946506994812, 'preprocessor:select_rates:mode': 'fwe', 'preprocessor:select_rates:score_func': 'f_classif', 'rescaling:quantile_transformer:n_quantiles': 1000, 'rescaling:quantile_transformer:output_distribution': 'uniform'},
dataset_properties={
  'task': 2,
  'sparse': False,
  'multilabel': False,
  'multiclass': True,
  'target_type': 'classification',
  'signed': False}))]",1.0,0.0,1.0,0.0,1.0,0.0,1.0,0.0
