,error_1,time_1,accuracy_1,precision_1,recall_1,f1score_1,model_1,accuracy_mean,accuracy_std,precision_mean,precision_std,recall_mean,recall_std,f1score_mean,f1score_std
devnagari,Timeout,15840.001576900482,0.8862173913043478,0.887738284177723,0.8862173913043478,0.8859810285320476,"[(1.0, SimpleClassificationPipeline({'balancing:strategy': 'none', 'categorical_encoding:__choice__': 'one_hot_encoding', 'classifier:__choice__': 'random_forest', 'imputation:strategy': 'mean', 'preprocessor:__choice__': 'no_preprocessing', 'rescaling:__choice__': 'standardize', 'categorical_encoding:one_hot_encoding:use_minimum_fraction': 'True', 'classifier:random_forest:bootstrap': 'True', 'classifier:random_forest:criterion': 'gini', 'classifier:random_forest:max_depth': 'None', 'classifier:random_forest:max_features': 0.5, 'classifier:random_forest:max_leaf_nodes': 'None', 'classifier:random_forest:min_impurity_decrease': 0.0, 'classifier:random_forest:min_samples_leaf': 1, 'classifier:random_forest:min_samples_split': 2, 'classifier:random_forest:min_weight_fraction_leaf': 0.0, 'classifier:random_forest:n_estimators': 100, 'categorical_encoding:one_hot_encoding:minimum_fraction': 0.01},
dataset_properties={
  'task': 2,
  'sparse': False,
  'multilabel': False,
  'multiclass': True,
  'target_type': 'classification',
  'signed': False}))]",0.8862173913043478,0.0,0.887738284177723,0.0,0.8862173913043478,0.0,0.8859810285320476,0.0
