,dataset,sklearn_accuracy_mean,sklearn_f1_score_mean,sklearn_precision_mean,sklearn_recall_mean,sklearn_time_mean,sklearn_e_accuracy_mean,sklearn_e_f1_score_mean,sklearn_e_precision_mean,sklearn_e_recall_mean,sklearn_e_time_mean,sklearn_m_accuracy_mean,sklearn_m_f1_score_mean,sklearn_m_precision_mean,sklearn_m_recall_mean,sklearn_m_time_mean,sklearn_v_accuracy_mean,sklearn_v_f1_score_mean,sklearn_v_precision_mean,sklearn_v_recall_mean,sklearn_v_time_mean,autoweka_accuracy_mean,autoweka_f1_score_mean,autoweka_precision_mean,autoweka_recall_mean,autoweka_time_mean,recipe_valid_acc,recipe_valid_precision,recipe_valid_recall,recipe_valid_f1,recipe_train_acc,recipe_train_precision,recipe_train_recall,recipe_train_f1,recipe_test_acc,recipe_test_precision,recipe_test_recall,recipe_test_f1,smartml_model,smartml_train_acc,smartml_valid_acc,tpot_accuracy_mean,tpot_f1_score_mean,tpot_precision_mean,tpot_recall_mean,tpot_time_mean
9,aaaData_for_UCI_named,1.0,1.0,1.0,1.0,,1.0,1.0,1.0,1.0,,1.0,1.0,1.0,1.0,,1.0,1.0,1.0,1.0,,1.0,1.0,1.0,1.0,,1.0,1.0,1.0,1.0,1.0,1.0,1.0,1.0,0.3452,0.11916304,0.3452,0.17716776687481414,randomForest,1.0,"1
",1.0,1.0,1.0,1.0,
3,AirlinesCodrnaAdult,0.7871510932473496,0.7873876149897401,0.7877955563110932,0.7871510932473496,,0.7908082526616096,0.7913549062797011,0.7941734617605309,0.7908082526616096,,0.7868780600153048,0.7870621017252354,0.7873383340652366,0.7868780600153048,,0.7868780600153048,0.7870621017252354,0.7873383340652366,0.7868780600153048,,0.0,0.0,0.0,0.0,,,,,,,,,,,,,,,,"NA
",,,,,
4,Amazon,0.8177777777777778,0.8044981258060325,0.8467649905649907,0.8177777777777778,,0.7768888888888889,0.7711578498471826,0.8187498501498501,0.7768888888888889,,0.664,0.6533054893644367,0.6906789728789731,0.664,,0.6417777777777778,0.6316579634576774,0.6832828633354948,0.6417777777777778,,0.5173333333333333,0.5170484657642553,0.5522736781736782,0.5173333333333333,,,,,,,,,,,,,,,,,,,,,
10,analcatdata_authorship,1.0,1.0,1.0,1.0,,0.995260663507109,0.995262751228572,0.9953274147253188,0.995260663507109,,0.995260663507109,0.9952581533761158,0.9953184602936076,0.995260663507109,,0.990521327014218,0.9905120928615936,0.9905880782324276,0.990521327014218,,0.981042654028436,0.9810670321913644,0.9811761564648556,0.981042654028436,,0.9894179894179894,0.9897079075161268,0.9894179894179894,0.9894125053743628,1.0,1.0,1.0,1.0,0.990521327014218,0.9907497287729116,0.990521327014218,0.9905360355173202,rda,0.9968253968253971,"0.995260663507109
",1.0,1.0,1.0,1.0,
0,AP_Breast_Lung,0.9689265536723164,0.9688883832766764,0.9689074191566712,0.9689265536723164,,0.963276836158192,0.9632132188321256,0.9632053334944659,0.963276836158192,,0.9548022598870056,0.9546415997669158,0.9548144893023364,0.9548022598870056,,0.9745762711864406,0.9744617599995208,0.9745188676395056,0.9745762711864406,,0.0,0.0,0.0,0.0,,0.9528301886792452,0.9530957372466806,0.9528301886792452,0.951940192239231,1.0,1.0,1.0,1.0,0.8898305084745762,0.8975526509715704,0.8898305084745762,0.8825852150497444,c50,1.0,"0.915254237288136
",,,,,
1,AP_Omentum_Ovary,0.8164251207729469,0.8097755217272598,0.8101131474530329,0.8164251207729469,,,,,,,,,,,,0.7777777777777777,0.7715870832994566,0.7719646387623236,0.7777777777777777,,0.0,0.0,0.0,0.0,,0.8064516129032258,0.8145852252536819,0.8064516129032258,0.8096285434995113,0.9902912621359224,0.9906203718940266,0.9902912621359224,0.9903421583619104,0.7826086956521741,0.7740220798691564,0.7826086956521741,0.7601945183573423,naiveBayes,0.7766990291262141,"0.333333333333333
",,,,,
2,AP_Prostate_Ovary,0.9850746268656716,0.9848445844173628,0.9853459972862958,0.9850746268656716,,0.9950248756218903,0.9949481948057876,0.9951153324287652,0.9950248756218903,,0.9601990049751244,0.9612040981129344,0.96488666805831,0.9601990049751244,,0.9850746268656716,0.9848445844173628,0.9853459972862958,0.9850746268656716,,0.9701492537313432,0.9701492537313432,0.9701492537313432,0.9701492537313432,,0.9833333333333332,0.9842592592592592,0.9833333333333332,0.9834733893557422,1.0,1.0,1.0,1.0,0.9701492537313432,0.9741293532338308,0.9701492537313432,0.9709337409985116,naiveBayes,0.96,"0.805970149253731
",0.9850746268656716,0.9848445844173628,0.9853459972862958,0.9850746268656716,
11,arrhythmia,0.8849557522123894,0.8832904334263125,0.9063211125158028,0.8849557522123894,,0.8849557522123894,0.8832904334263125,0.9063211125158028,0.8849557522123894,,0.8495575221238938,0.8458584141905802,0.8841186319062425,0.8495575221238938,,0.8495575221238938,0.8473797975574855,0.8688589656895893,0.8495575221238938,,0.8053097345132744,0.8028992836072482,0.8194060652698589,0.8053097345132744,,0.8235294117647058,0.823905731824917,0.8235294117647058,0.8224164715156854,1.0,1.0,1.0,1.0,0.5309734513274337,0.7590322318746447,0.5309734513274337,0.4025445225503256,naiveBayes,0.702064896755162,"0.654867256637168
",,,,,
12,audiology,0.9473684210526316,0.9468365823224988,0.9470342522974101,0.9473684210526316,,0.9649122807017544,0.9649122807017544,0.9649122807017544,0.9649122807017544,,0.9473684210526316,0.9455748905732893,0.9509569377990428,0.9473684210526316,,0.9473684210526316,0.9468365823224988,0.9470342522974101,0.9473684210526316,,0.9298245614035088,0.9283208020050124,0.929766276155505,0.9298245614035088,,0.9215686274509804,0.9411764705882352,0.9215686274509804,0.9250511015216898,1.0,1.0,1.0,1.0,0.9298245614035088,0.929766276155505,0.9298245614035088,0.9283208020050124,svm,1.0,"0.894736842105263
",0.9473684210526316,0.9468365823224988,0.9470342522974101,0.9473684210526316,
13,avila-tr,0.9986582327007858,0.9986573325686944,0.9986631357009378,0.9986582327007858,,0.9942495687176538,0.994243444543778,0.9942736387373444,0.9942495687176538,,0.9988499137435308,0.9988488377681072,0.9988555266734706,0.9988499137435308,,0.9844738355376652,0.9844583324665382,0.9846457177211054,0.9844738355376652,,0.9994249568717654,0.9994574016875308,0.9995249924327938,0.9994249568717654,,0.9982960596379128,0.9983194375256448,0.9982960596379128,0.9982999619454906,1.0,1.0,1.0,1.0,0.9505462909718227,0.9523934382691982,0.9505462909718227,0.9496322483241364,c50,1.0,"0.998466551658041
",,,,,
14,churn,0.9592,0.957342907463362,0.9584886672839946,0.9592,,0.9592,0.9578350916076286,0.9581203224354112,0.9592,,0.948,0.94461853307785,0.946928488791973,0.948,,0.948,0.94461853307785,0.946928488791973,0.948,,0.9216,0.9124903157672404,0.9183693913043476,0.9216,,0.9635555555555556,0.9627818073959324,0.9635555555555556,0.9629109696121896,0.9906666666666668,0.990637212391109,0.9906666666666668,0.990648383437116,0.9568,0.9555898758176129,0.9568,0.9557862028095564,bagging,0.9376,"0.9424
",0.9608,0.9590157346216612,0.9602548329653108,0.9608,
15,cifar-10,,,,,,,,,,,,,,,,,,,,,0.0,0.0,0.0,0.0,,,,,,,,,,,,,,bagging,1.0,"0.223533333333333
",,,,,
16,connect-4,0.8181961713045194,0.8025299599011708,0.798508841717509,0.8181961713045194,,0.8130649299388198,0.7924792866631019,0.7891240322189864,0.8130649299388198,,0.8004736530491415,0.7699151308490215,0.7735129729059462,0.8004736530491415,,0.8124925991711072,0.7895119454595981,0.7889655854790009,0.8124925991711072,,0.7069271758436945,0.6539400220472215,0.6637036715960829,0.7069271758436945,,,,,,,,,,,,,,c50,0.922336037262913,"0.838247483718176
",,,,,
5,CovPokElec,0.444833764791883,0.27390982010643,0.1978770782989204,0.444833764791883,,0.5005569571088063,0.4469363236457285,0.4611149430887396,0.5005569571088063,,0.444833764791883,0.27390982010643,0.1978770782989204,0.444833764791883,,0.4909054766838334,0.4193310230197416,0.3989018492868394,0.4909054766838334,,0.0,0.0,0.0,0.0,,,,,,,,,,,,,,,,,,,,,
17,dataset_183_adult,0.8325007506892691,0.8025378126276207,0.8410960867999909,0.8325007506892691,,0.8552944066824993,0.8519579682417069,0.8505793211976609,0.8552944066824993,,0.8552944066824993,0.8515142501637153,0.8500826812899698,0.8552944066824993,,0.8537930281440231,0.8483094221110452,0.8474531408367231,0.8537930281440231,,0.8455490950782082,0.8398098650387092,0.8384656237980112,0.8455490950782082,,,,,,,,,,,,,,randomForest,0.8769348366137969,"0.855540086806977
",0.8587885240084078,0.8546197900745551,0.8534344093676935,0.8587885240084078,
18,dataset_185_yeast,0.5956873315363881,0.5895131238961067,0.6006599378854726,0.5956873315363881,,0.5929919137466307,0.5880288671517055,0.5971158732198095,0.5929919137466307,,0.5579514824797843,0.5542754157656189,0.5638373335804658,0.5579514824797843,,0.5705300988319856,0.5645405900039114,0.5710168898831175,0.5705300988319856,,0.5831087151841868,0.5754426959312665,0.5814435471103176,0.5831087151841868,,0.6047904191616766,0.5992943838394242,0.6047904191616766,0.598556407010714,0.8921832884097035,0.8926841046964895,0.8921832884097035,0.8914172307162227,0.4690026954177898,0.5086139229169975,0.4690026954177898,0.4585006463847661,bagging,0.676549865229111,"0.584905660377358
",0.6064690026954178,0.5972505381447442,0.6041897694699778,0.6064690026954178,
19,dataset_186_satimage,0.9168739635157546,0.9161097948655512,0.9161040195511744,0.9168739635157546,,0.904436152570481,0.9025941954209512,0.9030371287063844,0.904436152570481,,0.9187396351575456,0.9182104622055179,0.9180717833075822,0.9187396351575456,,0.9046434494195688,0.9029191126471616,0.9028640534383386,0.9046434494195688,,0.9135572139303484,0.9122558938050344,0.9120687854566979,0.9135572139303484,,0.9260539046302696,0.9242996909380276,0.9260539046302696,0.9242622495566818,1.0,1.0,1.0,1.0,0.9185323383084576,0.9169702046610154,0.9185323383084576,0.9168612490842232,knn,1.0,"0.899875621890547
",0.9107587064676615,0.9085469059744108,0.9095499246648882,0.9107587064676615,
20,dataset_187_abalone,0.2602870813397129,0.2295480768509515,0.2392202726108719,0.2602870813397129,,0.24210526315789474,0.20969909414389684,0.1939575517345571,0.24210526315789474,,0.2529505582137161,0.2274935171969543,0.21860486790218087,0.2529505582137161,,0.2379585326953748,0.2023093408747075,0.1884713564475914,0.2379585326953748,,0.2541507024265645,0.2120707863748812,0.2568864539507001,0.2541507024265645,,,,,,,,,,,,,,randomForest,0.525862068965517,"0.250717703349282
",0.2583732057416268,0.23074029957567144,0.2219745878425602,0.2583732057416268,
21,dataset_189_baseball,0.9283582089552241,0.9165190530862176,0.9132718850886632,0.9283582089552241,,0.9343283582089552,0.9244947855131708,0.9222083651821752,0.9343283582089552,,0.9283582089552241,0.918256957756611,0.9120381979630044,0.9283582089552241,,0.9253731343283582,0.9135822952303252,0.9062856066669804,0.9253731343283582,,0.9402985074626864,0.9292204641143093,0.9338726926117076,0.9402985074626866,,,,,,,,,,,,,,randomForest,0.953233830845771,"0.937313432835821
",0.9223880597014924,0.9086586299272864,0.9016118467225004,0.9223880597014924,
22,dataset_194_eucalyptus,0.6630434782608695,0.6557844296156499,0.6609241957895078,0.6630434782608695,,0.6956521739130435,0.6884547412918891,0.6936971492801836,0.6956521739130435,,0.6902173913043478,0.6704030071584698,0.6870664690997171,0.6902173913043478,,0.6793478260869565,0.6755990750956021,0.6739340356629018,0.6793478260869565,,0.625,0.6128635271712078,0.620582845882227,0.625,,0.5903614457831325,0.5986528083017489,0.5903614457831325,0.5915207068686344,0.9655797101449276,0.9679167756496376,0.9655797101449276,0.9658975593267836,0.3804347826086957,0.4234941974501471,0.3804347826086957,0.3509164535379369,svm,0.793478260869565,"0.673913043478261
",0.7173913043478259,0.7125376483868459,0.7120814220311603,0.7173913043478259,
23,dataset_24_mushroom,1.0,1.0,1.0,1.0,,1.0,1.0,1.0,1.0,,1.0,1.0,1.0,1.0,,1.0,1.0,1.0,1.0,,0.9881831610044312,0.9881808915507516,0.9884548124755941,0.9881831610044312,,1.0,1.0,1.0,1.0,1.0,1.0,1.0,1.0,1.0,1.0,1.0,1.0,c50,1.0,"1
",1.0,1.0,1.0,1.0,
24,dataset_26_nursery,0.9993827160493828,0.9992293273032332,0.9990780636457914,0.9993827160493828,,0.999074074074074,0.9989207095284418,0.9987703661711598,0.999074074074074,,0.9996913580246912,0.9995379611148074,0.9993863903586124,0.9996913580246912,,0.999074074074074,0.9990740822378086,0.9990743893365616,0.999074074074074,,0.999074074074074,0.9989207095284418,0.9987703661711598,0.999074074074074,,,,,,,,,,,,,,c50,0.999897119341564,"0.998765432098765
",0.9996913580246912,0.9995379611148074,0.9993863903586124,0.9996913580246912,
25,dataset_28_optdigits,0.987900355871886,0.9878840103108504,0.9880299183365632,0.987900355871886,,0.9822064056939499,0.9822136051829934,0.9823446854818072,0.9822064056939499,,0.9886120996441279,0.9886147111908846,0.9887676489609176,0.9886120996441279,,0.9779359430604982,0.9779616610334848,0.9780741601427084,0.9779359430604982,,0.9836298932384342,0.9836000144148026,0.9838874351038508,0.9836298932384342,,0.9889328063241106,0.989044756746441,0.9889328063241106,0.9889423132488616,1.0,1.0,1.0,1.0,0.98932384341637,0.9894850043237264,0.98932384341637,0.9893412269465583,rda,0.9862396204033209,"0.976512455516014
",,,,,
26,dataset_31_credit-g,0.7466666666666667,0.7330798968845986,0.7312208085158215,0.7466666666666667,,0.7586666666666666,0.7449219625158129,0.744815684064919,0.7586666666666666,,0.7466666666666667,0.7347644438038471,0.7322680135443022,0.7466666666666667,,0.7293333333333333,0.7153349915521856,0.7164506704542212,0.7293333333333333,,0.7426666666666666,0.709312724093185,0.7262618903048541,0.7426666666666666,,0.7555555555555555,0.7491958772046737,0.7555555555555555,0.7515886240511321,1.0,1.0,1.0,1.0,0.6679999999999999,0.6855240110006346,0.6679999999999999,0.6750379449971601,svm,0.793333333333333,"0.768
",0.7386666666666667,0.7221976323715045,0.7213007952043258,0.7386666666666667,
27,dataset_36_segment,0.9775086505190312,0.9776310751361508,0.9782101665354476,0.9775086505190312,,0.9775086505190312,0.9775949541306352,0.9778389814357588,0.9775086505190312,,0.9826989619377162,0.9827765755057044,0.9829370981823656,0.9826989619377162,,0.9757785467128028,0.9759571908737728,0.9764351108300552,0.9757785467128028,,0.9775086505190312,0.977561379124076,0.977717059443004,0.9775086505190312,,0.975,0.9752669904509584,0.975,0.9750712830478676,0.9959584295612008,0.9960125729523768,0.9959584295612008,0.9959656150107348,0.15570934256055366,0.02424539936063984,0.15570934256055366,0.041957607276795886,bagging,0.9336027713625871,"0.94636678200692
",0.9775086505190312,0.9775689196500372,0.977878461109836,0.9775086505190312,
28,dataset_39_ecoli,0.8809523809523809,0.8824233600027249,0.9005854583548821,0.8809523809523809,,0.9087301587301588,0.9102570218728075,0.9189263668430336,0.9087301587301588,,0.876984126984127,0.8796003956492345,0.8953774661011503,0.876984126984127,,0.876984126984127,0.8774385300860802,0.884655623767122,0.876984126984127,,0.9007936507936508,0.9081535644560856,0.9233465608465607,0.9007936507936508,,0.7894736842105263,0.7651788785689714,0.7894736842105263,0.7761879394843384,0.9444444444444444,0.9503002711805968,0.9444444444444444,0.9440959072160348,0.4761904761904762,0.440625,0.4761904761904762,0.3268781196689202,rda,0.857142857142857,"0.892857142857143
",0.8928571428571429,0.8988705298885067,0.9082625411275621,0.8928571428571429,
29,dataset_40_sonar,0.7884615384615384,0.7872841444270016,0.8009906759906761,0.7884615384615384,,0.8461538461538461,0.8456980056980057,0.8553800023065391,0.8461538461538461,,0.8269230769230769,0.8267309826688295,0.8320741758241758,0.8269230769230769,,0.8653846153846154,0.8654344175986796,0.8661242603550294,0.8653846153846154,,0.6346153846153846,0.6297986382732146,0.6370192307692307,0.6346153846153846,,0.8723404255319149,0.8743892828999213,0.8723404255319149,0.8717559036707974,0.9487179487179488,0.9531772575250836,0.9487179487179488,0.9483751542575072,0.4807692307692308,0.2311390532544379,0.4807692307692308,0.31218781218781216,naiveBayes,0.7307692307692311,"0.788461538461538
",0.8846153846153846,0.8846153846153846,0.8846153846153846,0.8846153846153846,
30,dataset_42_soybean,0.9181286549707602,0.9042031003434512,0.9046636707455421,0.9181286549707602,,0.9239766081871345,0.9038341533441352,0.8898572188045872,0.9239766081871345,,0.912280701754386,0.9011310628971804,0.905444458076037,0.912280701754386,,0.9005847953216374,0.8782386627862386,0.8695053569195446,0.9005847953216374,,0.8895705521472392,0.8900846396337225,0.9000803388840198,0.8895705521472392,,0.9025974025974026,0.9083544901214076,0.9025974025974026,0.9029153931276199,0.99609375,0.9961233428030304,0.99609375,0.996094076482142,0.5847953216374269,0.5697640566061619,0.5847953216374269,0.5703554068966975,naiveBayes,0.619140625,"0.60233918128655
",0.8947368421052632,0.8742937424879351,0.8618126123389279,0.8947368421052632,
31,dataset_44_spambase,0.9551114972487692,0.95495568592168,0.9552223711175118,0.9551114972487692,,0.9582971329278888,0.9581476810124702,0.9584494721855348,0.9582971329278888,,0.9542426875181002,0.95410084677866,0.954288079474308,0.9542426875181002,,0.9510570518389806,0.9509000103484117,0.9511039753424878,0.9510570518389806,,0.9443961772371848,0.944102395392005,0.9446827030067398,0.944396177237185,,0.9584541062801932,0.9584183849851186,0.9584541062801932,0.9583903052663804,0.9997101449275362,0.9997102837470152,0.9997101449275362,0.9997101264563018,0.9643788010425716,0.964366091311964,0.9643788010425716,0.9643716841286828,randomForest,0.978840579710145,"0.960034752389227
",0.9574283231972198,0.9573492830399596,0.9574007525364928,0.9574283231972198,
32,dataset_54_vehicle,0.8254716981132075,0.8244639689994214,0.8238568310373223,0.8254716981132075,,0.8349056603773585,0.8355270376642893,0.8362217681358693,0.8349056603773585,,0.8113207547169812,0.8104674912030303,0.8161261350456847,0.8113207547169812,,0.8018867924528302,0.7984014392513858,0.8020162415858063,0.8018867924528302,,0.8254716981132075,0.8246880611053916,0.8256923273317007,0.8254716981132075,,0.8481675392670157,0.8478965453697984,0.8481675392670157,0.8470979844248193,0.8990536277602523,0.901293846519802,0.8990536277602523,0.8979787641617364,0.5660377358490566,0.5928487150609341,0.5660377358490566,0.5656591571682315,rda,0.8690851735015771,"0.839622641509434
",0.8490566037735849,0.8477444361854142,0.8521402203211064,0.8490566037735849,
33,dataset_59_ionosphere,0.9431818181818182,0.9419883318188399,0.947839046199702,0.9431818181818182,,0.9318181818181818,0.9307210031347959,0.933982683982684,0.9318181818181818,,0.9431818181818182,0.9419883318188399,0.947839046199702,0.9431818181818182,,0.9204545454545454,0.91790974763111,0.9292929292929292,0.9204545454545454,,0.943181818181818,0.9419883318188399,0.947839046199702,0.9431818181818182,,0.9113924050632912,0.921523990593886,0.9113924050632912,0.9127401629717422,0.9277566539923956,0.9279532004917236,0.9277566539923956,0.9278405879820736,0.8181818181818182,0.8250688705234159,0.8181818181818182,0.8087983661754152,rda,0.9353612167300379,"0.909090909090909
",0.9659090909090908,0.9655154538974924,0.9676425269645608,0.9659090909090908,
34,dataset_60_waveform-5000,0.8685333333333333,0.8683039881356448,0.8688770451903731,0.8685333333333333,,0.8709333333333333,0.8704917300930765,0.8715987643010501,0.8709333333333333,,0.8672,0.8670486302798261,0.8673811411060847,0.8672,,0.8613333333333334,0.8612641021016826,0.8613576837615323,0.8613333333333334,,0.8584,0.8584387191707461,0.8585122992035699,0.8584,,0.872,0.8734287171469488,0.872,0.8715955514041732,0.8858666666666667,0.8862573652183499,0.8858666666666667,0.8857227253969553,0.86,0.8599188926594629,0.86,0.8599283224352906,randomForest,0.999733333333333,"0.8472
",0.8595999999999999,0.859674872509057,0.8599572909246115,0.8595999999999999,
35,dataset_61_iris,0.9824561403508772,0.9826348553897478,0.9842105263157896,0.9824561403508772,,0.9736842105263158,0.9739522830846216,0.9763157894736842,0.9736842105263158,,0.9649122807017544,0.9653833934014436,0.9698564593301436,0.9649122807017544,,0.9649122807017544,0.9653833934014436,0.9698564593301436,0.9649122807017544,,0.9736842105263156,0.9739522830846216,0.9763157894736842,0.9736842105263158,,0.9705882352941176,0.972689075630252,0.9705882352941176,0.9703589037954364,0.9821428571428572,0.9829734219269104,0.9821428571428572,0.982084879406308,0.7368421052631579,0.7791537667698659,0.7368421052631579,0.7121259029927761,naiveBayes,0.9464285714285708,"0.973684210526316
",0.9736842105263158,0.9740659657065698,0.9777511961722488,0.9736842105263158,
36,dataset_6_letter,0.958,0.9580500893783068,0.9582513329014856,0.958,,0.956,0.95612702748824,0.9565499041589812,0.956,,0.9616,0.9616165886596036,0.961812367434642,0.9616,,0.951,0.9510166165040641,0.951389685071472,0.951,,0.9598,0.9598910433084938,0.9602684915036568,0.9598,,,,,,,,,,,,,,randomForest,1.0,"0.9596
",,,,,
37,dataset_9_autos,0.8076923076923076,0.8068533863862006,0.8173579688285569,0.8076923076923076,,0.7884615384615383,0.7904989275957018,0.8058029689608638,0.7884615384615383,,0.8461538461538461,0.8489288410441747,0.8601722351722353,0.8461538461538461,,0.7948717948717948,0.7968678275129889,0.8131056336164694,0.7948717948717948,,0.7884615384615384,0.7896669963386606,0.7953033894210364,0.7884615384615384,,,,,,,,,,,,,,naiveBayes,0.20261437908496696,"0.134615384615385
",0.8205128205128204,0.8218989421158498,0.8315952021834375,0.8205128205128204,
38,devnagari,0.8900434782608695,0.8899101212836101,0.8916608742429227,0.8900434782608695,,0.887,0.8867385859971604,0.8885753838539245,0.887,,0.8862173913043478,0.8859810285320476,0.8877382841777232,0.8862173913043478,,0.8862173913043478,0.8859810285320476,0.8877382841777232,0.8862173913043478,,0.0,0.0,0.0,0.0,,,,,,,,,,,,,,svm,1.0,"0.405869565217391
",,,,,
39,electricity-normalized,0.916195856873823,0.9162481227984408,0.9163486302054342,0.916195856873823,,0.8967749529190208,0.8966743667280669,0.8966910840920096,0.8967749529190208,,0.9151659604519774,0.9152954445678948,0.9156230098842468,0.9151659604519774,,0.8939500941619586,0.8939072021441965,0.8941669978713481,0.8939500941619586,,0.734375,0.7351657331802173,0.7366663797955862,0.734375,,0.8678893683797567,0.8691802861661954,0.8678893683797567,0.8682214754338636,0.8880355461393596,0.8893229670184988,0.8880355461393596,0.8883281354979651,0.8043785310734464,0.8189239746574767,0.8043785310734464,0.7967073240372509,randomForest,0.994673964218456,"0.916931497175141
",0.9158427495291902,0.9158220934365092,0.9158102454073384,0.9158427495291902,
40,eye_movements,0.7028773469885393,0.7026008120846736,0.7024741241307636,0.7028773469885393,,0.6761765423067544,0.6768184465571608,0.6791902746808609,0.6761765423067544,,0.6975128017556692,0.6973153994280112,0.6973124216217848,0.6975128017556692,,0.6605705925384053,0.6616543080385535,0.6647899856249349,0.6605705925384053,,0.3840526700804682,0.3842831676331424,0.3859463031335261,0.3840526700804682,,0.7058106460788297,0.7072325682871005,0.7058106460788297,0.7063347239470419,1.0,1.0,1.0,1.0,0.7560351133869788,0.7568142069846728,0.7560351133869788,0.7563640882539913,randomForest,1.0,"0.691294806144843
",0.7139722019019752,0.7143040601825352,0.7150552748691347,0.7139722019019752,
6,GCM,0.75,0.7264550264550266,0.7788194444444444,0.75,,0.75,0.7223214285714286,0.7690972222222223,0.75,,0.7291666666666666,0.7224867724867726,0.7864583333333334,0.7291666666666666,,0.7916666666666666,0.7660849567099568,0.8152777777777778,0.7916666666666666,,0.0,0.0,0.0,0.0,,,,,,,,,,,,,,svm,0.840579710144927,"0.625
",,,,,
41,gina_agnostic,0.9480968858131488,0.9480995147121606,0.9481046702657154,0.9480968858131488,,0.9492502883506344,0.9492698894102076,0.9495421514123422,0.9492502883506344,,0.9411764705882352,0.9411897944527424,0.9412657813722148,0.9411764705882352,,0.9354094579008074,0.9354158281163358,0.935432167419044,0.9354094579008074,,0.8881199538638985,0.8880718926679165,0.8881399637530223,0.8881199538638985,,0.9090909090909092,0.9092328148011232,0.9090909090909092,0.90908882250567,0.9900038446751248,0.990005115894612,0.9900038446751248,0.99000389491514,0.908881199538639,0.9090541429631162,0.908881199538639,0.9089083895785413,plsda,0.808551992225462,"0.806228373702422
",,,,,
42,hiva_agnostic,0.9659735349716448,0.956021744059467,0.9603195865300926,0.9659735349716448,,,,,,,,,,,,0.9640831758034026,0.9531919525318878,0.9550516295080208,0.9640831758034026,,0.9631379962192816,0.9552780093016628,0.9535257602255368,0.9631379962192816,,,,,,,,,,,,,,randomForest,0.996763754045307,"0.963137996219282
",,,,,
43,ipums_la_99-small,0.9317051108095884,0.9134520841166678,0.9105945655531674,0.9317051108095884,,,,,,,,,,,,0.9274837931554348,0.9054564517158341,0.8964167553532816,0.9274837931554348,,0.8504398826979472,0.7817038541439135,0.7232479940832982,0.8504398826979472,,,,,,,,,,,,,,c50,0.9410523141866429,"0.930348258706468
",,,,,
44,jm1,0.8163115356355621,0.7778265523842137,0.7842334983398185,0.8163115356355621,,0.8199853049228508,0.7749458936289827,0.7932308575155596,0.8199853049228508,,0.8185157972079353,0.7790905375440029,0.7884908799054369,0.8185157972079353,,0.8137398971344599,0.760091999095011,0.7803749412394517,0.8137398971344599,,0.8181484202792064,0.7798746054941118,0.7877298386591117,0.8181484202792064,,,,,,,,,,,,,,plsda,0.8140389562660791,"0.815209404849375
",0.8199853049228508,0.781579047233068,0.7912942109654995,0.8199853049228508,
45,jungle_chess_2pcs_endgame_panther_lion,1.0,1.0,1.0,1.0,,1.0,1.0,1.0,1.0,,1.0,1.0,1.0,1.0,,1.0,1.0,1.0,1.0,,1.0,1.0,1.0,1.0,,1.0,1.0,1.0,1.0,1.0,1.0,1.0,1.0,1.0,1.0,1.0,1.0,c50,1.0,"1
",1.0,1.0,1.0,1.0,
7,KDDCup99,0.9996410401738122,0.9996008500584198,0.9995831932148412,0.9996410401738122,,,,,,,,,,,,0.9996194486053196,0.9995806231348708,0.9995639656320708,0.9996194486053196,,0.3331012239720389,0.3330786105430094,0.33308423215033084,0.3331012239720389,,,,,,,,,,,,,,,,,,,,,
46,kin8nm,0.888671875,0.8886267376749553,0.8886903883343862,0.888671875,,0.87060546875,0.8706026558408632,0.8706002586622398,0.87060546875,,0.888671875,0.8886810218155019,0.8886969566103812,0.888671875,,0.8798828125,0.8799344054871211,0.8803636178165162,0.8798828125,,0.81298828125,0.8130570635371879,0.8133309304923255,0.81298828125,,0.8497830802603037,0.8498709987462169,0.8497830802603037,0.8497848031710324,1.0,1.0,1.0,1.0,0.48876953125,0.6354483919789592,0.48876953125,0.3396512368402354,knn,0.887532552083333,"0.857421875
",0.857421875,0.8574850171590382,0.8579668088854091,0.857421875,
47,leukemia,1.0,1.0,1.0,1.0,,1.0,1.0,1.0,1.0,,0.9629629629629628,0.9628296555832788,0.9668209876543208,0.9629629629629628,,0.9629629629629628,0.9614197530864196,0.9686609686609686,0.9629629629629628,,1.0,1.0,1.0,1.0,,0.9411764705882352,0.9460784313725491,0.9411764705882352,0.939781446175308,1.0,1.0,1.0,1.0,0.8333333333333334,0.8690476190476191,0.8333333333333334,0.8206060606060606,knn,1.0,"0.722222222222222
",0.9444444444444444,0.9435154217762912,0.949074074074074,0.9444444444444444,
48,lymphoma_2classes,0.6944444444444443,0.6950271950271949,0.7244708994708996,0.6944444444444443,,0.8333333333333334,0.8333333333333334,0.8650793650793651,0.8333333333333334,,0.7777777777777778,0.7777777777777778,0.7777777777777778,0.7777777777777778,,0.9444444444444444,0.9448329448329448,0.9537037037037038,0.9444444444444444,,0.8333333333333334,0.8333333333333334,0.8809523809523809,0.8333333333333334,,0.7,0.8125,0.7,0.6703296703296704,1.0,1.0,1.0,1.0,0.5833333333333334,0.5729166666666666,0.5833333333333334,0.5740740740740741,knn,1.0,"0.5
",,,,,
8,MagicTelescope,0.8786540483701367,0.8767674979900185,0.8781348583701845,0.8786540483701367,,0.8807570977917981,0.8786105080817999,0.8807014592369383,0.8807570977917981,,0.8849631966351209,0.8835083091128588,0.8843172035703285,0.8849631966351209,,0.8715036803364878,0.8687862865299631,0.8716140199737189,0.8715036803364878,,0.8332281808622503,0.8288345947743826,0.8320568493900877,0.8332281808622503,,,,,,,,,,,,,,randomForest,0.9916579039607429,"0.876340694006309
",0.8763406940063091,0.8737875069017941,0.8765920923841775,0.8763406940063091,
49,mfeat-pixel,0.9940000000000001,0.9939131486289432,0.9940395604395604,0.9940000000000001,,0.9940000000000001,0.9939131486289432,0.9940395604395604,0.9940000000000001,,0.9953333333333332,0.9952918210850962,0.9953367507603946,0.9953333333333332,,0.9946666666666668,0.9946091503082086,0.9946611502156402,0.9946666666666668,,0.996,0.9959618618195482,0.9960176211453744,0.996,,0.9955555555555556,0.9955555555555556,0.9955555555555556,0.9955555555555556,1.0,1.0,1.0,1.0,0.9940000000000001,0.9940395604395604,0.9940000000000001,0.9939131486289432,plsda,0.988,"0.988
",0.995,0.9949375052242456,0.9950285907924674,0.995,
50,mnist_784,0.964495238095238,0.9644917471209986,0.9645263430843559,0.964495238095238,,0.9639047619047618,0.963897229749129,0.9639395541087264,0.9639047619047618,,0.9641714285714286,0.9641589974689524,0.9641974738140248,0.9641714285714286,,0.9641714285714286,0.9641589974689524,0.9641974738140248,0.9641714285714286,,0.0,0.0,0.0,0.0,,,,,,,,,,,,,,knn,1.0,"0.934971428571429
",,,,,
51,openml_phpJNxH0q,0.9638095238095238,0.9634169177733076,0.9644279505697204,0.9638095238095238,,0.9752380952380952,0.9751800325073832,0.9752440612608678,0.9752380952380952,,0.9638095238095238,0.96345159307632,0.9643561744697879,0.9638095238095238,,0.9657142857142856,0.9653960957920628,0.9662092460946804,0.9657142857142856,,0.9828571428571428,0.9828174558722336,0.9828511404561824,0.9828571428571428,,0.9556962025316456,0.9559621316881184,0.9556962025316456,0.9557877111443028,0.9522900763358778,0.95276254134634,0.9522900763358778,0.9524331445212276,0.96,0.9602475685234304,0.96,0.9600888066604996,naiveBayes,0.958015267175573,"0.971428571428571
",0.9714285714285714,0.9713694307441156,0.9715276594459048,0.9714285714285714,
52,page-blocks,0.97954711468225,0.97954711468225,0.97954711468225,0.97954711468225,,0.9802775748721696,0.9803074322812528,0.9803398545008132,0.9802775748721696,,0.9780861943024104,0.9778814999329256,0.9777719644021461,0.9780861943024104,,0.97954711468225,0.9797881207354494,0.9801865500342616,0.97954711468225,,0.0,0.0,0.0,0.0,,0.9732142857142856,0.9748764908157048,0.9732142857142856,0.9737971864055672,0.9861111111111112,0.987540890635933,0.9861111111111112,0.9864647792078128,0.9612856099342586,0.967341582939519,0.9612856099342586,0.9630894593563024,randomForest,0.9934210526315791,0.975894813732652,0.9766252739225711,0.9767651574108486,0.9769447186538828,0.9766252739225711,
53,php0FyS2T,0.6375,0.6301983571983572,0.7038076298701299,0.6375,,0.655,0.6448478882228882,0.7141755952380953,0.655,,0.6575,0.6481088519323813,0.7128065476190477,0.6575,,0.6425,0.626152958152958,0.6772529761904761,0.6425,,0.6,0.5804343295593296,0.6331319444444444,0.6,,0.6583333333333333,0.6586816578483246,0.6583333333333333,0.6378861878861879,1.0,1.0,1.0,1.0,0.635,0.6724434523809524,0.635,0.6212594211344211,svm,0.954166666666667,"0.7
",,,,,
54,php3CTpvq,0.6555237100331253,0.6590099602247085,0.6672579813586293,0.6555237100331253,,0.6542022696631221,0.6527309665049149,0.6541530282564599,0.6542022696631221,,0.6542736988723113,0.6531923527111614,0.6543594546631789,0.6542736988723113,,0.6542736988723113,0.6531923527111614,0.6543594546631789,0.6542736988723113,,0.5411566174697988,0.5415927019329786,0.5449674821101428,0.5411566174697988,,,,,,,,,,,,,,randomForest,0.999348208466147,"0.657755872820293
",,,,,
55,php5OMDBD,1.0,1.0,1.0,1.0,,1.0,1.0,1.0,1.0,,1.0,1.0,1.0,1.0,,1.0,1.0,1.0,1.0,,1.0,1.0,1.0,1.0,,1.0,1.0,1.0,1.0,1.0,1.0,1.0,1.0,1.0,1.0,1.0,1.0,randomForest,1.0,"0.996
",1.0,1.0,1.0,1.0,
56,php5s7Ep8,0.7695473251028807,0.7663498784183911,0.7720176152897865,0.7695473251028807,,0.7880658436213992,0.7865253788345202,0.7918410840107858,0.7880658436213992,,0.7942386831275721,0.7912044876004083,0.7968399267078741,0.7942386831275721,,0.7716049382716049,0.769973411558231,0.7741776151945992,0.7716049382716049,,0.7757201646090535,0.7680118168697433,0.7841876472072882,0.7757201646090535,,0.7414187643020596,0.7526340936689273,0.7414187643020596,0.743024015141578,1.0,1.0,1.0,1.0,0.602880658436214,0.6195618486936517,0.602880658436214,0.5312980465255611,svm,0.7573883161512031,"0.720164609053498
",0.7736625514403292,0.7712899693704659,0.7731557234905692,0.7736625514403292,
57,php7KLval,0.7959999999999999,0.7728451050113838,0.7799520697167756,0.7959999999999999,,0.792,0.7647927890158265,0.7752576226248343,0.792,,0.812,0.7906611752065692,0.8017015250544661,0.812,,0.804,0.7817531401089766,0.7908267973856209,0.804,,0.8240000000000001,0.7941165048543689,0.8334577777777777,0.8240000000000001,,0.7377777777777778,0.7205090006207324,0.7377777777777778,0.7264853922245228,1.0,1.0,1.0,1.0,0.728,0.7140319892730581,0.728,0.7198175287356321,randomForest,0.785333333333333,"0.756
",0.7879999999999999,0.7615241065627032,0.7692649082568808,0.7879999999999999,
58,phpB0xrNj,0.9637606837606838,0.9637963603608648,0.9644457853710774,0.9637606837606838,,0.9584615384615384,0.9585005070368774,0.9592677281241108,0.9584615384615384,,0.9641025641025641,0.9641083876322516,0.964762553229546,0.9641025641025641,,0.9470085470085472,0.9469377171537028,0.9477004475368368,0.9470085470085472,,0.8882051282051281,0.8884978329931722,0.8901507468554525,0.8882051282051281,,,,,,,,,,,,,,svm,1.0,"0.911794871794872
",,,,,
73,phpbL6t4U,0.9936745255894192,0.9936728462496759,0.993694278730696,0.9936745255894192,,0.9942495687176538,0.9942432192541648,0.9942576974644431,0.9942495687176538,,0.9933870040253019,0.9933859525507064,0.9934061399277836,0.9933870040253019,,0.9930994824611846,0.9930995809088664,0.993144044291842,0.9930994824611846,,0.9910868315123637,0.9910795512667594,0.9910933639203297,0.9910868315123634,,0.9955271565495208,0.9955392125238878,0.9955271565495208,0.9955286756157328,1.0,1.0,1.0,1.0,0.9956871765382403,0.9956989515382676,0.9956871765382403,0.9956873751216496,,,"NA
",,,,,
74,phpchCuL5,1.0,1.0,1.0,1.0,,1.0,1.0,1.0,1.0,,1.0,1.0,1.0,1.0,,1.0,1.0,1.0,1.0,,1.0,1.0,1.0,1.0,,1.0,1.0,1.0,1.0,1.0,1.0,1.0,1.0,1.0,1.0,1.0,1.0,bagging,1.0,"1
",1.0,1.0,1.0,1.0,
59,phpCsX3fx,0.8025,0.8044623293373294,0.8587202380952381,0.8025,,0.8075,0.8036441336441338,0.8517599206349208,0.8075,,0.8075,0.8022280497280498,0.8496845238095239,0.8075,,0.7525,0.7522653596403596,0.8217023809523809,0.7525,,0.785,0.7928218170718169,0.850017857142857,0.785,,0.8194444444444444,0.8488095238095239,0.8194444444444444,0.8153547378547378,0.9591666666666666,0.9614925240200975,0.9591666666666666,0.9590253900658596,0.825,0.8635178571428571,0.825,0.8249042207792208,svm,0.9975,"0.8175
",,,,,
76,phpdo58hj,0.875,0.875,0.875,0.875,,0.875,0.875,0.875,0.875,,0.8125,0.8132352941176471,0.8203125,0.8125,,0.875,0.875,0.875,0.875,,0.8125,0.8102226720647774,0.8145833333333334,0.8125,,0.8,0.8037037037037038,0.8,0.7981900452488688,0.9791666666666666,0.980072463768116,0.9791666666666666,0.979193899782135,0.75,0.7738095238095237,0.75,0.75,rda,0.979166666666667,"0.625
",,,,,
75,phpdReP6S,0.9337539432176656,0.9130227158073536,0.9131799509288472,0.9337539432176656,,0.9369085173501576,0.9190462634301341,0.921471220092423,0.9369085173501576,,0.9258675078864352,0.9145393008621372,0.9081349775356083,0.9258675078864352,,0.9337539432176656,0.9185299990200952,0.9156412177301674,0.9337539432176656,,0.9337539432176656,0.9108843685412814,0.9129505725886268,0.9337539432176656,,0.9333333333333332,0.9297584136293814,0.9333333333333332,0.931437277805993,0.99,0.9906653851580136,0.99,0.9902090186285486,0.9258675078864352,0.9185971423269624,0.9258675078864352,0.9218151870934176,plsda,0.938421052631579,"0.93217665615142
",0.9290220820189274,0.9099261867953308,0.9034866835045864,0.9290220820189274,
60,phpEZ030X,0.8125,0.8102941176470588,0.8687499999999999,0.8125,,0.75,0.7420634920634921,0.8409090909090908,0.75,,0.875,0.8750000000000001,0.9027777777777778,0.875,,0.6875,0.6685222672064777,0.8177083333333334,0.6875,,0.75,0.75,0.7738095238095237,0.75,,0.6666666666666666,0.6666666666666666,0.6666666666666666,0.6349206349206349,0.875,0.8828125,0.875,0.8722222222222221,0.5625,0.78125,0.5625,0.4962121212121212,svm,1.0,"0.5
",0.6875,0.6685222672064777,0.8177083333333334,0.6875,
77,phpfLuQE4,0.8394871794871794,0.8391347937710497,0.8467712704661886,0.8394871794871794,,0.8194871794871795,0.8193274817616204,0.8237019413035419,0.8194871794871795,,0.8476923076923076,0.8475743592037331,0.8520232173052508,0.8476923076923076,,0.8235897435897437,0.8235884521286381,0.8258344628943318,0.8235897435897437,,0.7861538461538461,0.786141192505326,0.7884581247155212,0.7861538461538462,,0.4170940170940171,0.41701371835151096,0.4170940170940171,0.4170429036720596,0.9969230769230768,0.9969315965883464,0.9969230769230768,0.9969231416646266,0.8215384615384616,0.8231626044875258,0.8215384615384616,0.8215722543520994,plsda,0.650769230769231,"0.621538461538461
",,,,,
78,phpfrJpBS,1.0,1.0,1.0,1.0,,0.9993827160493828,0.9993827472724688,0.9993839848755915,0.9993827160493828,,1.0,1.0,1.0,1.0,,0.9996913580246912,0.9996913659045028,0.9996916755575876,0.9996913580246912,,0.9320987654320988,0.933277997594408,0.9358054901649068,0.9320987654320988,,,,,,,,,,,,,,,,"NA
",1.0,1.0,1.0,1.0,
61,phpGReJjU,1.0,1.0,1.0,1.0,,1.0,1.0,1.0,1.0,,1.0,1.0,1.0,1.0,,1.0,1.0,1.0,1.0,,1.0,1.0,1.0,1.0,,,,,,,,,,,,,,c50,1.0,"1
",,,,,
62,phpGUrE90,0.8712121212121212,0.8719926538108356,0.8737043639004423,0.8712121212121212,,0.8825757575757576,0.8827047053943659,0.8828603336906318,0.8825757575757576,,0.8598484848484849,0.8602952602952604,0.8609733700642792,0.8598484848484849,,0.9015151515151516,0.9015151515151516,0.9015151515151516,0.9015151515151516,,0.0,0.0,0.0,0.0,,0.7899159663865546,0.8168561542263966,0.7899159663865546,0.7954046483458248,0.8710493046776233,0.8705823472594728,0.8710493046776233,0.8707914295433559,0.8712121212121212,0.8707247695983616,0.8712121212121212,0.8709153194983155,svm,0.7648546144121371,"0.715909090909091
",0.8901515151515151,0.8894882933178604,0.8895151091682884,0.8901515151515151,
79,phphQEck0,0.9996409042683424,0.9996410069673536,0.9996414308165223,0.9996409042683424,,0.9995919366685708,0.9995920708546759,0.9995926296471626,0.9995919366685708,,0.9996409042683424,0.9996410069673536,0.9996414308165223,0.9996409042683424,,0.9995592916020566,0.9995594491070116,0.999560108183268,0.9995592916020566,,0.8869338121276422,0.8857212851498345,0.8848400536130826,0.8869338121276422,,,,,,,,,,,,,,neuralnet,0.999450465743884,"0.999494001469028
",,,,,
63,phpHyLSNF,0.8881118881118881,0.87623288332614,0.8877328964741552,0.8881118881118881,,0.9090909090909092,0.8966248919768084,0.9009933248569614,0.9090909090909092,,0.902097902097902,0.8997592689500227,0.9213940100303736,0.902097902097902,,0.9160839160839158,0.9103590484917138,0.9390734265734264,0.9160839160839158,,0.8321678321678321,0.8322220488549089,0.8545984318711592,0.8321678321678322,,0.8992248062015504,0.8969176818014027,0.8992248062015504,0.8920876281341397,1.0,1.0,1.0,1.0,0.8461538461538461,0.8765456765456765,0.8461538461538461,0.8384631395949025,bagging,0.892523364485981,"0.622377622377622
",,,,,
80,phpkIxskf,0.90683889232947,0.8968823745481274,0.8955652361557449,0.90683889232947,,0.9040962576307175,0.8942174791625288,0.8922174138811555,0.9040962576307175,,0.9039193134566044,0.8926059849153856,0.8913496692061796,0.9039193134566044,,0.9039193134566044,0.8926059849153856,0.8913496692061796,0.9039193134566044,,0.8994072370167213,0.8813990582675267,0.8840494092855441,0.8994072370167212,,,,,,,,,,,,,,randomForest,0.9888521882741541,"0.906485003981244
",,,,,
82,phpmcGu2X,0.9296296296296296,0.9300078346583146,0.932257799908662,0.9296296296296296,,0.9666666666666668,0.9657981449446827,0.9683132471095436,0.9666666666666668,,0.9444444444444444,0.9435357531708136,0.9454238166738166,0.9444444444444444,,0.9407407407407408,0.9403225457874212,0.9407806336598908,0.9407407407407408,,0.8037037037037037,0.8212611014930451,0.8625223130778686,0.8037037037037037,,0.9218106995884774,0.9263860400514295,0.9218106995884774,0.9219653162557168,0.9987654320987654,0.99877829218107,0.9987654320987654,0.9987651764719631,0.974074074074074,0.9741781795022536,0.974074074074074,0.9739431513524112,bagging,0.839506172839506,"0.796296296296296
",0.9555555555555556,0.955176709794678,0.9562289562289562,0.9555555555555556,
81,phpmPOD5A,0.948492615647504,0.941536808394926,0.9391723081822873,0.948492615647504,,0.9500793360185524,0.9407301071776488,0.9401391352838314,0.9500793360185524,,0.9460515073843524,0.9361084604637679,0.9336907281456404,0.9460515073843524,,0.9471500061027708,0.9397886115449324,0.9371239311452078,0.9471500061027708,,0.946783839863298,0.9298928509170894,0.934478636144826,0.946783839863298,,0.9213345992133459,0.9314970320048092,0.9213345992133459,0.9259570927048828,0.9357096354166666,0.9567705040226776,0.9357096354166666,0.9433341784239216,0.9126083241791774,0.9357082792995706,0.9126083241791774,0.9222972674674192,c50,0.941975911458333,"0.942511900402783
",0.9506896130843404,0.9401777763404608,0.941075789489072,0.9506896130843404,
83,phpn1jVwe,0.984620886981402,0.9826042340949068,0.9834725205920698,0.984620886981402,,0.984620886981402,0.9830494493192204,0.9832292446986536,0.984620886981402,,0.9792560801144492,0.9759879586043936,0.9760950746556868,0.9792560801144492,,0.9781831187410588,0.9746246758252168,0.9745018921792521,0.9781831187410588,,0.9803290414878396,0.9779456135957376,0.9776716773906612,0.9803290414878396,,0.9849026618990864,0.9828892996224704,0.9849026618990864,0.983049071409442,0.9978538213902468,0.9978585193368571,0.9978538213902468,0.997799171708606,0.9824749642346208,0.9805711175469228,0.9824749642346208,0.9808428420694436,bagging,0.9867652319065219,"0.976037195994278
",0.9835479256080114,0.9820884408867242,0.9819089616753052,0.9835479256080114,
64,phpN4gaxw,0.9971247843588268,0.9971238707433658,0.997141924226638,0.9971247843588268,,0.9965497412305924,0.9965482238002996,0.996561136900761,0.9965497412305924,,0.9959746981023576,0.9959746430757692,0.9959814524097972,0.9959746981023576,,0.9965497412305924,0.9965490732438852,0.9965708618413772,0.9965497412305924,,0.9324324324324323,0.9324023591067804,0.9325885310340062,0.9324324324324323,,,,,,,,,,,,,,,,"NA
",,,,,
65,phpNevWWL,0.7,0.6990172800435575,0.7011966177328386,0.7,,0.7228571428571429,0.7071563030667115,0.7212498602783066,0.7228571428571429,,0.7057142857142857,0.6950020824127665,0.6995720997760959,0.7057142857142857,,0.7014285714285714,0.6918703460794257,0.7004252817209774,0.7014285714285714,,0.7071428571428571,0.6911643794570623,0.6953234755440638,0.7071428571428572,,0.6904761904761905,0.7054654177774209,0.6904761904761905,0.6871109588162535,0.6923809523809524,0.7064286087032914,0.6923809523809524,0.6894361720511829,0.6957142857142857,0.7154883284885205,0.6957142857142857,0.6976751031270979,randomForest,0.7785714285714291,"0.722857142857143
",0.7242857142857143,0.7078370010328108,0.7213637829012365,0.7242857142857143,
84,phpoOxxNn,0.8275,0.8263868770118772,0.8576309523809523,0.8275,,0.8325,0.8273286574536576,0.8691785714285715,0.8325,,0.805,0.8064266011766011,0.8359136904761906,0.805,,0.78,0.7767305333555333,0.8158333333333334,0.78,,0.77,0.7728568237318234,0.8211339285714284,0.77,,0.8055555555555556,0.8230687830687831,0.8055555555555556,0.7969055635722301,1.0,1.0,1.0,1.0,0.825,0.8570089285714285,0.825,0.8200593018093018,svm,0.9991659716430359,"0.855
",,,,,
85,phpoW7Dbi,1.0,1.0,1.0,1.0,,0.9933993399339934,0.9933994837266926,0.9934861907243354,0.9933993399339934,,1.0,1.0,1.0,1.0,,1.0,1.0,1.0,1.0,,0.8943894389438944,0.8943917396270823,0.8944719759532593,0.8943894389438944,,0.9963369963369964,0.9963633488813344,0.9963369963369964,0.9963367996999712,1.0,1.0,1.0,1.0,1.0,1.0,1.0,1.0,naiveBayes,0.526952695269527,"0.488448844884488
",0.9966996699669968,0.9966995261508004,0.9967211006814968,0.9966996699669968,
66,phpPbCMyg,0.6098039215686275,0.5924390066145228,0.5896489969015543,0.6098039215686275,,0.5986928104575163,0.5846911002610752,0.5802150853192805,0.5986928104575163,,0.5895424836601307,0.5740705293470926,0.5685696647609654,0.5895424836601307,,0.5777777777777777,0.5652402580010363,0.5594006306310859,0.5777777777777777,,0.5882352941176471,0.580196973827395,0.5754139807210734,0.5882352941176471,,0.5846042120551924,0.574249313448899,0.5846042120551924,0.5780123680720274,0.98256320836966,0.9828765777293336,0.98256320836966,0.9826007696058976,0.6052287581699346,0.5946587078347445,0.6052287581699346,0.5987892563949362,randomForest,0.9280732345248471,"0.610457516339869
",,,,,
86,phprAeXmK,0.9543850739087434,0.9477165597173016,0.9480784205069898,0.9543850739087434,,0.9558641397806348,0.9496540943262788,0.9501590403253616,0.9558641397806348,,0.9543850739087434,0.9477165597173016,0.9480784205069898,0.9543850739087434,,0.9543850739087434,0.9477165597173016,0.9480784205069898,0.9543850739087434,,0.9327069578466226,0.9292837898215288,0.9265049174517288,0.9327069578466226,,,,,,,,,,,,,,,,,,,,,
67,phpSZJq5T,0.9333333333333332,0.9343604108309992,0.9456790123456792,0.9333333333333332,,0.9,0.9026526010014142,0.9122222222222222,0.9,,0.9333333333333332,0.9327731092436974,0.9429012345679012,0.9333333333333332,,0.9555555555555556,0.9557225853304284,0.9630527497194163,0.9555555555555556,,0.9222222222222224,0.9231779748936612,0.9382323232323232,0.9222222222222224,,0.9753086419753086,0.9802469135802471,0.9753086419753086,0.9749167156574564,1.0,1.0,1.0,1.0,0.9666666666666668,0.9701234567901236,0.9666666666666668,0.9660168940870696,bagging,0.974074074074074,"0.822222222222222
",0.8888888888888888,0.890723923097504,0.8967227833894501,0.8888888888888888,
87,phptd5jYj,0.9423558897243108,0.9424589792078321,0.9457308069426601,0.9423558897243108,,0.9323308270676692,0.9325429986970156,0.9366525103367208,0.9323308270676692,,0.9398496240601504,0.9402455287697544,0.9450262496175148,0.9398496240601504,,0.9298245614035088,0.9299699422065192,0.9347789702859364,0.9298245614035088,,0.8496240601503761,0.8507229104710505,0.8578379525641552,0.849624060150376,,0.9220055710306406,0.9267978620577938,0.9220055710306406,0.922275458583249,1.0,1.0,1.0,1.0,0.924812030075188,0.9283570006922526,0.924812030075188,0.92544605984287,rda,0.989112227805695,"0.93734335839599
",0.924812030075188,0.9246020673411638,0.9272841388159512,0.924812030075188,
68,phpTJRsqa,0.6669387755102041,0.6557533020304906,0.6717434916744222,0.6669387755102041,,0.6620408163265306,0.6459232897792527,0.6868897905789306,0.6620408163265306,,0.6448979591836734,0.6383127035781091,0.6375416468384898,0.6448979591836734,,0.6555102040816326,0.6436433810621424,0.660714298318767,0.6555102040816326,,0.6816326530612246,0.6688972658928601,0.6922181444480155,0.6816326530612244,,0.6188747731397459,0.6154141325207454,0.6188747731397459,0.6078714815134229,1.0,1.0,1.0,1.0,0.6734693877551021,0.6742084138288643,0.6734693877551021,0.6647412983609802,randomForest,1.0,"0.683265306122449
",0.686530612244898,0.6759499424127151,0.6875013378586562,0.686530612244898,
88,phpvcoG8S,,,,,,0.6389066045711405,0.6365553416907217,0.6364915652929614,0.6389066045711405,,0.6353914836183499,0.6352001899930809,0.6350353794504912,0.6353914836183499,,0.6549842042033134,0.648498576172537,0.653111338136424,0.6549842042033134,,0.6419767735045905,0.6251935327503588,0.6446579492026213,0.6419767735045904,,,,,,,,,,,,,,,,"NA
",,,,,
69,phpVeNa5j,0.99633431085044,0.9963352428138412,0.9963413357966192,0.99633431085044,,0.9970674486803521,0.9970689551658828,0.9970768478832996,0.9970674486803521,,0.9970674486803521,0.9970662433111344,0.9970729075421159,0.9970674486803521,,0.9970674486803521,0.9970669872358988,0.9970758114692864,0.9970674486803521,,0.9919354838709676,0.9919269114649878,0.9920632219524692,0.9919354838709676,,0.9926710097719871,0.9927132658044736,0.9926710097719871,0.9926623476421952,0.6671554252199413,0.6774495325533785,0.6671554252199413,0.6699811269410058,0.6524926686217009,0.6634047881818261,0.6524926686217009,0.6553292947136289,randomForest,0.9997556207233629,"0.998533724340176
",0.9978005865102639,0.9977992389731772,0.9978033794162828,0.9978005865102639,
89,phpvtdNPU,0.875,0.8674566174566175,0.8833333333333333,0.875,,0.875,0.8674566174566175,0.8833333333333333,0.875,,0.875,0.8722222222222222,0.8854166666666666,0.875,,0.875,0.8393939393939394,0.8090277777777778,0.875,,0.0,0.0,0.0,0.0,,0.8181818181818182,0.8454545454545456,0.8181818181818182,0.8065656565656567,1.0,1.0,1.0,1.0,0.875,0.8090277777777778,0.875,0.8393939393939394,bagging,1.0,"0.666666666666667
",,,,,
70,phpWfYmlu,0.9736936936936941,0.9736917173670656,0.9738599179799996,0.9736936936936941,,0.9760360360360358,0.9760340732827736,0.9762180809464795,0.9760360360360358,,0.9765765765765764,0.97657405490388,0.9768025156143052,0.9765765765765764,,0.9767567567567568,0.9767550169607518,0.9769186568176011,0.9767567567567568,,0.9747747747747748,0.9747731321174674,0.9749220603549752,0.9747747747747748,,0.9771771771771772,0.9771998978816688,0.9771771771771772,0.97717584313329,0.9801801801801802,0.9802762145075864,0.9801801801801802,0.980177244816935,0.9783783783783784,0.9786026176586284,0.9783783783783784,0.9783761038653832,naiveBayes,0.98018018018018,"0.978378378378378
",0.9778378378378378,0.9778363484078604,0.9779805941733364,0.9778378378378378,
90,phpxijhaP,0.9832432432432432,0.9832425822320264,0.9832884695782176,0.9832432432432432,,0.9832432432432432,0.9832425822320264,0.9832884695782176,0.9832432432432432,,0.9832432432432432,0.9832425822320264,0.9832884695782176,0.9832432432432432,,0.9832432432432432,0.9832427976800104,0.9832705095733062,0.9832432432432432,,0.9843243243243244,0.9843237059589928,0.9843696871401284,0.9843243243243244,,0.9795795795795796,0.9796044039029028,0.9795795795795796,0.9795792701989132,0.9827027027027028,0.9827117293062602,0.9827027027027028,0.9827026218384074,0.9810810810810808,0.9811752683439641,0.9810810810810808,0.9810797155687588,naiveBayes,0.977117117117117,"0.982162162162162
",0.9827027027027028,0.9827021366228637,0.9827383282963152,0.9827027027027028,
71,phpYLeydd,0.6670716889428918,0.6584264875043231,0.6639587387253244,0.6670716889428918,,0.6780072904009721,0.6665793115611629,0.6793450659850735,0.6780072904009721,,0.6666666666666666,0.6610121434822436,0.6627979088649656,0.6666666666666666,,0.6306196840826246,0.6146566424080112,0.6375939794871269,0.6306196840826246,,0.6577561765897124,0.6524026129435856,0.6544331492704426,0.6577561765897124,,0.6588658865886589,0.6612710374788611,0.6588658865886589,0.6486754542933992,1.0,1.0,1.0,1.0,0.28351559335763465,0.17498315803559614,0.28351559335763465,0.1556815464669633,,,"NA
",,,,,
72,phpZrCzJR,0.9913725490196078,0.9902115029563672,0.9908402030645987,0.9913725490196078,,0.9921568627450981,0.9912466099317312,0.9917189550451412,0.9921568627450981,,0.9913725490196078,0.9902115029563672,0.9908402030645987,0.9913725490196078,,0.9913725490196078,0.9902115029563672,0.9908402030645987,0.9913725490196078,,0.9913725490196079,0.9902115029563672,0.9908402030645987,0.9913725490196078,,0.9965156794425089,0.996527948176866,0.9965156794425089,0.9962698719957722,0.9947712418300654,0.9947988269430696,0.9947712418300654,0.9941839792828482,0.983529411764706,0.9854650779447088,0.983529411764706,0.9843890560363858,randomForest,0.99843137254902,"0.992156862745098
",,,,,
91,pokerhand-normalized,0.9985206696221116,0.9982979256394868,0.9984653457431276,0.9985206696221116,,0.9956150718038024,0.9948085058683941,0.9956107039400656,0.9956150718038024,,0.9953401093096512,0.99465859744955,0.9953337357597648,0.9953401093096512,,0.9961505250818856,0.9953486426796292,0.9954549593370862,0.9961505250818856,,0.7944341802499747,0.7744976664496949,0.8039990263832962,0.7944341802499747,,,,,,,,,,,,,,,,"NA
",,,,,
92,schizo,0.9411764705882352,0.9413115224565934,0.9417142857142856,0.9411764705882352,,0.9647058823529412,0.964786913473956,0.9651428571428572,0.9647058823529412,,0.9294117647058824,0.9294117647058824,0.9294117647058824,0.9294117647058824,,0.9764705882352941,0.9763403263403264,0.9773584905660376,0.9764705882352941,,1.0,1.0,1.0,1.0,,0.5974025974025974,0.5975881261595548,0.5974025974025975,0.5965855554896652,0.8627450980392157,0.8680148431152976,0.8627450980392157,0.8623643104071979,0.5647058823529412,0.5977603583426653,0.5647058823529412,0.567845748370093,svm,0.46666666666666706,"0.494117647058824
",,,,,
93,shuttle,0.9997931034482759,0.9997922984775232,0.9997974381088434,0.9997931034482759,,0.9997241379310344,0.999720885303648,0.999728472591602,0.9997241379310344,,0.9998620689655172,0.9998716475095786,0.9999014778325124,0.9998620689655172,,0.9997241379310344,0.9997233203818622,0.9997285029814548,0.9997241379310344,,0.9987586206896552,0.9985326483779106,0.9984150447823666,0.9987586206896552,,,,,,,,,,,,,,c50,0.999977011494253,"0.999793103448276
",,,,,
94,solar-flare_1,0.6962025316455697,0.7136644632964916,0.7332730560578662,0.6962025316455697,,0.7468354430379747,0.7349471252915468,0.7296158882584025,0.7468354430379747,,0.7215189873417721,0.7357341445065907,0.7516110471806674,0.7215189873417721,,0.7594936708860759,0.7449942462600692,0.7490227103499627,0.7594936708860759,,0.7974683544303798,0.7825810046970783,0.7786586719964468,0.7974683544303798,,0.676056338028169,0.6497833152762731,0.676056338028169,0.6535983578237099,0.7881355932203391,0.7431473893338301,0.7881355932203391,0.7625721110876383,0.7721518987341772,0.7507778203980735,0.7721518987341772,0.760168776371308,bagging,0.75,"0.683544303797468
",0.7341772151898734,0.7230227129903941,0.7126160337552743,0.7341772151898734,
95,synthetic_control,0.9666666666666668,0.9665997546559606,0.9667562724014336,0.9666666666666668,,0.9666666666666668,0.9663379119763847,0.9700603318250376,0.9666666666666668,,0.9666666666666668,0.9665997546559606,0.9667562724014336,0.9666666666666668,,0.96,0.9599304202555341,0.9603460159911772,0.96,,0.9666666666666668,0.9663379119763847,0.9700603318250376,0.9666666666666668,,0.9777777777777776,0.9804444444444446,0.9777777777777776,0.9776322967812328,1.0,1.0,1.0,1.0,0.16666666666666666,0.027777777777777773,0.16666666666666666,0.047619047619047616,rda,1.0,"0.973333333333333
",0.9866666666666668,0.9866506165307654,0.9871381306865178,0.9866666666666668,
96,tumors_C,0.6,0.6,0.6,0.6,,0.6666666666666666,0.6772486772486773,0.6933333333333334,0.6666666666666666,,0.4666666666666667,0.4933333333333333,0.5333333333333333,0.4666666666666667,,0.6,0.6,0.6,0.6,,0.6,0.6,0.6,0.6,,0.6428571428571429,0.6285714285714287,0.6428571428571429,0.6324143692564744,0.9111111111111112,0.9164192532613584,0.9111111111111112,0.9119341563786008,0.4666666666666667,0.5904761904761905,0.4666666666666667,0.4962962962962963,svm,0.9777777777777779,"0.6
",0.6666666666666666,0.5866666666666667,0.5238095238095238,0.6666666666666666,
97,umistfacescropped,0.9652777777777778,0.9668016127391128,0.9794523442092888,0.9652777777777778,,0.9675925925925926,0.9691917650250982,0.9816027336860672,0.9675925925925926,,0.9652777777777778,0.9674272486772488,0.9817460317460319,0.9652777777777778,,0.9652777777777778,0.9674272486772488,0.9817460317460319,0.9652777777777778,,0.0,0.0,0.0,0.0,,,,,,,,,,,,,,svm,1.0,"0.993055555555556
",,,,,
98,vowel,1.0,1.0,1.0,1.0,,1.0,1.0,1.0,1.0,,0.9986559139784946,0.9986700593470664,0.998717008797654,0.9986559139784946,,0.9986559139784946,0.9986700593470664,0.998717008797654,0.9986559139784946,,1.0,1.0,1.0,1.0,,0.9506726457399104,0.9572301318676316,0.9506726457399104,0.9529873725435618,1.0,1.0,1.0,1.0,0.9153225806451613,0.8378154266389178,0.9153225806451613,0.8748556876061121,randomForest,1.0,"1
",1.0,1.0,1.0,1.0,
99,wine-quality-red,0.6783333333333333,0.6561810613567093,0.6427111418722152,0.6783333333333333,,0.6783333333333333,0.6551103818691569,0.6420336081713628,0.6783333333333333,,0.6633333333333332,0.6438949507006908,0.6371702616756072,0.6633333333333332,,0.6458333333333334,0.6278235621363301,0.6232169100886898,0.6458333333333334,,0.6975000000000001,0.6792353350287748,0.6703716793537362,0.6975000000000001,,0.575,0.5575473086627418,0.575,0.5655944147860551,0.8198498748957465,0.8216551722481109,0.8198498748957465,0.8182036334049573,0.635,0.6247605263157895,0.635,0.6193601722497621,bagging,0.8924103419516259,"0.6425
",0.6866666666666666,0.6673174755718455,0.6592209567039721,0.6866666666666666,
