FirstPerson,InnerThinking,ThinkPositive,ThinkNegative,ThinkAhead,ThinkBack,Reasoning,Share_SocTies,Direct_Activity,Interacting,Notifying,LinearGuidance,WordPicture,SpaceInterval,Motion,PastEvents,TimeInterval,ShiftingEvents,Text_Coverage,Genre,Counter,Corpus,class
1.8,2.35,0.55,2.1,1.09,0.5,2.73,1.59,0.13,1.68,1.8,5.41,6.08,1.89,0.46,2.77,0.92,0.63,34.48,10,391,1,110
1.13,3.17,0.45,0.63,2.22,0.45,2.63,0.86,0.05,0.68,2.54,2.72,9.24,2.67,1.5,0.91,1.68,1.54,35.07,5,607,2,205
0.0,2.01,0.7,1.44,2.31,1.22,2.49,2.53,0.44,0.13,2.57,2.66,4.45,0.65,0.26,1.09,1.22,0.87,27.04,2,50,1,102
0.79,3.99,0.74,0.88,1.58,0.26,4.03,1.97,0.35,0.88,3.16,5.65,5.83,1.05,0.74,1.75,1.62,1.01,36.28,2,54,1,102
0.0,2.39,0.87,0.95,0.82,1.13,3.91,0.69,0.04,0.69,1.78,7.68,11.55,2.86,1.17,3.99,0.74,0.82,42.08,14,463,1,114
0.0,0.94,0.35,0.63,0.86,0.27,1.49,0.98,0.04,0.16,2.62,5.56,7.44,1.41,1.17,2.9,1.33,0.9,29.05,6,176,1,106
3.2,6.05,0.98,1.96,1.2,0.45,4.54,2.05,0.18,0.89,2.76,5.03,4.72,0.45,0.0,0.89,1.07,0.76,37.18,7,259,1,107
0.08,1.8,0.37,0.45,0.37,1.14,2.16,1.51,0.04,0.0,2.37,1.67,3.59,0.37,0.37,1.31,1.27,0.29,19.16,9,366,1,109
0.0,1.47,0.52,0.65,0.91,0.78,1.6,1.94,0.13,0.0,2.67,2.37,4.53,1.34,0.22,2.07,1.38,0.34,22.92,8,275,1,108
0.04,1.45,0.29,1.04,1.45,0.46,1.37,2.37,0.08,0.0,2.24,4.4,6.65,1.08,0.5,2.58,1.2,0.54,27.74,1,22,1,101
0.6,3.17,2.01,1.07,0.86,0.43,2.61,1.92,0.13,0.09,2.95,4.45,5.65,0.98,0.81,1.33,1.33,0.77,31.16,3,75,1,103
0.13,2.15,2.06,2.19,1.76,0.64,2.75,3.91,0.17,0.09,2.62,3.86,1.42,0.77,0.09,1.46,0.39,0.34,26.8,8,773,2,208
0.35,2.87,0.87,0.61,1.35,0.43,2.69,1.0,0.04,0.35,1.82,5.56,7.25,2.39,1.17,3.73,1.17,1.13,34.78,10,401,1,110
2.46,2.88,0.85,0.81,1.15,0.42,2.76,1.44,0.3,0.81,2.97,6.28,6.36,1.1,0.38,1.78,1.31,0.51,34.57,14,472,1,114
0.0,3.23,0.43,1.29,0.56,0.99,2.62,2.28,0.17,0.26,3.66,3.31,3.35,0.77,0.09,1.12,1.55,1.29,26.97,7,250,1,107
0.58,4.36,0.4,1.78,2.18,0.53,4.85,4.09,0.62,0.49,3.56,4.36,1.78,0.27,0.04,0.98,0.4,0.27,31.54,4,592,2,204
1.05,1.81,0.72,0.56,0.76,1.69,1.45,0.97,0.24,1.29,1.93,10.41,7.8,2.81,0.88,3.38,0.88,0.76,39.39,10,402,1,110
0.43,3.72,1.04,1.25,1.17,1.21,3.16,1.38,0.3,0.52,2.55,6.44,6.83,1.3,0.39,3.03,0.87,0.99,36.58,14,467,1,114
0.22,3.06,1.15,1.33,1.77,0.04,3.42,1.38,0.98,2.97,2.4,1.73,6.57,2.09,1.6,0.71,1.64,1.33,34.39,5,638,2,205
1.3,2.77,0.74,1.43,1.26,0.48,3.51,1.26,0.17,1.26,2.38,7.15,7.36,2.08,0.56,2.51,1.04,1.0,38.26,14,464,1,114
0.0,2.45,0.67,2.62,1.51,0.4,2.54,2.14,0.44,0.36,2.58,2.45,3.69,0.98,0.71,3.02,2.8,0.71,30.07,5,615,2,205
0.0,3.52,0.94,1.2,1.5,0.34,3.47,1.59,0.21,0.6,3.39,3.9,4.46,1.03,0.51,1.03,1.76,0.51,29.96,9,333,1,109
0.0,3.15,0.13,0.35,0.66,0.71,2.22,0.98,0.35,0.0,2.57,2.62,4.88,1.2,0.13,1.2,1.86,0.44,23.45,9,295,1,109
0.0,1.37,0.3,0.3,0.82,0.17,1.29,1.12,0.17,0.04,2.28,2.41,6.31,1.63,0.26,1.89,1.76,0.82,22.94,9,350,1,109
0.0,3.77,0.86,1.33,1.76,0.77,2.61,3.81,0.17,0.0,2.83,4.41,3.3,0.43,0.04,1.8,3.3,0.47,31.66,6,180,1,106
0.0,1.8,0.73,0.51,0.77,0.13,1.54,1.41,0.17,0.17,3.68,2.06,6.26,0.77,0.47,1.93,1.2,0.64,24.24,5,139,1,105
0.0,2.89,0.57,3.07,1.4,0.61,2.63,2.46,0.26,0.83,3.59,2.67,1.58,0.61,0.09,1.14,1.71,0.75,26.86,9,819,2,209
0.39,1.79,0.66,0.83,1.05,0.09,1.14,0.57,0.22,0.04,2.45,4.11,3.02,3.19,0.87,3.94,1.62,1.09,27.07,1,508,2,201
0.72,3.11,0.55,2.17,1.28,0.72,1.58,2.13,0.09,0.09,2.3,7.33,5.67,1.28,0.38,3.28,1.02,0.72,34.42,7,738,2,207
0.0,2.63,0.8,2.01,1.52,0.31,2.81,4.64,0.22,0.22,3.7,3.03,4.73,0.67,0.4,1.7,1.52,0.54,31.45,6,156,1,106
0.04,3.57,0.57,1.41,1.72,0.18,2.95,2.86,0.57,2.78,3.26,2.03,7.0,0.53,0.35,1.23,1.28,0.35,32.68,6,656,2,206
0.31,1.8,0.04,1.97,1.14,0.7,2.37,1.54,0.18,0.92,1.97,3.86,12.2,2.94,0.39,3.03,0.83,1.18,37.37,10,901,2,210
0.04,3.07,2.3,1.24,0.85,0.34,2.98,2.04,0.21,0.17,2.34,4.43,5.62,0.85,0.68,2.09,1.58,0.72,31.55,3,74,1,103
0.76,3.25,0.85,0.85,1.23,0.68,3.0,1.1,0.17,1.18,2.32,7.44,6.89,2.07,0.85,2.32,1.39,1.01,37.36,14,966,2,214
0.0,1.82,0.76,0.72,0.93,0.68,1.95,1.19,0.17,0.38,2.84,2.71,8.51,2.29,0.85,2.03,1.48,1.06,30.37,5,610,2,205
0.0,2.76,0.49,0.76,1.51,0.76,2.89,1.91,0.22,0.18,2.49,3.73,4.27,0.84,0.13,1.33,1.2,0.8,26.27,8,269,1,108
0.48,2.64,1.04,1.39,0.82,0.56,2.82,3.03,0.09,0.04,2.9,5.37,5.59,1.13,0.09,2.04,1.13,1.39,32.55,7,207,1,107
3.9,1.76,0.69,0.81,0.9,0.56,1.76,1.2,0.3,1.11,2.78,5.18,10.8,1.93,1.2,1.63,0.86,1.03,38.4,14,976,2,214
0.64,3.08,0.81,1.11,1.29,0.9,2.87,1.16,0.13,1.16,2.19,8.1,5.57,1.37,0.56,3.47,1.33,0.6,36.34,12,931,2,212
0.0,1.04,0.68,0.56,0.8,0.0,2.76,1.76,0.4,0.0,2.48,3.37,3.37,0.44,0.0,1.72,0.84,0.4,20.62,8,765,2,208
0.25,2.21,0.94,0.49,0.37,0.57,2.21,1.68,0.12,0.53,3.2,4.51,5.0,0.45,0.12,1.8,1.88,0.41,26.74,7,730,2,207
0.0,2.73,0.52,0.52,0.52,0.35,2.73,0.87,0.26,0.0,1.82,2.17,4.85,1.56,1.78,2.43,1.04,0.48,24.63,9,817,2,209
1.3,3.95,1.35,1.21,1.93,0.67,3.37,3.32,0.36,1.35,2.79,3.1,4.04,0.85,0.22,1.21,1.39,0.81,33.22,9,356,1,109
1.11,2.18,0.32,2.3,0.91,0.32,1.75,1.27,0.2,1.55,1.67,9.4,7.38,2.7,0.83,3.57,0.6,0.91,38.97,13,957,2,213
0.0,2.51,0.74,2.1,0.99,0.25,2.6,1.61,0.08,0.12,2.51,3.21,7.29,1.07,0.21,0.74,1.36,0.37,27.76,3,88,1,103
0.0,2.95,0.79,0.7,2.16,0.92,2.95,2.33,0.22,0.22,2.6,2.11,2.55,0.88,0.13,0.79,1.76,0.75,24.81,7,701,2,207
0.54,2.08,0.58,0.67,1.62,1.12,2.41,1.04,0.29,0.46,2.33,7.99,4.24,1.04,0.37,3.16,1.66,1.75,33.35,7,256,1,107
0.22,3.56,1.04,2.34,1.43,0.61,3.56,3.52,0.13,0.48,2.52,9.24,3.69,0.3,0.09,2.99,1.0,0.69,37.41,7,694,2,207
0.4,2.92,0.45,2.11,1.44,1.03,3.01,3.64,0.4,0.22,2.47,5.34,3.82,0.81,0.18,1.17,1.35,0.67,31.43,4,98,1,104
1.01,2.68,1.17,0.88,1.93,1.22,2.18,1.17,0.42,1.55,1.47,9.48,5.83,2.56,0.8,2.81,1.05,1.51,39.72,14,978,2,214
1.27,2.63,1.44,1.15,1.7,0.3,2.46,3.35,0.72,2.37,3.05,5.17,4.71,1.15,0.42,1.53,1.27,0.55,35.24,4,597,2,204
0.55,2.9,1.26,1.68,0.59,0.42,2.15,1.81,0.04,0.29,2.52,3.87,5.47,1.35,0.59,0.93,1.47,0.88,28.77,15,499,1,115
0.57,3.0,0.84,1.46,2.43,0.31,2.56,5.51,0.66,0.31,1.94,3.18,2.34,0.93,0.18,0.93,1.72,0.75,29.62,7,224,1,107
1.12,2.78,1.7,1.2,0.83,0.25,3.36,2.4,0.25,0.75,2.74,3.73,5.51,0.54,0.17,0.83,0.79,0.37,29.32,7,696,2,207
0.71,2.41,0.76,1.34,1.43,0.54,3.03,3.17,0.22,0.85,2.68,4.51,2.86,0.85,0.27,1.96,1.07,0.62,29.28,7,210,1,107
0.57,3.66,1.22,1.05,1.48,0.22,2.7,3.57,0.39,0.52,4.01,3.88,3.18,0.35,0.35,0.57,1.48,0.52,29.72,7,232,1,107
0.0,1.33,0.6,0.77,0.77,0.3,1.94,1.64,0.04,0.04,1.33,2.97,10.67,1.33,0.56,3.74,1.2,0.77,30.0,6,676,2,206
0.04,2.51,1.36,1.06,1.5,0.31,2.46,2.11,0.35,0.62,3.39,3.52,7.87,0.7,0.84,1.54,1.06,0.97,32.21,2,57,1,102
1.61,2.03,0.54,1.28,0.99,0.33,3.22,2.36,0.25,1.94,2.56,3.6,4.09,0.41,0.04,1.61,1.49,0.83,29.18,6,663,2,206
0.04,2.85,0.22,1.21,1.38,0.3,1.99,0.91,0.26,0.13,3.11,3.28,7.77,1.25,0.69,1.64,0.99,0.78,28.8,6,687,2,206
0.41,2.73,0.95,1.28,0.87,0.91,3.23,1.28,0.21,0.54,1.91,9.49,7.08,2.44,0.41,3.44,1.37,0.87,39.42,10,375,1,110
0.0,1.66,0.12,0.24,1.01,0.0,2.79,0.73,1.98,0.4,2.43,2.59,6.39,1.98,1.46,1.66,0.93,0.93,27.3,5,112,1,105
0.5,2.61,0.41,1.58,1.67,0.32,2.12,4.06,0.32,0.72,3.52,3.65,3.88,0.72,0.27,1.13,1.31,0.72,29.51,2,62,1,102
1.38,3.31,0.58,1.19,0.96,0.65,2.58,1.46,0.27,3.31,1.96,8.88,6.0,1.65,0.38,2.62,0.73,0.96,38.87,11,908,2,211
0.08,1.33,0.92,1.37,1.29,0.25,1.75,1.83,0.37,0.33,2.54,3.08,5.79,1.29,0.37,0.62,0.75,0.5,24.46,3,587,2,203
3.01,3.49,0.88,0.88,1.48,0.4,2.44,1.04,0.56,2.57,2.0,9.3,4.57,1.72,0.36,2.81,1.2,1.2,39.91,14,989,2,214
0.0,1.86,0.52,1.39,1.26,0.65,1.21,2.9,0.22,0.09,2.3,4.07,4.07,0.91,0.69,3.73,2.25,1.0,29.12,9,824,2,209
0.17,1.94,0.72,0.59,0.68,0.59,1.82,2.41,0.38,0.25,3.0,5.53,7.56,0.55,0.21,1.31,2.03,0.34,30.08,9,858,2,209
0.53,2.42,0.79,0.88,0.92,0.4,1.62,0.66,0.0,0.18,2.72,3.12,4.57,2.37,0.83,2.9,0.57,0.83,26.31,1,13,1,101
0.9,3.41,0.66,4.4,0.99,0.41,3.46,2.47,0.29,1.07,2.26,4.07,3.04,0.74,0.29,1.11,2.22,0.7,32.49,6,644,2,206
0.49,2.84,0.82,0.78,1.2,0.25,3.92,1.81,0.25,0.04,2.84,5.98,7.01,0.7,0.0,1.03,1.32,0.37,31.65,7,715,2,207
0.94,2.83,0.98,1.39,0.9,0.78,2.62,2.91,0.25,1.89,2.75,4.63,4.1,0.66,0.16,1.72,0.98,0.82,31.31,7,206,1,107
1.78,2.38,0.89,0.85,0.93,0.61,2.71,1.09,0.12,2.02,2.18,9.78,6.3,2.42,0.57,2.99,0.61,0.85,39.08,10,879,2,210
0.0,2.45,0.67,0.8,2.05,0.49,3.12,2.09,0.4,4.36,3.47,1.78,3.03,0.89,0.13,1.02,3.07,0.45,30.27,5,133,1,105
1.04,2.52,0.56,2.0,1.74,0.35,2.91,2.35,0.3,0.78,2.91,3.08,4.39,0.83,0.26,1.43,1.04,0.35,28.84,2,558,2,202
0.21,3.02,0.66,1.16,1.12,0.79,2.73,1.03,0.25,0.87,2.69,9.67,8.06,2.11,1.12,1.82,0.54,0.87,38.72,11,917,2,211
0.09,2.4,1.76,1.46,1.2,0.73,2.53,2.23,0.47,0.17,2.92,4.59,2.96,1.12,0.56,1.72,1.03,1.37,29.31,1,534,2,201
2.1,2.42,0.45,0.95,0.82,0.37,1.69,0.62,0.33,1.07,1.64,8.55,8.59,2.22,0.49,3.08,0.62,0.82,36.83,10,889,2,210
1.85,2.79,0.63,1.02,0.55,0.47,1.77,1.1,0.04,2.44,1.81,8.48,7.07,2.28,0.55,3.42,1.02,0.94,38.23,13,937,2,213
0.59,2.37,1.11,0.95,1.14,0.47,1.3,1.22,0.36,1.5,1.97,8.69,6.08,2.21,0.95,3.55,1.22,0.47,36.15,12,928,2,212
0.0,1.47,0.08,1.77,0.25,0.51,1.39,1.89,0.08,0.0,1.68,1.98,6.99,0.97,0.04,3.92,1.81,0.55,25.38,9,309,1,109
0.0,3.69,0.58,1.17,0.99,0.22,4.36,2.56,0.27,0.67,3.42,3.46,3.46,0.58,0.18,1.53,1.39,0.31,28.84,9,351,1,109
0.55,2.9,0.51,1.28,0.81,0.43,2.69,3.59,0.3,0.6,3.76,3.97,2.6,0.94,0.13,2.35,1.32,0.6,29.33,4,603,2,204
0.21,1.88,1.5,0.79,0.63,0.46,2.59,1.75,0.13,0.08,2.46,5.18,4.47,0.54,0.25,2.72,1.75,1.13,28.52,7,714,2,207
0.04,1.77,0.44,0.66,1.24,0.53,1.24,1.33,0.09,0.27,2.22,2.84,9.22,2.3,1.33,2.44,1.77,1.24,30.97,6,146,1,106
0.0,3.67,0.86,0.65,0.86,0.43,3.2,1.77,0.3,0.6,2.63,4.1,4.84,0.91,0.43,2.25,1.47,0.82,29.79,3,73,1,103
0.53,2.63,0.28,0.12,0.81,0.0,2.43,1.21,0.28,0.77,4.37,3.56,0.85,0.77,0.16,1.82,0.65,0.2,21.44,9,804,2,209
0.04,2.79,1.59,1.05,0.47,0.35,2.17,2.21,0.31,0.19,2.64,4.15,5.04,0.74,0.89,1.71,1.74,0.47,28.55,3,85,1,103
0.26,3.3,0.39,0.99,0.69,0.13,3.34,3.04,0.13,0.26,2.44,2.74,5.14,1.11,0.21,2.01,0.81,0.56,27.55,6,673,2,206
1.04,2.4,0.29,1.41,1.2,0.7,2.03,1.24,0.12,1.12,2.03,9.44,6.92,1.9,0.83,2.57,0.91,1.16,37.31,10,396,1,110
0.0,2.76,1.14,1.01,1.18,0.48,2.76,2.93,0.09,0.0,3.2,2.32,2.71,0.53,0.26,2.67,4.51,0.83,29.38,9,331,1,109
0.0,2.87,0.73,0.9,0.94,0.38,4.02,2.22,0.21,0.73,2.99,3.93,3.42,1.24,0.26,1.54,0.77,0.68,27.83,7,219,1,107
1.72,3.17,0.74,1.25,0.74,0.16,1.68,1.41,0.47,1.33,1.88,9.03,7.16,1.53,0.63,3.44,0.74,0.51,37.59,13,946,2,213
0.09,2.07,1.23,1.28,1.54,0.57,3.04,2.24,0.31,0.84,2.99,2.9,5.54,1.36,0.31,1.06,2.55,0.53,30.45,5,136,1,105
0.17,3.77,0.55,1.02,1.48,0.47,2.79,1.27,0.25,0.55,2.88,6.22,4.7,0.64,0.64,1.06,1.52,0.97,30.95,1,541,2,201
0.39,3.07,0.82,1.73,1.73,0.47,3.41,2.37,0.39,0.26,2.68,5.61,4.36,0.73,0.26,2.03,1.86,0.47,32.64,2,568,2,202
0.14,4.32,0.68,1.62,1.04,0.41,4.14,4.73,0.27,0.23,3.42,3.47,4.01,0.54,0.14,0.81,1.26,0.45,31.68,1,35,1,101
2.79,2.67,0.49,1.21,0.77,0.36,2.27,0.93,0.61,1.78,2.06,7.53,7.77,2.11,0.65,2.63,1.17,0.93,38.73,11,423,1,111
2.17,3.71,0.87,1.42,1.18,1.18,3.0,0.95,0.28,2.21,1.74,8.95,5.21,2.09,0.35,3.51,0.87,0.75,40.44,14,476,1,114
0.0,1.49,0.38,0.26,0.94,0.38,1.75,1.02,0.09,0.17,2.73,2.6,5.34,1.37,0.3,1.45,1.49,0.68,22.44,1,26,1,101
1.19,2.65,0.4,3.44,1.85,0.53,3.57,4.32,0.84,0.49,2.74,3.35,3.93,1.46,0.13,0.84,1.41,0.71,33.85,8,794,2,208
0.38,1.73,0.97,0.84,1.27,0.59,2.4,1.9,0.21,0.25,2.99,4.98,4.01,1.22,0.72,2.83,1.27,1.35,29.91,1,15,1,101
0.0,2.63,0.4,0.58,2.0,0.22,2.09,2.05,0.8,1.43,2.72,1.47,6.24,1.34,2.32,1.92,0.94,0.76,29.91,5,122,1,105
0.3,3.33,1.0,2.21,1.47,0.74,3.25,3.98,0.3,0.26,2.82,5.02,3.64,0.74,0.74,1.08,0.95,0.39,32.22,3,87,1,103
0.04,2.83,0.74,1.83,1.48,0.83,3.09,2.44,0.31,0.09,2.92,3.7,5.4,1.53,0.39,0.87,1.26,0.83,30.58,2,49,1,102
0.22,6.11,0.87,2.34,1.47,0.04,4.5,3.77,0.48,0.17,2.99,4.76,1.13,0.87,0.35,0.87,0.78,0.69,32.41,4,99,1,104
0.04,2.73,0.26,0.57,0.97,0.53,2.51,2.69,0.22,0.04,2.33,3.26,2.64,0.88,0.22,2.07,2.64,0.44,25.04,6,662,2,206
1.28,2.52,0.7,1.16,1.07,0.99,3.14,0.66,0.37,1.69,2.15,9.17,5.79,2.19,0.7,3.47,0.79,1.57,39.41,13,438,1,113
0.38,2.43,1.15,1.36,2.0,0.68,1.96,2.13,0.26,0.09,2.09,4.05,4.18,1.28,0.6,1.32,0.98,1.11,28.05,2,55,1,102
0.0,1.59,0.75,0.7,1.54,0.44,2.07,2.73,0.35,0.13,3.26,3.17,8.33,0.88,1.63,1.54,1.81,0.4,31.32,6,667,2,206
0.0,2.92,0.8,0.63,3.51,0.17,3.3,3.17,1.31,0.08,3.09,3.3,1.27,0.55,0.04,1.35,2.07,1.1,28.66,8,266,1,108
0.13,2.93,0.81,1.53,0.64,0.51,2.59,1.27,0.17,0.21,2.12,3.82,8.66,1.1,0.59,1.7,1.61,0.93,31.32,2,68,1,102
0.58,2.74,0.54,1.62,1.25,0.75,2.57,1.87,0.29,0.66,1.87,6.64,5.56,0.87,0.5,2.62,1.12,0.54,32.59,7,234,1,107
0.33,1.19,0.95,0.25,1.36,0.25,0.62,1.15,0.37,0.29,2.18,2.6,6.88,0.87,0.49,1.24,1.36,0.91,23.29,1,17,1,101
0.56,4.71,0.77,1.45,1.2,0.94,4.66,2.35,0.21,1.54,2.52,6.33,2.52,1.11,0.34,2.31,1.07,0.73,35.32,12,430,1,112
1.04,2.13,0.8,1.12,0.76,0.48,2.57,1.16,0.24,2.09,1.2,9.43,8.99,2.45,1.16,3.37,0.96,0.72,40.67,14,478,1,114
0.3,2.24,1.16,1.42,0.86,2.45,2.15,1.16,0.09,0.39,2.15,6.76,7.71,1.55,0.39,2.67,1.33,1.59,36.37,14,986,2,214
0.33,3.43,1.38,2.34,1.09,0.63,3.68,4.01,0.25,0.54,2.55,6.52,3.68,0.75,0.21,2.34,1.04,0.46,35.23,4,93,1,104
0.3,2.58,1.2,1.81,1.16,0.43,2.28,2.75,0.39,0.43,2.15,4.64,6.1,0.73,0.56,1.76,1.12,0.77,31.16,2,548,2,202
0.56,2.84,0.6,1.55,1.68,0.56,2.97,2.23,0.3,0.95,1.8,4.56,6.66,0.77,0.47,2.02,1.8,0.69,33.01,2,550,2,202
0.56,2.88,0.99,2.8,1.64,0.3,2.93,3.79,0.04,0.43,2.71,5.34,5.85,0.65,0.17,0.9,1.51,0.9,34.39,7,705,2,207
0.9,1.65,0.78,0.75,0.98,0.35,1.61,1.22,0.2,0.86,1.53,9.06,10.28,3.26,1.37,2.0,1.22,1.02,39.04,14,980,2,214
0.04,3.21,0.91,2.08,1.73,0.56,3.9,2.99,0.3,0.43,2.6,3.25,5.37,0.52,0.43,2.08,1.6,0.56,32.56,2,556,2,202
4.72,2.54,1.56,0.94,1.11,0.76,2.05,2.14,0.04,1.07,1.74,3.43,6.51,1.83,0.53,2.27,1.25,1.29,35.78,10,403,1,110
2.3,2.66,0.66,1.24,1.28,0.4,2.52,4.03,0.35,0.31,3.32,4.47,3.67,0.93,0.18,1.33,1.02,0.75,31.42,7,244,1,107
0.09,1.88,0.55,0.3,1.32,0.0,1.07,4.69,0.04,0.0,2.22,3.84,1.54,1.41,0.13,1.75,0.38,0.3,21.51,8,779,2,208
0.3,1.87,1.04,1.17,1.35,1.61,2.3,1.3,0.26,0.17,2.74,4.43,8.61,2.3,0.57,2.43,1.52,1.22,35.19,7,230,1,107
0.04,2.45,0.21,1.54,0.6,0.9,2.23,1.07,0.34,0.34,1.8,6.18,8.84,3.6,2.27,4.93,1.37,1.12,39.83,11,422,1,111
0.56,3.61,0.61,1.61,2.13,0.39,3.52,3.82,0.78,0.35,3.04,2.87,2.78,0.7,0.22,1.13,1.35,0.65,30.12,7,211,1,107
1.55,2.22,0.55,1.43,1.3,0.42,2.39,1.72,0.17,0.59,1.76,6.5,7.3,0.55,0.42,2.06,0.88,1.01,32.82,1,516,2,201
0.0,2.13,0.17,2.26,0.52,0.61,3.26,1.95,0.35,0.09,2.04,1.78,3.52,0.48,0.04,1.26,1.35,0.87,22.68,9,800,2,209
0.0,2.27,0.34,1.54,0.77,0.47,3.05,3.9,0.21,0.0,3.17,3.22,4.63,1.42,0.43,1.37,1.72,0.34,28.85,9,836,2,209
0.04,1.37,0.58,0.25,1.91,0.29,1.29,1.66,0.17,0.33,3.12,2.66,7.15,1.08,0.58,0.79,1.16,0.75,25.18,1,31,1,101
0.72,1.83,0.93,0.42,0.93,0.68,2.51,2.0,0.04,0.47,2.8,6.84,5.74,0.59,0.25,3.14,1.44,0.72,32.05,7,223,1,107
0.87,1.48,0.87,1.61,1.11,0.45,1.98,1.44,0.33,1.03,1.69,6.43,7.46,3.09,1.03,3.59,0.99,0.66,36.11,13,959,2,213
0.04,3.15,1.4,2.27,1.57,0.48,1.75,3.15,0.26,0.13,1.97,6.52,6.3,1.27,0.35,1.71,0.83,0.83,33.98,7,727,2,207
0.62,3.1,1.28,1.65,1.03,0.66,1.82,1.82,0.17,0.25,2.03,7.53,6.66,1.9,0.45,3.18,1.2,0.7,36.05,13,954,2,213
0.13,3.8,0.67,0.98,1.21,0.36,4.03,2.37,0.31,0.04,2.28,3.63,4.34,0.22,0.13,1.97,1.43,0.18,28.08,9,361,1,109
0.13,2.58,0.85,0.72,0.89,0.21,2.41,1.4,0.17,0.08,2.45,4.36,7.78,2.62,0.85,1.44,1.14,0.76,30.84,7,194,1,107
0.09,2.44,0.53,1.11,1.69,0.36,3.68,3.15,0.4,0.04,3.64,2.84,0.71,0.67,0.27,1.33,0.75,0.98,24.68,9,335,1,109
0.17,2.16,0.42,1.82,1.1,0.85,1.82,1.31,0.0,0.17,2.92,4.15,6.64,1.82,0.47,2.5,0.93,1.02,30.27,6,658,2,206
0.66,2.74,0.54,2.82,1.33,0.58,1.83,0.75,0.29,1.74,1.49,7.68,6.35,3.07,1.54,4.4,0.79,0.79,39.39,13,445,1,113
0.0,1.82,0.84,0.93,1.15,0.44,1.37,2.66,0.31,0.13,2.26,3.32,5.76,1.02,0.4,2.79,1.6,0.44,27.24,6,652,2,206
0.04,4.53,0.26,1.21,1.12,0.56,3.88,3.41,0.69,0.43,3.66,5.09,2.37,0.43,0.0,1.08,1.03,0.6,30.39,4,90,1,104
0.34,3.86,0.17,1.53,1.23,1.91,3.69,1.19,0.38,0.89,1.82,6.69,6.44,1.95,0.68,3.14,0.89,0.97,37.77,11,412,1,111
3.01,3.96,0.87,2.15,1.4,1.03,3.26,1.07,0.17,1.36,1.73,7.26,4.5,1.2,0.41,2.64,1.2,0.41,37.63,14,480,1,114
0.0,3.75,0.18,1.46,1.19,0.53,2.96,3.44,0.13,0.04,3.35,1.28,3.18,0.57,0.0,1.32,1.68,0.44,25.5,9,871,2,209
0.22,2.97,0.47,0.77,1.16,1.16,2.11,1.81,0.04,0.39,3.18,5.16,4.82,1.03,0.34,1.51,1.81,0.6,29.55,1,542,2,201
1.16,3.79,1.12,1.16,1.16,0.77,3.83,1.03,0.3,1.38,3.06,7.06,3.27,1.51,0.47,3.01,0.99,1.33,36.4,12,929,2,212
0.35,1.53,0.74,2.27,0.79,0.7,2.36,1.79,0.26,0.13,2.36,6.08,5.16,1.4,0.48,3.06,1.01,1.05,31.52,6,161,1,106
0.61,2.26,0.32,1.21,0.93,0.44,2.18,0.69,0.04,1.69,1.9,6.49,7.38,2.38,0.56,3.79,1.05,0.93,34.85,13,947,2,213
1.56,2.47,1.17,0.95,0.91,0.26,1.82,0.91,0.13,1.08,3.94,5.41,4.89,0.91,0.43,2.12,1.21,1.26,31.43,5,635,2,205
0.0,1.58,0.62,0.66,1.04,0.58,1.37,1.91,0.33,0.17,2.36,2.9,4.56,0.54,0.79,2.03,1.58,0.58,23.6,5,632,2,205
0.83,1.79,0.54,1.79,1.13,1.38,2.46,1.17,0.0,1.54,1.54,8.31,7.26,1.92,0.67,4.09,1.13,0.5,38.05,13,440,1,113
0.17,1.19,0.51,1.06,1.61,0.55,1.7,2.21,0.21,0.13,2.34,5.05,6.07,1.02,0.81,2.08,1.06,0.98,28.75,1,14,1,101
0.22,3.32,1.85,1.51,0.69,0.26,2.33,1.72,0.17,0.95,2.03,5.91,6.64,0.69,0.56,1.47,1.51,0.52,32.35,3,584,2,203
0.33,1.85,0.45,0.74,1.11,0.41,1.72,1.03,0.08,0.08,2.34,3.16,6.53,1.48,0.45,2.79,1.85,1.15,27.55,1,42,1,101
0.6,2.41,1.0,0.68,0.72,0.88,1.73,1.13,0.24,1.09,2.29,8.84,8.76,2.05,0.84,3.38,1.17,1.21,39.02,13,452,1,113
0.34,2.27,0.64,1.03,1.54,0.47,3.25,1.58,0.26,0.86,2.78,6.11,3.08,1.24,0.86,1.45,1.33,1.37,30.46,1,507,2,201
1.95,2.43,0.88,1.19,0.72,0.2,2.87,1.07,0.28,2.03,2.23,9.55,6.01,1.59,0.72,3.98,1.11,0.76,39.57,14,468,1,114
0.36,1.16,0.53,0.31,0.71,0.31,1.64,1.11,0.53,0.27,2.71,1.69,7.15,2.98,0.93,2.58,0.58,0.93,26.48,5,121,1,105
1.95,2.91,0.76,1.28,1.12,0.56,2.63,1.28,0.44,2.11,2.27,10.81,4.07,1.95,1.12,2.47,0.92,0.96,39.61,13,457,1,113
4.84,3.69,1.51,0.84,1.02,0.49,2.49,1.51,0.13,1.73,2.0,6.58,6.27,1.78,0.49,2.27,1.38,1.16,40.18,13,451,1,113
0.56,2.67,1.12,1.12,1.29,0.73,3.06,1.38,0.22,0.77,2.5,6.11,5.59,0.77,0.56,2.62,1.59,0.99,33.65,7,721,2,207
1.61,3.89,0.55,1.61,0.94,0.27,1.96,0.94,0.35,3.22,2.04,9.38,5.69,1.81,0.59,3.46,0.71,0.86,39.88,14,979,2,214
0.22,2.26,1.02,0.49,0.66,0.27,1.86,1.06,0.27,0.09,2.66,5.36,4.12,0.89,0.35,3.5,1.9,0.84,27.82,5,131,1,105
0.43,2.11,0.99,1.25,1.07,0.99,1.81,1.5,0.09,0.26,3.01,7.74,6.75,0.95,0.43,3.61,1.07,1.81,35.87,6,150,1,106
0.04,3.02,1.16,0.62,1.51,0.22,2.22,2.58,0.58,0.13,2.84,4.44,2.89,0.53,0.22,1.02,2.84,0.49,27.35,7,233,1,107
0.71,3.35,1.06,1.34,0.95,1.26,2.17,1.62,0.32,0.87,1.38,8.12,9.06,1.89,0.79,3.15,0.87,0.63,39.54,14,466,1,114
0.75,2.66,1.16,1.54,1.08,0.75,2.83,1.58,0.08,1.33,1.46,8.86,7.78,1.95,0.5,3.53,0.87,0.79,39.5,14,965,2,214
0.04,1.92,0.73,1.15,2.22,0.6,2.01,3.2,0.17,0.21,2.48,2.73,2.18,0.21,0.09,2.22,0.85,0.56,23.57,6,684,2,206
0.26,2.44,1.67,1.42,1.03,0.51,2.83,2.96,0.3,0.6,1.89,4.67,6.56,0.94,0.43,1.42,1.67,0.9,32.5,3,577,2,203
1.71,2.81,1.27,0.44,1.36,0.26,2.1,1.71,0.22,0.04,2.98,4.65,7.8,0.92,0.44,1.01,2.37,1.14,33.23,5,128,1,105
0.0,2.02,0.22,0.22,1.84,0.58,2.38,3.1,0.27,0.04,3.32,1.62,1.98,0.18,0.4,2.38,1.62,0.22,22.39,8,790,2,208
0.0,3.09,1.0,0.87,1.09,0.74,2.74,2.96,0.04,0.52,2.79,4.09,3.31,1.0,0.44,1.31,1.35,0.3,27.64,4,100,1,104
0.04,2.24,0.3,0.47,0.3,0.89,4.23,2.16,0.17,0.17,1.57,2.71,0.89,0.51,0.0,0.55,2.62,0.47,20.29,9,835,2,209
0.0,2.62,0.31,2.0,2.31,0.58,3.73,3.38,0.44,0.36,3.78,2.49,4.14,0.8,0.31,1.33,1.2,0.44,30.22,2,552,2,202
0.05,3.46,0.96,0.55,3.5,0.09,1.91,5.37,0.96,0.5,2.91,2.73,3.5,0.55,0.18,1.18,2.05,0.64,31.09,8,283,1,108
0.71,3.5,0.62,1.21,0.96,0.62,2.21,1.21,0.17,0.58,2.66,5.91,5.5,1.04,0.54,3.54,1.5,0.62,33.1,11,921,2,211
0.21,2.08,0.3,0.72,0.85,0.64,2.29,0.8,0.13,0.42,1.91,7.54,7.03,3.52,1.1,5.25,1.1,1.06,36.95,6,177,1,106
0.21,2.02,0.74,1.15,0.58,0.21,2.31,1.32,0.29,0.33,1.94,7.13,5.73,0.91,0.21,3.59,0.95,1.28,30.9,7,739,2,207
0.17,2.22,0.91,1.39,1.69,0.87,1.39,1.48,0.43,0.0,3.13,3.91,3.0,0.7,0.39,2.52,0.87,0.91,25.98,7,754,2,207
0.13,1.68,1.01,2.29,1.28,0.62,2.38,1.94,0.4,0.44,3.09,4.59,5.6,0.93,0.49,2.51,1.32,0.97,31.67,6,187,1,106
0.43,2.7,0.86,2.06,0.73,0.6,3.86,1.97,0.09,0.99,2.4,6.6,6.3,1.76,0.51,2.61,0.99,1.29,36.75,13,456,1,113
4.06,3.16,0.94,1.41,1.07,0.81,2.99,1.37,0.09,0.51,2.35,7.35,5.86,1.45,0.47,3.98,1.41,1.2,40.48,11,918,2,211
0.09,3.47,0.39,0.09,0.69,0.13,2.78,0.78,0.74,0.26,4.39,3.43,0.83,0.87,0.22,0.78,0.43,0.48,20.85,9,312,1,109
0.0,2.38,0.88,0.7,0.75,0.44,2.9,1.72,0.09,0.35,4.58,2.2,6.64,0.7,0.53,2.16,1.14,0.92,29.08,6,184,1,106
2.23,3.55,0.51,1.16,0.98,0.64,2.78,1.2,0.26,1.93,2.74,4.92,7.02,1.63,0.73,2.01,0.6,1.03,35.92,11,425,1,111
1.95,1.48,0.74,1.3,1.04,0.65,2.43,0.78,0.17,1.17,1.3,9.17,8.95,2.87,1.04,4.95,1.09,1.04,42.12,14,470,1,114
0.8,2.58,0.85,1.14,0.38,0.38,1.56,1.14,0.04,0.76,2.03,7.9,8.66,3.13,1.1,4.06,1.56,1.44,39.51,14,967,2,214
0.08,0.61,0.16,0.49,0.98,0.0,0.82,5.55,0.12,0.08,2.41,1.47,4.24,0.53,0.0,1.18,0.9,0.53,20.15,8,768,2,208
0.52,2.34,0.35,0.82,0.74,0.26,3.5,1.77,0.17,0.3,3.16,2.98,3.46,0.35,0.13,0.61,1.73,0.43,23.62,6,651,2,206
0.0,2.33,0.83,0.71,1.87,0.58,2.7,1.37,0.21,0.46,2.37,4.2,4.37,0.46,0.42,1.29,1.54,1.0,26.71,1,531,2,201
2.43,3.64,0.39,1.61,0.78,0.35,2.47,2.08,0.04,0.65,3.3,6.55,3.21,1.08,0.35,1.21,2.3,0.78,33.22,9,325,1,109
0.0,3.85,0.49,0.72,2.24,0.22,1.7,2.24,0.85,2.29,3.36,2.02,5.42,0.99,1.03,0.99,0.99,0.76,30.16,5,623,2,205
3.97,3.44,1.32,1.45,1.24,0.54,3.15,1.86,0.25,0.91,1.32,3.15,6.08,1.32,0.75,3.35,1.57,1.12,36.79,7,690,2,207
1.92,1.55,0.92,0.96,1.04,0.96,1.46,1.8,0.21,1.09,2.13,7.14,7.89,1.38,0.71,3.05,0.84,0.71,35.76,13,940,2,213
0.05,2.1,0.18,0.0,0.46,0.32,2.29,0.91,0.0,0.0,5.12,2.7,3.52,1.1,0.14,1.33,0.46,0.37,21.05,9,839,2,209
0.0,0.97,0.16,0.24,1.34,0.08,0.89,3.44,0.61,0.24,1.78,1.94,4.82,0.61,0.12,1.3,1.3,0.4,20.24,8,265,1,108
1.94,3.33,0.61,1.69,1.25,0.56,4.62,1.82,0.35,1.56,3.46,4.62,3.72,0.82,0.43,1.73,1.08,1.12,34.71,7,201,1,107
0.0,2.78,0.31,0.22,0.53,0.49,2.16,1.94,0.35,0.18,3.75,1.99,4.06,1.9,1.06,1.76,1.41,0.31,25.2,9,369,1,109
0.0,2.5,0.79,1.05,1.23,0.39,3.28,4.33,0.13,0.13,2.19,3.46,3.77,0.83,0.09,1.18,1.18,0.48,27.01,8,289,1,108
0.13,3.53,0.69,1.38,1.38,0.43,2.93,2.33,0.04,0.69,2.24,4.18,3.19,1.03,0.47,2.02,1.12,0.52,28.3,7,728,2,207
0.0,1.92,0.57,3.11,1.8,0.7,1.35,2.82,0.37,0.25,2.45,3.68,3.44,1.31,0.29,0.82,1.35,0.53,26.76,9,812,2,209
0.24,2.77,1.22,1.79,0.57,0.65,1.95,1.59,0.12,0.29,2.81,5.7,6.39,1.18,0.61,2.04,1.67,1.02,32.61,3,81,1,103
3.36,4.3,1.03,2.07,0.9,0.47,4.86,2.41,0.22,2.28,2.45,3.66,4.35,1.08,0.65,1.81,1.12,1.03,38.05,7,222,1,107
1.69,2.23,0.74,1.48,1.11,0.82,1.9,2.02,0.25,0.82,2.43,9.4,5.48,1.48,0.37,3.05,0.87,0.95,37.09,15,1000,2,215
0.26,3.55,0.3,0.69,2.03,0.78,3.59,2.21,0.17,0.04,3.33,3.42,2.16,0.43,0.22,1.38,0.87,0.48,25.91,9,830,2,209
0.05,1.98,0.72,2.26,1.17,0.59,2.57,2.35,0.14,0.14,2.84,4.29,6.09,0.99,0.59,3.88,1.31,1.22,33.18,7,237,1,107
0.0,3.68,1.64,1.28,1.46,0.09,2.52,5.58,0.31,0.31,4.92,3.06,1.51,0.4,0.09,0.89,1.68,0.66,30.08,9,840,2,209
0.68,2.8,0.59,0.86,1.81,0.23,3.3,2.89,0.5,0.23,3.26,3.93,5.7,1.09,0.18,0.86,1.99,0.72,31.62,6,174,1,106
0.81,3.04,0.97,1.5,0.93,1.05,2.6,1.18,0.28,1.22,1.83,9.25,6.33,1.54,0.53,3.41,1.05,1.05,38.57,14,477,1,114
0.29,4.12,0.25,1.4,0.78,1.44,3.83,1.69,0.58,1.52,2.1,5.02,6.3,1.03,0.82,3.13,1.28,0.54,36.12,11,417,1,111
1.44,1.94,0.68,1.56,1.27,1.14,1.69,1.01,0.13,1.65,1.69,8.83,8.03,2.75,1.23,4.1,0.55,0.97,40.66,13,435,1,113
0.0,3.06,1.15,2.04,1.06,0.47,1.78,3.57,0.13,0.38,2.72,3.4,7.3,0.89,0.42,1.4,1.02,0.51,31.3,1,504,2,201
0.0,2.87,0.75,3.31,2.47,0.57,2.96,4.19,0.26,0.09,3.0,3.75,3.13,0.71,0.18,0.71,1.72,0.57,31.24,9,834,2,209
0.57,2.42,1.49,1.14,1.63,0.57,2.94,2.86,0.48,2.02,3.95,3.87,3.43,0.79,0.35,0.97,1.36,1.05,31.89,6,645,2,206
0.04,3.16,0.58,0.58,0.71,0.54,2.83,0.92,0.42,0.12,2.83,1.91,4.12,1.29,0.08,1.17,1.0,0.46,22.76,9,301,1,109
0.66,2.96,0.7,1.19,0.91,0.58,3.29,1.36,0.37,2.35,1.65,8.48,6.3,1.32,0.45,3.29,0.86,0.49,37.21,14,489,1,114
1.47,2.29,0.86,0.94,0.57,0.45,2.86,1.47,0.37,1.59,2.37,9.19,6.17,0.94,0.41,2.94,1.1,1.14,37.13,15,496,1,115
0.39,2.59,0.26,0.7,1.01,0.53,3.42,2.98,0.61,1.36,2.72,2.94,7.15,0.88,0.35,0.96,0.53,0.53,29.91,9,342,1,109
0.48,2.51,0.22,1.08,1.73,1.3,1.95,0.82,0.17,0.56,2.08,10.88,9.8,2.73,0.87,4.2,0.91,1.69,43.98,14,984,2,214
0.44,1.89,1.23,1.58,0.84,0.7,2.2,2.9,0.35,0.18,2.55,7.12,6.29,1.05,0.31,2.95,1.49,1.1,35.17,7,740,2,207
3.6,2.96,0.91,1.15,0.51,0.71,2.53,0.79,0.28,1.98,2.21,7.31,5.06,1.94,0.4,2.65,0.67,1.07,36.73,13,450,1,113
0.0,1.06,0.45,0.16,1.18,0.45,0.65,1.96,0.12,0.16,3.19,2.04,3.72,1.06,0.0,2.21,3.06,0.41,21.88,8,270,1,108
0.13,2.46,0.96,1.62,1.58,0.44,2.37,2.81,0.61,0.35,2.41,3.73,5.96,1.05,0.44,1.45,1.27,0.92,30.56,2,545,2,202
5.1,4.61,1.49,2.77,1.27,0.62,2.99,1.8,0.26,1.36,2.81,4.09,4.75,1.19,0.44,2.2,0.79,0.92,39.46,10,898,2,210
0.0,2.63,0.62,1.74,1.51,0.85,2.31,2.94,0.18,0.85,2.71,4.23,3.56,0.93,0.31,1.42,1.56,0.8,29.15,2,48,1,102
3.42,2.58,1.2,1.91,1.11,0.53,1.96,2.76,0.0,0.4,1.87,2.76,6.36,1.38,0.44,3.2,1.69,1.24,34.81,7,722,2,207
0.0,2.52,0.97,0.93,1.68,0.18,3.19,1.64,0.8,2.97,3.23,1.82,6.91,1.37,0.44,0.62,1.24,0.62,31.13,5,125,1,105
0.59,2.83,1.69,1.56,0.93,0.63,2.79,2.2,0.08,1.35,2.28,7.47,5.78,1.35,0.42,3.0,1.35,0.68,36.98,10,394,1,110
0.0,2.51,0.48,0.88,0.84,0.22,2.99,0.79,0.22,0.44,4.76,2.99,3.7,1.59,1.06,0.92,0.57,0.7,25.66,9,861,2,209
0.0,1.0,0.26,0.31,0.44,0.52,1.57,1.35,0.09,0.0,3.32,1.57,12.79,0.39,0.57,1.83,0.79,0.52,27.32,6,175,1,106
0.26,2.96,1.15,0.97,0.93,0.22,2.73,1.24,0.31,0.4,3.75,3.75,8.69,1.37,0.57,0.88,1.46,1.24,32.88,9,304,1,109
0.26,2.43,0.83,2.26,1.69,1.0,2.82,2.13,0.04,0.26,2.48,5.04,4.09,0.96,0.43,3.26,1.09,1.04,32.11,7,746,2,207
0.59,3.72,1.76,1.72,1.05,0.38,3.18,2.43,0.33,0.96,2.18,5.1,5.02,1.34,0.5,1.21,0.88,0.67,33.02,3,76,1,103
0.09,1.75,0.51,0.6,1.15,0.94,1.79,1.2,0.09,0.09,3.07,2.94,7.21,1.37,1.11,2.3,2.01,1.32,29.54,5,628,2,205
0.04,2.62,0.69,0.86,1.59,0.56,2.41,1.46,0.21,0.04,3.65,2.79,6.27,2.06,0.6,3.01,1.33,1.29,31.48,9,355,1,109
0.38,3.09,0.89,0.72,1.48,0.04,2.71,0.8,1.4,2.2,2.66,1.44,7.66,2.62,0.97,1.23,1.06,1.02,32.37,5,614,2,205
0.0,3.03,1.18,0.86,2.94,0.23,2.58,4.48,0.86,0.27,2.8,4.7,3.62,0.59,0.18,0.63,1.99,0.68,31.62,8,294,1,108
0.04,1.79,0.74,1.57,0.92,0.52,1.79,2.1,0.13,0.17,2.93,2.97,6.73,1.09,0.17,2.36,1.66,0.66,28.34,7,251,1,107
0.85,2.26,0.77,2.17,1.92,0.43,2.3,1.15,0.43,0.6,2.69,6.86,3.62,0.72,0.47,1.83,1.32,0.98,31.37,1,510,2,201
0.0,1.61,0.63,0.36,1.56,0.45,2.46,3.53,0.09,0.13,3.57,2.37,5.0,0.67,0.0,1.38,2.01,0.71,26.53,9,809,2,209
0.17,3.44,0.87,1.74,1.79,0.39,2.09,3.14,0.48,0.17,2.61,3.75,2.05,0.65,0.09,1.09,1.26,0.78,26.56,7,261,1,107
1.81,2.48,1.35,1.47,1.51,0.34,1.77,2.48,0.08,0.88,1.81,7.86,6.85,1.13,0.42,2.61,1.05,0.29,36.19,10,876,2,210
4.37,3.06,0.38,2.85,0.72,0.59,2.63,1.61,0.13,0.76,2.29,4.42,7.43,0.85,0.47,1.4,1.19,1.06,36.21,6,688,2,206
0.0,2.77,0.95,1.51,1.56,0.56,2.55,2.68,0.43,0.35,2.64,3.03,4.11,0.78,0.52,0.99,1.21,0.56,27.2,2,546,2,202
0.94,1.54,1.03,0.34,1.8,0.39,1.5,4.71,0.21,0.13,2.44,2.87,3.34,1.11,0.21,1.41,1.84,0.73,26.54,8,272,1,108
1.09,2.55,1.3,0.82,1.47,0.38,1.68,2.01,0.54,0.65,2.39,4.08,6.96,0.98,0.65,1.52,0.76,0.65,30.48,1,32,1,101
0.17,3.35,0.47,0.39,0.52,0.34,3.44,2.24,0.13,0.09,4.39,3.48,3.91,0.86,0.3,1.12,1.03,0.99,27.22,4,593,2,204
0.27,2.65,0.76,1.17,0.85,0.36,2.7,2.83,0.31,0.09,4.0,3.87,2.07,0.76,0.18,1.3,1.89,0.4,26.46,7,205,1,107
0.13,1.1,0.3,0.93,1.19,0.89,0.98,1.57,0.08,0.04,2.42,3.36,4.59,1.27,0.3,2.12,2.17,0.38,23.82,1,9,1,101
1.14,3.16,0.46,2.61,0.84,0.55,2.74,2.02,0.17,2.23,2.11,3.66,6.02,0.63,0.51,1.73,0.93,0.8,32.31,2,547,2,202
0.0,2.2,0.57,2.2,1.05,0.7,3.03,2.77,0.31,0.26,2.55,3.69,5.32,0.97,0.13,1.67,1.58,0.75,29.75,4,604,2,204
1.77,2.53,1.08,1.08,1.21,0.4,2.85,1.04,0.2,1.41,2.09,7.67,5.22,1.12,0.84,1.57,1.17,0.92,34.17,5,630,2,205
0.17,2.34,0.3,1.39,1.13,0.26,4.12,2.21,0.35,0.26,3.34,3.99,3.51,1.13,0.43,1.43,0.87,0.43,27.66,6,657,2,206
1.06,2.04,0.3,1.23,0.85,0.34,1.61,0.85,0.34,0.13,2.68,8.07,7.6,1.49,0.42,2.89,1.15,1.02,34.07,1,521,2,201
0.0,3.02,0.3,0.52,1.25,0.39,3.36,1.47,0.09,0.0,3.49,2.89,2.03,1.16,0.17,1.6,1.42,0.65,23.81,9,795,2,209
0.41,3.95,0.64,1.06,1.29,0.87,3.45,1.19,0.23,4.37,2.16,4.87,6.85,2.07,0.74,1.42,1.01,1.38,37.96,14,471,1,114
0.0,1.76,0.14,0.28,0.97,0.42,1.67,0.83,0.46,0.0,5.32,1.8,4.58,1.16,0.0,2.36,0.74,1.06,23.55,9,326,1,109
0.09,3.78,1.36,2.15,0.92,0.44,2.59,4.84,0.31,0.92,2.77,3.25,4.66,0.66,0.35,1.06,1.36,0.92,32.43,6,674,2,206
0.38,2.64,1.36,1.07,0.98,0.26,4.18,2.0,0.26,1.49,2.6,4.95,7.59,0.6,0.09,1.45,1.32,0.68,33.9,7,712,2,207
3.94,2.45,0.59,0.47,0.97,0.42,1.69,0.59,0.3,1.23,2.62,5.42,6.94,2.24,0.55,3.0,1.14,1.57,36.13,11,405,1,111
0.47,1.99,1.02,1.52,1.14,0.3,1.78,1.14,0.17,0.21,2.2,5.71,3.21,2.45,0.8,3.09,1.95,1.02,30.17,1,12,1,101
3.24,2.23,0.67,1.47,0.59,0.42,1.77,1.01,0.17,0.76,2.23,5.18,7.87,2.57,1.01,1.94,0.93,0.97,35.03,11,915,2,211
5.5,3.56,1.86,0.95,1.12,0.54,4.26,1.61,0.17,1.32,1.9,7.24,4.59,1.7,0.33,2.19,0.87,0.87,40.58,14,484,1,114
0.22,2.39,0.65,1.43,0.96,0.48,1.74,2.0,0.09,0.22,2.65,4.78,7.03,1.39,0.56,1.39,1.04,0.78,29.8,7,706,2,207
0.0,2.64,1.52,0.63,0.85,1.34,2.28,1.57,0.04,0.0,3.18,5.06,6.71,0.89,0.36,3.31,1.25,1.39,33.02,7,733,2,207
0.0,2.99,1.43,0.31,2.37,0.13,1.83,2.86,0.8,0.94,3.04,1.79,7.63,1.52,0.4,0.85,1.43,0.49,30.81,5,126,1,105
0.17,2.44,0.97,1.31,1.01,0.63,2.32,2.74,0.21,0.38,2.4,3.92,5.6,1.18,0.59,0.97,0.88,0.55,28.27,1,506,2,201
0.39,2.74,0.48,2.96,0.91,1.26,2.48,1.26,0.17,0.57,1.92,6.31,8.18,2.26,1.22,3.22,1.04,0.7,38.07,11,924,2,211
0.04,2.4,0.63,1.47,0.97,0.59,2.82,2.31,0.38,0.71,3.07,2.86,5.05,0.59,0.84,1.47,1.14,0.42,27.76,5,626,2,205
0.0,1.95,0.17,0.22,1.43,0.43,1.77,1.3,0.43,0.04,2.9,2.12,1.86,0.35,0.17,1.6,0.91,0.52,18.17,9,363,1,109
0.04,1.33,1.2,1.2,0.86,0.65,1.46,2.58,0.04,0.09,2.45,4.09,3.66,0.9,0.17,2.54,1.29,1.08,25.63,7,735,2,207
0.0,2.69,0.36,0.54,0.49,0.72,3.32,1.75,0.0,0.0,2.15,3.37,4.35,0.45,0.0,2.51,1.12,0.9,24.72,9,798,2,209
0.0,2.39,0.49,3.04,0.97,0.16,3.12,2.03,0.45,0.57,2.31,2.27,1.22,0.12,0.16,1.05,2.23,0.24,22.82,9,815,2,209
1.68,3.5,0.6,1.34,1.42,1.47,4.57,1.42,0.09,0.26,2.59,7.29,3.45,1.51,0.39,2.85,1.29,1.51,37.23,10,878,2,210
0.0,2.72,0.73,1.21,1.34,0.61,2.9,2.85,0.22,0.35,3.16,3.93,6.14,0.52,0.17,1.04,1.95,0.48,30.32,6,160,1,106
0.0,1.93,0.47,2.01,1.93,0.51,1.63,1.97,0.09,0.21,2.23,4.11,4.37,1.41,0.21,2.44,1.37,0.77,27.66,1,37,1,101
0.04,1.83,0.72,0.68,1.02,0.38,1.36,1.15,0.09,0.09,2.72,3.28,7.11,1.06,0.43,2.17,1.66,0.72,26.51,1,533,2,201
0.0,0.8,0.67,0.18,0.67,0.62,1.42,3.55,0.31,0.0,2.31,1.82,3.51,0.53,0.18,2.44,4.08,0.67,23.76,9,864,2,209
0.29,2.24,0.66,0.75,1.45,0.58,2.16,1.45,0.04,0.37,2.28,5.86,4.9,1.08,0.37,1.12,1.5,0.58,27.68,1,522,2,201
2.48,2.27,0.73,1.11,0.6,1.76,2.27,1.24,0.13,0.43,1.97,6.6,6.25,0.86,0.21,2.48,1.63,1.37,34.39,7,255,1,107
0.92,3.01,0.88,1.32,0.48,0.22,2.31,1.36,0.26,2.2,0.99,9.11,6.54,1.18,0.55,2.5,0.7,0.4,34.93,13,955,2,213
2.42,2.46,0.89,0.68,1.15,0.85,2.63,1.27,0.3,0.93,2.38,6.24,6.96,1.74,0.47,3.61,0.89,1.32,37.19,10,890,2,210
0.0,2.82,0.62,1.72,2.07,0.4,3.17,3.26,0.88,0.84,2.33,2.95,4.54,0.84,0.66,0.93,2.38,1.15,31.56,2,565,2,202
0.22,3.05,1.21,1.3,0.85,0.54,3.46,3.55,0.13,0.04,3.91,2.92,4.85,0.63,0.31,2.2,0.85,0.36,30.38,4,591,2,204
0.0,4.62,0.58,2.35,2.31,0.62,2.75,2.8,0.98,0.71,2.75,2.13,2.93,0.49,0.4,0.8,0.93,0.58,28.73,5,108,1,105
0.04,2.56,0.53,1.46,1.01,0.66,2.73,3.53,0.22,0.04,2.78,3.26,3.93,0.79,0.09,2.73,1.9,0.62,28.88,4,594,2,204
0.0,1.55,0.31,1.77,1.37,0.93,1.73,1.42,0.53,0.27,1.9,4.43,6.69,1.24,0.27,2.3,1.73,1.15,29.59,1,519,2,201
0.0,0.98,0.47,0.89,0.47,0.6,3.02,3.62,0.04,0.09,2.43,2.09,1.66,0.38,0.09,1.79,1.66,0.34,20.62,8,767,2,208
0.09,2.56,0.4,2.51,1.41,1.54,1.85,1.28,0.26,0.4,3.22,4.63,6.17,1.37,0.66,3.08,0.75,0.75,32.93,6,143,1,106
0.41,2.26,0.58,0.58,0.78,0.95,2.51,1.23,0.08,0.25,2.18,6.21,4.57,1.11,0.33,3.37,1.48,1.03,29.91,7,228,1,107
0.94,2.66,0.73,0.99,0.47,0.26,3.18,2.75,0.39,0.43,2.75,4.21,3.91,0.64,0.17,0.86,0.99,0.56,26.89,4,595,2,204
0.95,3.27,0.5,1.61,1.49,0.58,3.39,1.53,0.0,1.66,2.28,7.78,4.18,1.12,1.08,3.68,1.08,0.91,37.09,11,415,1,111
0.13,2.08,0.8,5.49,1.28,0.84,2.3,2.75,0.31,0.09,3.41,2.66,2.39,0.89,0.04,1.28,1.99,0.44,29.17,8,793,2,208
2.09,2.34,0.17,1.92,1.36,0.77,1.24,0.9,0.13,0.94,2.86,6.39,9.42,1.88,1.49,3.84,0.9,0.9,39.54,13,437,1,113
1.32,2.72,1.15,1.03,1.23,0.49,2.59,0.62,0.33,1.44,2.02,7.86,6.3,2.22,0.53,3.79,0.82,1.11,37.57,13,961,2,213
0.0,1.34,0.48,2.68,1.21,0.35,1.69,4.98,1.04,0.26,2.42,1.99,5.19,0.26,0.26,1.56,2.86,0.39,28.96,8,766,2,208
2.7,3.09,1.33,1.5,1.37,0.6,2.79,2.02,0.0,1.76,2.1,3.69,5.19,1.46,0.34,2.32,1.89,1.12,35.27,4,105,1,104
0.0,3.24,1.02,1.86,2.04,0.4,2.17,2.84,1.24,0.58,3.1,2.39,4.7,0.62,0.58,1.6,1.15,0.93,30.46,6,646,2,206
4.58,3.59,0.62,0.99,1.48,0.74,3.96,1.53,0.37,1.98,2.35,6.22,3.59,1.11,0.49,2.23,1.03,0.87,37.73,14,481,1,114
0.22,3.7,0.67,1.03,1.69,0.67,1.78,2.81,0.13,0.22,2.72,6.38,2.59,0.8,0.22,1.92,1.83,0.53,29.91,9,842,2,209
0.43,2.1,0.56,1.07,1.8,1.16,2.36,1.37,0.34,0.51,2.1,7.34,9.14,1.84,0.69,3.43,1.42,1.37,39.03,10,388,1,110
0.3,2.33,0.38,1.01,0.93,0.38,2.24,0.89,0.38,0.85,2.16,7.7,5.88,3.97,2.28,4.65,0.72,1.1,38.15,13,447,1,113
1.29,4.2,0.64,1.16,1.97,0.64,3.26,1.59,0.17,1.59,2.01,4.59,5.4,1.97,0.81,2.4,1.93,1.24,36.86,15,994,2,215
0.13,2.35,0.46,1.34,1.81,0.46,2.06,1.18,0.13,0.42,2.06,5.21,8.74,1.6,0.59,2.27,1.43,0.84,33.08,1,525,2,201
0.04,2.54,0.52,0.09,1.14,0.74,3.41,1.18,0.09,0.13,3.11,2.62,1.88,0.61,0.17,0.83,1.18,0.52,20.8,9,797,2,209
1.01,2.69,1.05,1.22,0.71,0.42,2.02,1.05,0.17,0.42,1.64,6.59,5.63,1.85,0.8,4.07,1.18,1.3,33.82,7,720,2,207
0.04,3.09,0.66,1.1,1.5,0.44,2.87,3.8,0.22,0.22,2.43,3.84,1.19,0.93,0.09,1.77,0.88,0.62,25.69,9,337,1,109
0.09,2.21,0.35,0.3,0.87,0.26,2.64,1.25,0.13,0.0,2.6,4.37,5.1,1.21,0.3,2.03,1.38,0.91,26.0,1,28,1,101
0.0,1.94,0.43,0.56,1.42,0.34,4.4,1.55,0.56,1.6,2.72,4.31,5.86,1.29,0.17,1.16,0.73,0.6,29.64,5,140,1,105
0.0,1.7,0.47,0.72,0.64,0.72,2.37,1.99,0.38,0.13,2.63,1.57,3.35,0.89,0.0,1.74,2.25,0.93,22.48,8,268,1,108
0.0,2.95,0.88,1.43,2.76,0.37,2.44,3.96,1.43,0.0,2.86,3.87,3.04,0.74,0.18,0.41,2.07,0.51,29.9,9,316,1,109
0.08,1.84,0.84,3.35,1.01,0.21,4.23,1.89,0.17,0.25,3.1,2.93,5.53,0.38,0.0,1.01,1.26,0.04,28.12,9,816,2,209
0.3,2.96,0.51,2.2,1.57,1.1,2.5,1.23,0.08,0.51,2.29,7.75,4.91,1.06,0.34,3.3,0.85,0.68,34.14,11,418,1,111
2.14,2.5,1.16,1.52,1.43,0.71,2.73,1.16,0.18,0.18,2.77,5.0,6.21,1.79,0.54,3.31,0.76,0.85,34.94,7,249,1,107
0.0,3.32,0.79,0.48,1.7,0.04,3.72,2.19,0.22,2.58,2.1,2.1,4.98,1.22,0.35,0.66,2.05,0.87,29.37,5,141,1,105
2.33,2.62,0.51,0.85,1.65,0.51,2.92,0.63,0.3,1.06,2.66,8.58,6.13,2.75,0.8,3.09,0.68,1.23,39.3,10,894,2,210
4.22,2.21,0.46,0.96,1.5,0.54,1.96,0.63,0.5,0.96,1.76,6.94,6.52,2.55,1.42,3.34,0.71,0.67,37.85,13,958,2,213
0.37,1.63,0.49,0.33,0.73,0.53,2.93,2.93,0.24,0.33,2.4,2.64,4.56,1.46,0.0,2.44,1.02,0.37,25.4,9,837,2,209
0.99,2.62,0.83,0.99,0.83,0.28,2.94,5.28,0.12,2.22,2.74,7.22,3.97,0.56,0.2,2.38,0.91,0.36,35.44,4,104,1,104
0.39,1.89,0.82,0.43,1.29,0.56,1.55,2.24,0.13,0.09,2.88,4.73,7.44,1.64,0.39,2.8,1.51,0.86,31.64,1,33,1,101
0.0,2.12,1.26,1.38,0.77,0.41,2.69,3.7,0.28,0.0,2.2,3.58,1.75,0.57,0.08,1.3,0.37,0.49,22.95,8,772,2,208
0.04,3.51,1.24,2.53,0.8,0.4,4.09,3.6,0.27,0.22,2.89,5.38,3.69,0.84,0.27,1.2,0.89,0.84,32.7,7,208,1,107
0.82,2.58,0.69,2.1,1.37,1.12,2.96,1.07,0.09,0.34,2.19,4.85,5.8,1.76,0.3,3.39,1.03,1.07,33.53,15,492,1,115
0.04,2.33,0.69,1.34,1.03,0.52,3.62,2.46,0.26,0.47,2.8,3.53,4.31,1.12,0.52,1.34,1.47,0.86,28.71,2,566,2,202
0.04,2.18,0.49,2.63,0.99,0.9,1.97,1.27,0.04,0.25,3.2,4.68,6.66,1.64,0.7,2.67,1.56,0.9,32.77,6,163,1,106
0.0,4.12,1.26,1.61,1.3,0.82,3.08,3.6,0.3,0.35,3.82,2.73,2.43,0.69,0.22,0.82,1.39,0.78,29.32,2,66,1,102
0.13,1.55,0.47,1.12,0.43,0.82,1.68,1.16,0.13,0.65,2.33,4.09,11.25,2.72,1.25,3.19,0.99,0.82,34.78,10,390,1,110
0.0,2.35,0.31,0.93,1.81,0.22,2.35,1.02,0.18,0.04,2.61,3.14,3.19,0.4,0.0,1.02,1.15,0.89,21.61,9,872,2,209
0.96,1.84,0.74,0.66,0.7,0.13,1.71,0.79,0.09,0.44,3.02,2.32,4.34,1.93,1.01,1.75,1.58,1.18,25.19,5,636,2,205
0.0,1.16,0.78,0.43,1.68,0.65,1.55,3.23,0.26,0.0,3.53,2.07,4.7,0.99,0.65,1.34,1.9,0.6,25.52,8,291,1,108
4.33,2.93,1.13,1.49,1.31,1.04,3.3,1.76,0.41,0.63,2.39,5.91,5.37,2.03,0.63,2.84,0.99,1.08,39.57,10,392,1,110
0.04,1.31,0.42,1.23,0.81,0.64,1.06,1.31,0.04,0.04,2.59,4.2,6.02,0.55,0.42,3.77,1.7,1.14,27.29,1,20,1,101
1.14,2.48,0.97,0.76,1.22,0.59,2.31,1.81,0.08,0.97,2.44,6.43,3.78,0.76,0.25,2.9,1.81,1.47,32.17,7,195,1,107
0.0,2.74,0.9,2.43,1.21,1.03,3.46,3.06,0.22,0.31,2.47,3.15,3.28,0.67,0.09,1.89,1.71,0.81,29.43,1,4,1,101
0.0,2.32,0.54,1.83,1.47,0.27,3.08,3.13,0.49,0.18,4.73,4.02,7.5,0.8,0.09,0.71,2.77,0.4,34.33,9,341,1,109
0.31,3.43,1.23,1.23,1.36,0.79,2.51,2.07,0.26,2.29,2.68,6.16,6.78,1.8,1.45,2.64,1.72,1.23,39.94,13,948,2,213
0.47,2.15,0.27,1.49,0.74,0.04,2.04,2.11,0.23,0.12,2.5,2.82,3.41,0.86,0.08,1.06,1.02,0.39,21.8,9,868,2,209
0.21,2.39,1.34,1.34,0.55,0.5,2.26,1.76,0.17,0.25,2.73,3.9,3.77,0.84,0.92,1.47,1.34,0.92,26.66,3,80,1,103
0.45,4.36,0.72,2.52,1.62,0.99,3.96,3.19,0.0,0.45,2.92,3.19,2.43,0.76,0.31,1.12,2.11,0.81,31.91,7,200,1,107
0.09,3.02,0.61,2.19,1.31,0.66,2.4,2.23,0.52,0.39,4.06,4.55,6.91,0.48,0.61,1.27,0.96,0.44,32.7,6,685,2,206
3.74,3.74,1.16,1.46,1.16,0.42,3.2,1.04,0.27,3.47,1.54,9.13,3.89,1.12,0.58,2.89,0.54,0.54,39.89,14,971,2,214
0.47,2.61,1.11,0.77,0.51,0.6,2.27,1.41,0.21,0.69,2.19,4.07,10.37,1.37,0.6,2.1,0.73,0.81,32.89,3,578,2,203
0.13,3.33,1.05,3.5,0.84,0.29,2.87,2.32,0.21,0.13,2.74,3.92,7.12,1.14,0.55,0.63,0.88,0.46,32.11,6,642,2,206
0.0,1.83,0.49,1.38,2.56,0.2,1.71,2.44,0.2,0.0,3.01,2.48,7.77,1.95,0.04,1.02,1.83,0.45,29.36,8,284,1,108
0.22,2.97,0.39,0.79,1.0,0.92,1.75,0.66,0.04,1.09,1.57,7.56,10.27,3.28,0.74,4.24,1.35,1.09,39.93,13,455,1,113
0.09,1.45,0.72,1.49,1.07,0.3,3.37,3.16,0.3,0.6,2.35,4.48,6.87,0.81,0.09,1.71,1.45,0.51,30.82,9,856,2,209
0.0,3.39,0.98,1.78,1.74,0.49,2.54,3.79,0.13,0.85,3.97,4.14,3.74,0.85,0.18,0.76,1.34,0.58,31.25,7,218,1,107
0.42,2.81,0.84,1.59,0.46,0.63,2.81,2.14,0.08,0.38,2.81,6.04,4.99,0.88,0.34,1.8,1.13,0.67,30.82,7,703,2,207
1.15,3.62,2.18,1.11,0.9,0.99,2.8,1.23,0.16,1.27,2.26,10.07,4.44,1.36,1.15,3.95,0.74,1.36,40.74,15,498,1,115
0.0,2.47,0.18,1.53,0.49,0.81,2.52,0.81,0.13,0.13,3.01,3.19,6.61,2.83,0.63,1.93,1.75,1.62,30.64,6,162,1,106
0.31,2.33,0.9,0.94,1.71,0.04,3.99,3.46,0.49,0.45,4.26,3.32,2.11,0.36,0.0,0.67,1.12,0.76,27.22,9,810,2,209
1.22,2.05,0.44,1.48,0.78,0.7,2.53,1.44,0.04,1.18,1.87,3.7,6.27,1.66,0.26,3.27,1.48,1.18,31.55,7,755,2,207
0.86,2.42,1.23,0.53,0.7,0.66,2.1,2.1,0.16,0.45,2.75,3.57,7.35,0.86,0.33,1.4,1.48,0.37,29.32,6,660,2,206
0.09,4.27,1.91,2.68,1.82,0.32,3.18,3.0,0.36,0.18,3.05,3.23,5.95,0.82,0.41,1.05,2.05,0.82,35.19,6,148,1,106
0.56,2.39,0.87,1.48,1.35,0.95,2.82,1.13,0.13,0.43,2.43,8.77,5.69,1.48,0.74,3.69,1.52,1.43,37.86,14,487,1,114
0.09,1.72,0.62,0.7,2.15,0.66,1.23,2.24,0.48,0.0,2.11,5.23,5.01,0.75,0.35,2.55,1.63,0.79,28.31,1,1,1,101
0.12,1.25,0.32,0.08,2.02,0.08,1.37,4.41,0.12,0.12,2.18,2.67,2.99,0.69,0.16,1.05,1.7,0.4,21.73,8,273,1,108
0.5,1.42,0.19,0.04,0.77,0.12,1.3,1.0,0.46,0.08,3.11,2.15,0.54,1.15,0.23,0.81,0.46,0.5,14.83,9,807,2,209
0.04,3.57,1.03,0.94,1.47,0.31,4.19,2.5,0.67,1.92,2.05,2.01,6.73,2.36,1.25,1.38,1.69,0.94,35.05,5,124,1,105
0.0,2.37,0.54,1.2,0.66,0.5,3.32,1.29,0.21,0.62,2.78,4.11,4.65,0.62,0.66,1.24,1.2,0.71,26.68,6,653,2,206
4.69,3.81,0.89,1.27,1.35,0.63,2.41,1.9,0.3,2.54,1.86,6.17,4.14,1.18,0.3,1.56,1.4,1.4,37.8,11,404,1,111
0.38,2.26,0.6,0.47,0.9,0.51,2.0,0.68,0.0,0.72,1.71,7.16,8.87,3.54,0.68,3.24,0.94,1.24,35.9,10,387,1,110
0.04,3.6,1.14,1.98,1.23,0.04,3.16,3.91,0.18,0.31,3.25,5.67,2.81,0.75,0.22,0.7,1.01,0.75,30.75,7,245,1,107
0.31,2.66,0.13,1.4,1.4,0.87,1.83,0.74,0.09,0.22,1.92,6.5,6.89,3.45,0.96,5.93,1.27,1.79,38.36,11,409,1,111
1.77,4.76,1.13,1.33,1.41,0.4,3.95,1.57,0.16,2.22,1.82,5.61,3.87,1.29,0.48,1.98,1.01,1.01,35.77,11,411,1,111
0.0,3.3,0.04,0.39,1.91,0.26,2.78,1.65,0.48,1.78,3.04,1.43,6.68,1.26,0.48,2.82,0.74,0.26,29.3,8,781,2,208
0.26,2.15,0.39,0.61,2.28,0.75,1.93,1.84,0.44,0.35,2.54,5.79,3.16,0.75,0.35,1.54,1.8,0.96,27.89,1,5,1,101
0.0,2.86,1.25,1.12,0.81,0.27,3.18,3.44,0.13,0.18,2.59,1.57,5.77,0.4,0.54,3.04,1.97,0.54,29.66,7,742,2,207
0.41,2.96,0.87,1.46,1.64,0.32,3.05,3.19,0.46,0.59,3.55,3.6,3.87,0.68,0.14,1.28,1.68,0.36,30.11,7,231,1,107
0.08,3.46,0.67,1.01,1.18,0.13,2.15,2.19,0.08,0.34,2.57,5.53,5.4,0.76,0.08,1.39,1.64,0.59,29.25,4,600,2,204
0.26,2.62,1.5,0.34,0.69,0.17,2.02,1.55,0.13,0.13,2.06,4.73,7.31,1.38,0.34,1.72,0.73,0.69,28.37,5,608,2,205
0.0,2.26,0.31,0.89,1.11,0.75,2.97,3.5,0.04,0.27,3.23,3.46,4.47,0.44,0.22,1.73,1.15,0.89,27.69,7,707,2,207
0.35,2.21,0.65,1.38,1.64,0.43,2.9,2.38,0.04,0.61,2.25,6.75,5.84,1.04,0.52,1.64,1.73,0.95,33.31,1,502,2,201
0.0,3.14,0.78,2.27,1.05,0.83,4.01,3.75,0.52,1.22,2.4,4.27,4.49,0.61,0.26,1.74,1.26,0.74,33.34,7,212,1,107
0.0,3.4,0.59,1.4,2.94,0.63,2.17,1.99,0.14,0.14,3.08,2.67,5.16,1.18,0.45,0.91,1.31,0.81,28.97,1,8,1,101
0.57,2.32,0.69,0.98,1.75,1.06,1.71,2.16,0.49,0.53,3.38,2.89,4.23,0.77,0.33,1.14,0.98,0.73,26.71,8,277,1,108
0.0,3.88,0.41,2.3,1.44,0.59,2.21,3.02,0.45,0.05,3.38,2.48,4.38,0.9,0.18,1.67,1.49,0.14,28.97,9,302,1,109
0.04,1.64,0.78,0.9,2.5,0.69,1.98,2.24,0.17,0.09,2.41,6.16,5.04,0.78,0.09,1.51,1.46,0.82,29.3,1,518,2,201
0.0,1.34,0.94,0.67,1.34,0.63,1.48,2.33,0.04,0.0,3.31,2.37,6.8,0.81,0.63,2.15,2.19,0.76,27.79,9,862,2,209
5.14,2.48,0.77,0.77,1.63,0.81,3.08,1.2,0.47,1.54,2.31,4.28,5.09,0.9,0.3,2.27,1.58,0.9,35.52,7,748,2,207
0.21,2.55,0.81,1.1,0.72,0.64,3.91,2.76,0.17,0.3,4.46,4.5,2.76,0.55,0.04,1.32,1.23,0.42,28.45,7,741,2,207
0.42,2.36,0.3,1.98,0.97,0.89,2.07,1.82,0.34,1.18,1.86,6.42,6.46,2.28,0.68,4.31,1.06,0.72,36.12,10,384,1,110
0.0,2.39,0.46,0.67,1.3,0.38,1.93,2.6,0.21,0.0,2.3,3.73,1.84,0.38,0.0,2.01,1.47,0.42,22.09,8,280,1,108
0.88,3.18,0.35,1.77,1.77,0.22,2.52,2.34,0.66,1.5,3.05,2.25,4.32,1.32,0.44,1.02,1.63,0.57,29.79,2,560,2,202
0.0,3.08,0.73,1.54,0.98,0.09,2.7,1.97,0.21,2.05,2.57,4.84,5.22,0.43,0.26,1.07,1.93,0.64,30.31,6,675,2,206
1.18,2.45,1.27,1.97,0.61,1.4,2.58,1.0,0.31,0.52,2.8,4.24,6.55,1.79,0.22,3.23,1.18,1.27,34.57,7,264,1,107
0.57,3.85,0.7,1.88,0.61,0.44,3.72,2.06,0.17,0.09,2.84,4.55,3.81,0.35,0.35,1.57,1.05,0.35,28.96,9,360,1,109
0.31,2.84,0.74,1.27,1.88,0.65,4.06,2.62,1.0,0.0,3.58,2.36,2.44,0.57,0.09,1.4,1.48,0.7,27.99,9,365,1,109
0.76,5.46,1.03,3.45,1.48,0.45,4.21,3.04,0.67,0.58,4.07,5.01,0.94,0.76,0.09,1.92,0.89,0.94,35.75,9,346,1,109
0.0,2.95,0.62,1.72,1.98,0.44,2.6,3.13,0.31,0.18,2.86,3.74,3.61,0.66,0.4,1.23,1.1,0.66,28.19,2,51,1,102
0.4,2.82,1.06,2.42,1.45,1.06,3.13,1.15,0.13,0.84,2.91,9.26,8.07,2.03,0.71,4.32,1.1,0.75,43.61,14,964,2,214
0.29,2.99,1.21,0.91,1.16,1.0,3.24,1.91,0.46,0.46,2.08,5.36,3.53,0.71,0.79,1.5,2.04,1.04,30.68,5,641,2,205
0.86,3.23,0.86,0.86,0.74,0.86,2.25,0.53,0.25,1.19,2.04,9.77,7.44,2.78,0.78,2.98,1.88,1.51,40.81,13,460,1,113
0.13,1.09,0.21,1.18,0.84,0.42,1.26,1.14,0.5,0.08,2.27,4.21,7.32,1.51,0.29,2.52,1.51,1.26,27.74,1,19,1,101
0.0,1.44,0.87,1.0,1.39,0.44,1.83,2.44,0.04,0.0,2.35,4.4,7.85,1.57,0.65,1.31,1.26,0.78,29.62,7,695,2,207
0.12,2.57,1.06,0.98,1.23,0.82,2.61,1.43,0.12,0.45,3.19,4.25,4.82,0.94,0.74,1.55,0.74,0.69,28.31,3,72,1,103
0.91,3.25,0.74,1.3,1.78,1.34,2.25,1.04,0.13,1.73,2.82,10.36,4.68,1.69,0.56,3.29,1.43,1.3,40.6,11,421,1,111
0.17,2.54,0.43,2.02,1.34,0.69,1.64,0.86,0.22,0.65,1.98,6.42,6.2,3.23,0.99,4.78,1.12,0.73,36.01,13,448,1,113
1.47,3.27,0.42,0.84,1.72,0.42,3.86,2.05,0.34,1.05,2.94,7.17,5.87,0.63,0.04,2.05,0.92,0.92,35.98,6,678,2,206
0.04,4.13,0.55,2.06,1.94,0.76,2.49,4.13,0.21,0.13,2.53,5.18,1.47,0.59,0.21,1.22,0.88,0.84,29.36,6,682,2,206
1.83,4.16,1.45,1.7,1.37,1.16,3.45,1.16,0.12,1.79,2.29,9.93,4.78,1.25,0.25,2.87,1.29,0.87,41.72,10,881,2,210
0.17,2.26,0.67,0.54,1.46,0.25,1.75,2.46,0.17,0.13,2.97,4.8,5.43,0.84,0.67,1.09,1.8,0.63,28.09,8,786,2,208
0.09,1.13,0.39,0.74,2.43,0.43,1.52,2.04,0.3,0.04,3.04,7.03,6.46,0.48,0.3,1.48,1.91,0.61,30.42,1,520,2,201
1.07,2.19,0.73,1.72,1.33,1.25,2.88,0.95,0.17,1.29,1.72,5.63,8.51,2.53,1.33,3.61,1.42,0.95,39.28,14,990,2,214
0.22,3.21,1.0,1.69,1.0,0.48,2.95,1.22,0.35,0.74,2.95,4.91,7.86,2.43,0.48,3.21,1.09,1.17,36.96,10,378,1,110
0.0,3.11,1.62,1.11,1.41,0.13,3.11,4.68,0.13,0.26,3.02,3.83,4.86,0.51,0.04,0.98,1.02,0.21,30.03,7,246,1,107
0.0,1.17,0.25,1.55,0.75,0.08,1.71,1.76,0.17,0.04,2.72,4.97,4.55,0.63,0.33,1.13,1.13,0.08,23.02,8,784,2,208
1.19,3.01,1.02,2.51,1.4,0.38,3.01,2.76,0.34,0.81,2.93,4.54,6.58,0.81,0.34,0.72,1.27,0.76,34.38,2,553,2,202
0.0,2.76,0.5,1.08,0.81,1.36,1.36,1.45,0.0,0.18,2.94,3.43,9.85,2.3,0.72,3.52,1.31,1.04,34.61,11,919,2,211
1.99,3.33,1.51,1.47,1.47,0.22,2.59,4.76,0.17,1.95,1.99,4.84,4.5,0.99,0.39,1.34,1.51,0.61,35.63,4,94,1,104
0.0,1.03,0.47,2.93,0.82,0.34,2.11,2.85,0.09,0.3,2.03,3.97,6.43,1.51,0.43,2.2,1.81,0.95,30.27,9,853,2,209
0.3,1.94,0.42,1.56,1.69,0.38,2.28,2.28,0.38,0.21,2.28,4.48,3.25,0.68,0.17,2.16,1.14,0.8,26.4,1,27,1,101
0.0,3.09,0.22,0.35,0.74,0.78,2.52,1.13,0.26,0.22,3.26,2.26,1.78,0.39,0.04,1.39,1.3,0.48,20.21,9,308,1,109
0.04,1.2,0.34,0.56,1.63,0.09,1.93,2.11,0.17,0.09,2.62,1.63,5.85,0.6,0.04,2.36,1.76,0.56,23.58,8,776,2,208
0.17,3.81,1.09,0.17,1.49,0.57,2.01,1.66,0.35,1.18,2.45,4.11,5.42,0.79,0.17,2.19,1.36,0.96,29.95,5,110,1,105
0.09,2.44,0.67,1.95,0.98,0.89,1.86,2.17,0.13,0.09,2.48,4.17,4.04,1.11,0.98,3.41,1.91,0.89,30.26,7,729,2,207
0.09,2.02,1.68,1.81,0.73,0.64,2.79,2.06,0.26,0.17,2.75,5.25,6.58,1.59,0.56,2.67,1.46,0.86,33.97,10,902,2,210
0.0,2.1,0.3,2.48,1.75,0.86,1.93,2.23,0.26,0.09,2.01,4.28,5.73,0.81,0.21,1.63,1.8,0.86,29.33,1,544,2,201
0.0,1.44,0.16,0.82,0.62,0.49,2.06,0.74,0.12,0.0,2.72,2.51,2.47,0.74,0.12,1.4,0.95,0.33,17.69,9,802,2,209
0.0,2.77,0.5,1.68,1.77,0.82,2.54,2.59,0.0,0.09,3.04,2.68,2.72,0.54,0.18,2.18,0.73,0.68,25.51,9,845,2,209
0.04,4.01,0.65,0.6,0.91,0.73,3.88,2.5,0.04,0.13,3.79,3.97,1.98,0.82,0.17,1.51,1.55,0.73,28.01,7,713,2,207
0.17,1.7,1.02,0.72,1.7,0.47,2.17,2.51,0.09,0.38,3.24,4.01,5.5,0.51,0.21,2.22,1.19,0.89,28.7,2,56,1,102
1.55,3.63,0.53,1.8,1.43,0.57,3.18,1.31,0.08,1.96,1.51,9.47,4.24,1.71,0.82,2.98,0.82,0.86,38.45,13,442,1,113
2.82,3.87,0.3,1.28,0.86,0.26,2.93,1.84,0.38,3.08,1.73,10.71,3.68,1.47,0.86,1.54,0.53,0.56,38.7,11,923,2,211
1.21,2.42,1.29,0.58,1.09,0.25,2.38,1.29,0.13,0.33,3.13,6.81,5.6,1.21,1.67,2.21,1.88,0.92,34.4,5,606,2,205
0.0,0.73,1.16,0.04,1.29,0.17,0.77,1.63,0.21,0.0,2.45,2.32,7.13,0.39,0.56,1.12,3.57,0.34,23.88,8,292,1,108
0.0,2.42,0.27,1.84,1.39,0.85,1.84,1.08,0.13,0.18,2.56,4.98,6.78,3.05,0.67,4.76,1.21,0.94,34.95,9,349,1,109
0.04,3.65,0.76,0.58,0.98,0.89,2.8,1.78,0.22,0.04,3.16,3.38,3.56,0.8,0.31,1.73,1.91,0.8,27.39,9,348,1,109
0.0,1.95,0.35,0.56,0.91,0.48,1.95,2.69,0.22,0.52,2.64,2.43,3.25,0.87,0.17,2.64,1.56,0.48,23.67,9,320,1,109
0.0,3.25,1.28,0.73,1.46,0.32,2.65,4.81,0.09,0.37,3.16,3.43,5.17,0.46,0.09,0.87,1.6,0.59,30.33,9,343,1,109
0.13,1.77,0.65,0.35,0.99,0.35,1.94,1.29,0.35,0.17,3.02,4.88,4.36,0.56,0.22,3.37,1.73,0.86,26.99,5,620,2,205
0.22,1.85,0.65,2.11,0.95,0.26,1.47,2.24,0.17,0.17,3.36,4.14,7.11,0.39,0.56,1.25,1.81,0.43,29.14,9,849,2,209
0.26,1.58,0.98,2.6,1.06,0.38,2.43,3.32,0.21,0.89,2.34,6.09,5.28,0.94,0.43,2.21,1.23,0.94,33.17,6,151,1,106
5.24,2.72,0.77,2.03,0.93,0.57,3.17,1.22,0.2,1.79,2.11,8.17,5.81,1.58,0.77,1.83,0.98,1.06,40.95,12,932,2,212
0.04,2.19,1.33,1.49,0.66,0.37,1.7,2.61,0.08,0.29,2.61,5.18,6.0,0.99,0.21,1.66,1.16,0.87,29.44,3,585,2,203
0.04,1.68,0.46,2.01,0.63,0.55,2.39,2.69,0.17,0.42,2.69,2.52,6.13,1.76,0.84,1.76,2.73,0.5,29.97,6,689,2,206
2.51,3.54,0.62,0.45,1.07,0.16,2.56,1.44,0.33,1.85,2.27,3.71,7.42,2.1,1.44,0.87,0.99,1.44,34.77,6,686,2,206
0.0,1.07,0.62,1.64,1.64,0.62,1.64,2.98,0.4,0.0,2.58,2.4,3.6,0.75,0.22,0.84,2.0,0.22,23.22,8,775,2,208
0.9,2.48,0.56,0.73,1.2,0.34,2.1,1.03,0.3,0.26,3.04,3.17,6.85,1.33,0.3,1.54,1.46,1.07,28.66,1,30,1,101
0.0,2.36,0.7,0.41,0.95,0.54,2.15,1.57,0.04,0.04,2.48,2.94,6.45,1.65,0.37,2.77,1.03,0.58,27.03,5,627,2,205
0.0,2.35,1.08,1.08,1.13,0.36,2.75,1.71,0.14,0.36,3.38,2.21,4.47,0.45,0.05,0.32,0.95,0.63,23.42,6,185,1,106
0.21,3.13,0.52,0.99,0.69,0.69,2.58,1.07,0.13,0.99,1.89,7.77,9.79,3.65,1.03,3.91,1.16,1.16,41.36,10,896,2,210
0.13,1.47,0.71,1.34,1.26,0.42,1.72,1.68,0.13,0.13,2.43,5.75,8.18,0.67,0.13,2.43,0.97,0.63,30.18,1,526,2,201
0.04,1.75,0.44,3.72,0.7,0.92,2.23,3.06,0.13,0.22,3.19,2.41,3.5,1.27,0.13,1.05,2.14,0.26,27.16,8,770,2,208
0.0,3.45,0.79,2.1,1.44,0.79,3.1,1.79,0.13,0.44,2.45,4.77,6.17,1.09,0.74,1.57,1.31,1.01,33.14,2,58,1,102
1.51,3.02,0.6,2.41,1.59,0.43,2.37,2.93,0.09,0.22,3.53,3.4,5.08,1.46,0.6,2.41,1.68,1.03,34.36,6,647,2,206
0.0,3.09,0.62,0.84,1.02,0.18,2.43,1.59,0.57,1.77,3.31,2.39,5.21,1.15,0.8,1.06,1.19,0.71,27.93,5,138,1,105
0.04,2.39,1.13,1.35,1.17,0.87,1.48,1.65,0.09,0.35,1.87,4.92,8.09,1.74,0.39,2.65,1.13,0.74,32.05,7,239,1,107
0.12,0.9,0.43,0.16,2.89,0.16,1.17,4.5,0.04,0.0,2.58,1.76,2.62,0.23,0.0,1.21,1.29,0.39,20.45,8,286,1,108
2.29,2.2,0.69,1.51,0.69,0.99,1.47,1.47,0.3,1.08,2.2,5.39,9.37,1.55,0.73,2.89,0.65,0.99,36.46,13,454,1,113
0.43,2.07,0.95,1.59,1.08,0.52,2.33,3.62,0.3,0.04,2.28,4.57,4.78,0.65,0.26,2.2,0.6,0.6,28.87,6,668,2,206
1.35,1.6,0.38,0.93,1.14,0.34,1.47,0.59,0.46,1.3,1.81,6.94,6.56,3.74,0.84,3.45,0.84,1.14,34.88,11,408,1,111
0.9,2.58,0.65,0.86,2.28,0.47,2.02,1.55,0.26,0.22,2.28,6.2,3.23,1.08,0.43,1.55,1.46,1.25,29.27,1,509,2,201
0.09,2.61,1.32,0.9,1.58,0.34,1.79,3.42,0.68,0.13,3.2,3.67,4.53,0.73,0.09,1.28,2.73,0.98,30.07,4,97,1,104
1.35,3.06,0.7,0.96,1.49,0.52,1.35,1.57,0.22,1.31,2.93,2.49,5.5,2.36,0.79,2.1,1.14,0.87,30.71,5,639,2,205
0.31,3.56,0.48,1.28,1.36,0.7,3.08,0.79,0.26,1.85,2.37,7.04,4.84,2.68,0.48,3.08,1.58,1.36,37.1,15,495,1,115
0.0,3.9,0.57,0.57,1.62,0.18,3.77,3.99,0.44,0.26,3.03,3.25,3.82,0.7,0.04,1.36,1.93,1.01,30.44,6,665,2,206
1.03,2.75,0.77,0.17,0.51,0.39,2.32,1.24,0.09,0.82,3.13,3.99,5.28,1.16,0.43,1.89,0.9,0.9,27.77,9,857,2,209
0.69,2.49,0.56,1.8,1.25,0.52,2.92,1.85,0.56,1.25,2.84,2.71,5.03,1.07,0.34,1.29,0.99,0.52,28.68,2,562,2,202
0.26,3.43,0.31,0.57,1.41,0.66,2.9,2.24,0.44,0.13,2.86,6.03,3.74,0.92,1.28,1.1,1.85,0.7,30.83,7,198,1,107
0.21,2.72,1.57,0.81,0.81,0.64,2.21,1.57,0.17,0.47,2.93,5.86,6.71,1.36,1.4,1.87,1.7,0.93,33.94,3,79,1,103
0.09,2.17,0.51,1.49,1.36,0.68,2.64,2.3,0.3,0.17,2.34,5.45,8.73,0.72,0.34,1.53,2.09,0.77,33.68,1,505,2,201
0.5,2.89,0.38,2.51,1.26,0.92,3.01,1.17,0.29,1.59,1.76,7.33,8.08,2.18,1.09,3.93,1.26,1.0,41.15,12,933,2,212
0.08,3.08,2.13,2.13,0.74,0.57,2.71,2.87,0.08,0.37,2.75,4.1,4.96,0.66,0.9,1.64,1.31,0.98,32.06,3,77,1,103
0.17,4.84,0.3,1.53,1.19,0.3,3.99,0.76,0.38,0.68,2.51,7.26,6.67,2.59,0.89,0.98,1.27,1.53,37.84,14,988,2,214
0.89,2.93,0.42,1.27,0.55,0.59,3.06,1.78,0.21,0.25,2.8,5.06,9.64,2.89,1.36,3.1,1.23,0.51,38.54,7,193,1,107
0.04,2.82,0.76,1.88,1.39,0.63,2.64,3.27,0.13,0.09,3.04,2.51,4.07,0.89,0.4,1.52,1.61,0.89,28.58,2,45,1,102
0.31,3.33,1.49,2.41,1.23,1.1,4.34,1.4,0.09,0.96,2.81,6.23,4.56,0.57,0.22,2.76,0.79,1.14,35.74,14,479,1,114
0.22,3.93,1.04,2.25,1.47,1.21,4.06,1.77,0.26,2.03,1.9,5.36,4.28,1.04,0.86,2.55,1.43,1.04,36.7,14,985,2,214
0.13,2.61,2.35,1.65,0.57,0.44,1.44,2.48,0.09,0.09,1.65,3.87,11.84,1.39,0.3,3.13,1.83,0.91,36.77,5,637,2,205
0.25,2.85,0.95,0.78,0.99,0.21,2.07,1.82,0.17,0.29,2.73,3.97,6.36,0.37,0.58,1.82,1.53,0.95,28.69,1,538,2,201
0.04,1.72,0.34,1.12,1.55,0.9,1.68,2.84,0.17,0.17,2.84,5.03,5.85,0.65,0.17,2.32,1.94,0.82,30.15,1,3,1,101
1.39,2.71,0.68,1.27,0.68,0.52,2.07,1.04,0.24,1.67,1.43,10.2,7.61,1.91,0.6,3.15,0.92,0.88,38.97,10,875,2,210
0.54,3.13,0.41,1.24,0.49,1.28,3.38,1.24,0.41,1.44,2.02,9.72,4.53,1.77,0.54,3.17,0.7,1.11,37.12,11,909,2,211
1.99,3.31,0.55,1.19,1.53,0.51,2.75,0.97,0.17,0.93,3.14,8.14,3.31,0.93,0.68,2.12,1.31,0.64,34.17,1,514,2,201
0.46,3.44,1.33,2.02,1.56,0.32,2.2,2.71,0.18,0.55,3.12,4.41,6.47,0.6,0.09,1.42,1.47,0.83,33.18,7,215,1,107
0.0,2.63,1.49,1.01,0.83,0.48,2.14,2.28,0.18,0.0,4.29,4.03,1.79,0.31,0.04,1.01,1.53,0.35,24.39,9,319,1,109
0.04,3.57,0.81,0.89,0.76,0.51,3.02,2.42,0.13,0.25,2.34,4.38,5.52,0.68,0.13,2.46,1.78,0.81,30.5,9,844,2,209
0.85,2.63,0.85,0.89,0.59,0.76,2.5,1.19,0.13,0.98,2.37,6.11,7.34,1.7,1.23,3.22,0.98,0.81,35.13,10,885,2,210
0.0,3.23,1.15,1.51,1.37,2.3,3.28,1.51,0.0,0.89,2.79,8.02,6.82,1.46,0.4,3.5,0.84,1.11,40.18,11,910,2,211
0.09,3.31,0.3,0.77,1.25,0.47,2.58,3.09,0.0,0.43,3.05,3.69,2.06,0.6,0.17,0.86,1.25,0.39,24.36,4,599,2,204
0.17,3.71,0.98,1.66,0.72,1.11,3.54,1.45,0.17,0.34,1.62,5.54,11.89,2.94,1.02,3.15,0.9,0.94,41.85,13,944,2,213
0.09,3.04,1.26,1.78,1.39,0.39,2.3,2.0,0.22,0.3,1.74,5.91,5.26,0.83,0.26,3.3,1.26,0.78,32.11,7,247,1,107
0.04,2.57,0.41,1.04,1.08,0.33,2.32,2.24,0.29,0.0,2.61,1.16,5.51,0.83,0.21,1.12,0.58,0.5,22.84,9,372,1,109
0.49,3.25,0.41,2.1,1.07,0.25,3.29,1.93,1.65,2.39,3.17,4.28,4.2,0.7,0.9,1.19,1.77,1.07,34.11,15,996,2,215
0.0,1.94,0.56,1.08,1.64,0.3,2.72,2.85,0.82,0.0,2.77,2.77,2.55,0.3,0.17,0.95,1.73,0.09,23.24,8,791,2,208
0.0,2.25,0.68,0.47,0.85,0.08,1.15,0.72,1.74,2.25,2.33,1.32,11.88,1.87,1.15,1.02,0.98,0.59,31.33,5,119,1,105
0.22,2.29,2.81,2.38,1.12,0.3,2.55,4.75,0.26,0.3,2.29,4.36,2.81,0.6,0.35,1.3,1.25,0.17,30.11,4,601,2,204
0.29,1.66,0.17,1.08,1.04,0.5,1.04,1.71,0.21,0.08,1.54,4.33,4.87,1.16,0.42,2.37,1.33,0.96,24.76,1,25,1,101
0.0,2.51,0.18,0.99,0.9,0.31,1.97,1.79,0.31,0.04,3.9,3.18,2.82,1.7,1.21,1.43,0.54,0.4,24.18,9,297,1,109
0.76,1.88,0.24,1.24,1.04,0.16,2.28,0.52,0.12,2.52,1.92,9.08,5.76,2.56,1.12,3.76,0.6,1.56,37.12,14,486,1,114
0.0,2.49,0.84,1.78,1.02,0.71,3.73,3.11,0.13,0.44,2.75,4.75,5.02,1.2,0.44,1.95,1.33,0.8,32.49,2,47,1,102
0.92,2.42,1.51,1.8,1.0,0.25,2.3,3.51,0.38,2.13,2.59,5.94,6.56,1.05,0.59,1.17,0.63,0.75,35.5,7,762,2,207
0.0,4.25,1.07,1.97,2.06,0.31,3.63,4.52,0.27,0.18,3.18,5.46,3.22,0.85,0.04,0.98,0.67,0.4,33.06,6,189,1,106
0.62,2.98,0.25,1.49,1.49,0.79,1.95,1.08,0.58,1.62,1.99,8.12,7.08,2.94,1.37,2.9,0.5,1.28,39.03,11,416,1,111
0.51,2.11,0.51,0.3,0.68,1.43,2.41,0.59,0.08,0.89,2.32,10.93,7.64,2.45,0.72,3.76,1.18,1.65,40.16,14,981,2,214
0.0,2.85,0.43,1.03,1.38,0.6,3.41,2.11,0.17,0.09,2.8,3.36,1.9,0.3,0.09,1.42,0.17,0.56,22.67,9,338,1,109
1.65,2.62,0.59,1.57,0.51,0.38,2.84,1.44,0.04,0.8,3.13,4.49,4.15,1.02,0.38,1.44,0.76,1.1,28.91,6,671,2,206
0.75,2.33,1.45,0.92,1.1,0.75,1.76,2.11,0.18,0.48,2.64,3.52,6.73,1.58,1.1,2.2,1.27,1.1,31.97,7,240,1,107
0.85,2.42,1.74,1.1,1.36,0.89,3.56,1.36,0.21,1.1,1.53,7.93,6.02,1.7,0.59,3.65,1.19,0.93,38.13,12,433,1,112
0.6,2.31,1.63,0.43,0.51,0.6,2.65,1.71,0.13,0.47,2.7,5.48,5.61,0.94,1.07,1.41,1.16,0.6,30.01,5,622,2,205
0.86,3.09,0.64,3.69,1.54,0.51,2.96,3.47,0.34,2.06,2.96,6.99,3.94,1.24,0.43,1.03,0.69,0.73,37.17,4,95,1,104
0.0,2.28,1.4,0.26,0.79,0.13,0.79,0.83,0.83,1.62,3.68,1.84,6.49,3.2,0.66,1.05,0.96,0.92,27.73,6,182,1,106
0.04,1.94,1.06,0.62,1.15,0.26,1.99,1.68,0.31,0.26,3.22,4.15,12.49,1.5,0.71,3.13,2.25,1.1,37.86,6,145,1,106
0.17,3.49,0.79,1.05,1.57,0.7,3.14,1.92,0.44,0.96,3.32,4.59,5.15,1.09,0.26,1.27,1.62,0.44,31.97,5,629,2,205
0.38,2.49,1.06,1.31,1.14,0.38,2.83,1.27,0.38,0.38,2.37,3.59,5.53,1.31,0.72,1.99,1.01,1.14,29.28,1,513,2,201
0.0,2.4,0.49,1.11,1.74,1.16,3.16,2.14,0.31,0.27,2.85,3.78,4.94,1.02,0.49,1.51,0.93,0.49,28.79,2,46,1,102
0.78,2.33,0.2,1.18,1.22,0.61,2.45,0.57,0.49,1.71,1.76,8.74,7.84,2.25,0.61,3.27,0.9,1.1,38.01,13,443,1,113
0.3,4.37,0.77,0.47,1.59,0.47,3.64,2.23,0.34,0.47,3.81,3.17,1.67,0.34,0.04,0.99,0.99,0.34,26.0,7,700,2,207
0.0,4.19,0.39,1.77,0.69,0.86,3.58,1.68,0.13,0.13,3.02,4.19,6.13,0.86,0.22,0.47,1.77,0.73,30.81,7,197,1,107
4.24,2.39,0.7,0.33,0.95,0.33,1.85,1.61,0.08,1.44,2.39,5.89,5.89,1.93,0.62,2.06,1.03,1.36,35.09,7,236,1,107
0.61,3.4,1.74,0.87,0.83,0.48,3.83,2.66,0.17,0.74,3.48,3.48,3.01,0.96,0.87,0.78,1.61,0.52,30.04,5,109,1,105
0.71,2.89,0.83,1.15,0.99,0.71,2.26,1.23,0.32,1.82,1.67,7.73,10.03,1.78,0.52,3.05,0.83,0.79,39.31,14,485,1,114
0.92,3.61,0.42,1.68,0.71,0.38,3.28,1.64,0.25,0.5,2.82,4.67,4.37,1.64,0.59,2.02,0.88,0.55,30.93,7,760,2,207
0.08,1.73,0.21,0.17,1.1,0.68,2.32,1.44,0.17,0.21,4.65,2.45,0.76,0.21,0.0,1.44,0.89,0.08,18.59,9,821,2,209
0.48,0.68,0.4,0.36,0.84,0.48,0.96,1.24,0.4,0.04,2.72,1.48,2.68,0.2,0.16,1.84,1.44,0.52,16.92,9,367,1,109
0.61,2.57,0.87,1.18,0.96,0.13,3.57,2.18,0.17,0.31,3.4,5.01,9.02,1.13,0.17,1.13,0.92,0.48,33.81,6,166,1,106
0.0,2.33,0.57,0.84,1.36,0.04,1.72,2.68,0.4,0.0,4.09,2.02,1.54,1.1,0.92,1.63,0.84,0.57,22.65,9,374,1,109
0.26,3.83,0.88,1.45,1.23,0.44,3.52,1.85,0.22,0.31,2.9,2.77,3.65,0.79,0.0,0.88,1.23,0.44,26.65,9,796,2,209
0.0,2.36,0.29,0.83,1.12,0.12,2.23,2.44,0.29,0.17,3.47,3.64,3.14,0.7,0.41,0.87,1.45,0.58,24.11,8,271,1,108
1.14,3.07,0.61,1.19,0.98,0.74,3.15,0.82,0.16,1.59,1.84,10.71,5.85,2.94,0.9,3.97,1.23,0.94,41.83,13,434,1,113
1.08,2.97,1.77,2.2,1.21,0.86,2.41,1.59,0.04,0.3,2.5,8.02,3.92,0.86,0.34,3.06,1.42,1.59,36.14,7,718,2,207
0.97,2.22,0.24,1.7,0.93,0.73,2.34,1.25,0.12,1.62,1.9,7.36,8.53,1.66,0.49,2.87,0.89,1.05,36.87,10,891,2,210
1.05,2.47,0.5,1.42,0.88,0.38,1.97,1.3,0.17,1.13,2.3,7.0,6.41,3.02,0.54,3.52,0.75,0.92,35.73,13,935,2,213
0.41,1.51,1.35,0.41,0.49,0.04,1.31,0.98,0.16,0.82,1.92,1.43,10.66,2.25,0.94,1.1,0.86,0.45,27.09,5,619,2,205
0.2,0.99,0.79,0.44,2.02,0.12,1.39,0.83,0.32,0.2,2.22,3.4,6.06,1.54,0.51,0.95,0.99,0.71,23.68,1,16,1,101
0.18,3.94,0.39,1.31,0.66,0.31,3.33,1.8,0.26,0.09,2.76,3.24,4.64,1.93,0.35,1.62,1.23,0.66,28.7,9,305,1,109
1.7,2.96,0.61,0.93,1.42,0.49,2.51,0.69,0.32,1.22,2.15,10.62,3.85,1.18,0.28,3.57,0.89,1.34,36.73,11,926,2,211
2.06,2.11,0.39,0.26,0.39,0.22,0.57,0.66,0.13,0.0,2.85,2.19,8.51,3.86,0.26,2.81,1.01,1.8,30.08,5,118,1,105
0.49,3.55,0.58,1.91,1.78,0.31,3.6,3.29,0.22,1.6,2.75,5.73,6.04,0.62,0.22,0.89,0.89,0.4,34.87,2,549,2,202
0.27,2.42,0.27,0.23,0.23,0.12,3.38,0.61,0.35,0.08,3.46,2.34,1.31,1.35,0.23,1.11,0.42,0.38,18.56,9,808,2,209
0.0,2.71,0.83,2.36,1.71,0.96,2.01,2.97,0.04,0.09,2.62,6.12,5.51,0.74,0.35,3.11,0.92,0.87,33.92,7,241,1,107
1.27,2.37,1.35,1.43,1.27,0.98,3.03,1.59,0.33,1.68,1.84,7.36,4.66,1.19,0.29,3.03,1.19,0.65,35.51,12,428,1,112
0.64,2.87,0.3,0.86,0.43,0.26,2.83,0.99,0.17,0.09,2.79,3.56,5.23,1.24,0.26,1.59,0.77,0.43,25.31,9,306,1,109
0.0,2.44,0.52,1.96,1.18,0.78,3.27,2.79,0.26,0.96,3.31,2.74,2.83,0.26,0.04,2.35,1.83,0.44,27.96,9,820,2,209
0.52,2.38,0.95,0.74,1.3,0.87,1.82,1.52,0.22,0.65,2.82,5.2,4.85,0.87,0.35,2.04,2.34,0.95,30.39,2,570,2,202
1.86,3.0,1.44,1.01,0.72,1.14,3.76,1.31,0.13,0.63,2.2,4.86,7.94,1.14,0.55,2.11,1.27,0.97,36.04,15,493,1,115
0.97,5.9,1.18,0.55,1.69,0.38,2.74,2.15,0.55,4.6,2.61,3.21,4.85,1.05,0.59,0.89,1.31,0.76,35.98,6,147,1,106
0.9,4.53,1.2,1.92,0.98,0.43,4.02,1.92,0.26,0.81,2.69,4.23,3.68,0.94,0.26,1.03,1.07,0.81,31.68,7,758,2,207
1.25,4.25,1.25,1.04,1.17,1.0,3.17,0.92,0.17,2.29,1.96,8.72,3.79,1.58,0.42,2.84,0.92,0.58,37.32,15,993,2,215
0.39,2.67,0.95,1.9,0.82,1.12,2.67,2.28,0.13,0.04,3.27,4.87,4.57,0.82,0.43,0.99,1.77,0.65,30.34,7,262,1,107
0.37,1.38,0.28,0.45,0.85,0.24,1.54,1.38,0.16,0.12,4.18,4.34,0.81,0.73,0.04,0.77,0.89,0.2,18.73,9,828,2,209
2.42,2.54,0.53,0.86,0.9,0.49,3.27,1.51,0.16,2.13,1.8,8.56,5.61,1.56,0.41,3.48,0.61,1.27,38.11,11,911,2,211
0.0,3.39,0.41,0.61,0.9,0.04,3.07,1.76,0.41,0.41,3.19,3.03,1.14,0.57,0.04,1.27,1.59,0.2,22.03,9,822,2,209
0.43,2.16,0.43,1.77,1.21,0.65,2.76,2.46,0.09,0.35,2.72,6.64,5.22,0.52,0.43,1.81,1.38,1.55,32.58,1,515,2,201
1.14,2.36,0.46,1.69,0.93,0.42,2.24,0.93,0.04,2.53,1.86,8.91,7.39,3.21,0.68,4.6,1.06,1.27,41.72,11,406,1,111
0.0,2.72,1.69,0.91,0.41,0.33,2.6,1.85,0.04,0.08,3.21,3.75,4.41,0.49,0.7,1.85,1.57,0.54,27.15,3,78,1,103
0.72,2.06,0.93,0.17,1.18,0.51,1.98,0.88,2.31,0.51,1.43,1.64,15.66,1.3,0.76,1.98,1.35,0.72,36.09,5,611,2,205
0.65,2.38,0.43,1.73,2.21,0.35,2.68,1.43,0.3,0.39,2.34,6.97,5.63,0.48,0.3,2.34,2.34,1.34,34.29,1,524,2,201
0.0,2.59,0.04,0.26,0.39,0.09,3.77,0.74,0.31,0.04,3.99,3.07,2.32,1.75,0.0,0.7,0.26,0.09,20.41,9,315,1,109
0.3,1.27,1.27,0.46,1.35,0.25,1.43,1.81,0.42,0.3,2.24,4.35,8.82,1.1,0.51,1.18,1.27,0.89,29.22,1,29,1,101
0.73,1.96,0.41,0.37,1.06,0.65,2.04,0.86,0.08,1.18,1.47,11.23,11.02,3.02,1.02,4.41,0.61,0.41,42.53,15,999,2,215
0.09,4.66,0.36,1.36,1.45,0.54,5.83,3.03,0.63,0.09,3.62,3.75,2.03,0.45,0.18,1.13,2.08,0.23,31.51,9,328,1,109
0.38,2.86,0.46,1.01,1.43,0.59,2.81,2.94,0.29,0.5,1.72,4.83,4.28,0.5,0.17,2.31,1.3,0.67,29.05,6,680,2,206
0.0,1.83,0.3,1.91,1.48,0.09,2.35,2.04,0.43,0.0,2.26,2.7,4.04,1.35,2.26,2.0,1.57,1.04,27.65,9,863,2,209
0.0,2.77,0.3,1.99,0.74,0.43,5.24,3.6,0.26,0.13,3.9,6.33,2.77,0.69,0.3,1.73,1.69,0.65,33.52,4,92,1,104
0.25,3.62,0.21,0.59,1.18,0.29,2.27,1.35,0.46,0.63,2.27,5.05,5.77,1.6,0.38,1.35,1.26,0.46,28.99,7,192,1,107
1.42,3.29,1.21,1.42,0.54,0.87,2.54,1.87,0.17,2.21,1.87,5.0,6.37,1.58,0.37,3.83,1.12,0.96,36.64,10,903,2,210
0.44,3.69,0.62,1.78,1.56,0.53,3.11,4.76,0.31,0.8,3.73,4.62,2.04,0.31,0.22,1.33,1.38,1.24,32.47,7,704,2,207
0.0,2.5,0.69,1.08,0.73,0.39,2.41,1.51,0.17,0.17,4.09,3.1,6.85,0.69,0.22,0.99,1.77,0.52,27.88,6,661,2,206
0.44,2.99,1.1,1.54,1.36,0.53,2.2,1.84,0.13,0.44,2.37,4.79,7.91,2.37,1.32,4.08,0.75,1.05,37.21,13,951,2,213
0.04,2.39,1.83,1.26,0.91,0.44,3.18,2.31,0.09,0.04,2.61,5.66,6.66,0.87,0.17,2.48,1.0,0.74,32.68,7,220,1,107
0.79,4.05,1.12,1.28,0.7,0.87,2.65,0.99,0.21,1.36,2.03,7.57,9.38,1.86,0.66,3.06,0.54,0.83,39.95,14,991,2,214
0.12,1.46,0.58,1.25,0.71,0.62,2.33,1.54,0.12,0.0,3.33,1.92,0.96,0.42,0.25,0.87,1.17,0.12,17.77,9,801,2,209
0.09,2.57,0.51,0.64,1.03,0.77,3.17,2.65,0.09,0.21,2.95,3.81,3.6,1.2,0.13,1.03,1.11,0.64,26.2,5,137,1,105
0.04,1.44,0.57,1.14,1.44,0.79,2.1,3.36,0.39,0.04,2.66,2.05,1.66,0.96,2.1,1.4,2.23,0.79,25.16,9,865,2,209
3.54,3.26,1.11,1.28,1.36,0.66,3.21,1.36,0.25,1.44,2.02,9.6,7.05,1.94,0.21,3.79,0.7,0.74,43.52,14,987,2,214
0.0,3.58,0.35,1.28,1.5,0.04,3.58,5.61,0.44,0.04,3.0,3.66,1.59,0.35,0.22,0.71,0.57,0.22,26.74,9,831,2,209
0.0,0.76,0.08,1.14,0.63,0.13,1.57,1.86,1.48,1.02,1.74,1.52,7.02,0.68,0.59,0.63,2.75,0.51,24.11,5,132,1,105
0.53,2.68,0.61,1.46,0.89,1.14,2.44,1.67,0.2,0.57,1.87,5.44,10.16,1.46,1.02,1.83,0.61,0.89,35.47,3,579,2,203
0.0,1.54,0.48,1.85,1.71,0.48,2.07,2.2,0.31,0.04,1.89,4.04,5.54,1.14,0.09,2.99,0.79,0.57,27.73,6,186,1,106
0.87,3.14,1.9,1.32,1.61,1.12,3.1,1.65,0.37,1.65,1.49,8.44,5.17,1.32,0.79,2.4,1.16,0.91,38.41,14,465,1,114
0.04,2.52,0.57,1.77,1.9,0.4,2.78,2.78,0.62,0.35,3.27,3.05,2.52,0.84,0.13,1.41,0.97,0.53,26.45,1,36,1,101
0.12,1.84,0.42,0.46,0.88,0.15,3.77,2.96,0.23,0.04,2.92,6.34,1.46,0.27,0.08,1.77,2.57,0.5,26.78,8,281,1,108
0.0,2.81,0.55,1.62,0.94,0.72,2.17,2.42,0.26,0.17,1.87,3.49,3.57,0.77,0.3,2.68,1.36,0.89,26.59,1,41,1,101
0.0,2.08,0.44,0.18,1.82,0.27,1.64,3.1,0.93,0.04,2.44,2.88,5.14,0.44,0.13,1.86,2.22,0.84,26.45,8,788,2,208
1.49,2.98,1.36,0.57,1.49,0.35,3.29,2.37,0.57,1.23,2.33,3.69,7.77,1.36,0.39,1.58,1.84,1.18,35.84,5,107,1,105
0.0,1.65,0.3,1.13,1.48,0.74,2.31,3.05,0.39,0.13,2.61,2.22,4.61,0.48,0.17,1.22,2.18,0.3,24.97,9,827,2,209
0.0,2.68,0.94,0.47,0.6,0.13,3.71,2.51,0.3,0.6,3.45,2.94,1.79,0.47,0.26,1.41,2.56,0.6,25.42,9,313,1,109
0.97,3.73,1.05,2.55,1.27,0.92,4.83,2.37,0.09,0.48,2.2,4.17,4.13,0.97,0.18,1.27,1.14,0.53,32.85,7,190,1,107
0.26,2.7,0.78,1.61,1.18,0.17,3.05,4.22,0.09,0.13,2.79,4.88,2.74,0.83,0.3,2.05,0.78,0.87,29.43,4,103,1,104
0.0,1.86,1.32,1.05,0.5,0.19,1.44,0.89,0.04,0.12,2.29,2.1,7.92,1.98,1.82,0.47,1.4,0.7,26.09,3,86,1,103
0.44,2.45,0.66,0.96,2.41,0.39,2.85,3.29,0.48,1.18,2.89,3.11,5.43,0.83,0.31,1.1,0.96,0.96,30.7,2,61,1,102
0.43,2.06,0.56,2.1,1.24,1.42,2.27,1.63,0.39,1.63,1.93,5.06,8.32,2.75,1.84,4.63,0.9,0.64,39.8,10,395,1,110
0.22,2.37,0.52,2.07,1.12,0.47,2.07,2.2,0.0,0.47,3.32,4.18,4.26,0.6,0.39,2.76,1.42,0.73,29.17,7,745,2,207
7.63,2.01,0.88,1.59,1.01,0.5,2.43,1.13,0.04,1.68,2.43,5.03,4.23,1.17,0.42,2.51,1.51,1.26,37.46,14,973,2,214
0.97,2.88,0.93,2.33,1.27,1.14,2.79,2.66,0.34,0.72,2.28,4.95,6.39,0.76,0.25,1.57,1.27,0.85,34.35,2,555,2,202
0.0,1.62,0.64,0.51,0.77,0.21,1.67,2.09,0.13,0.04,3.12,2.26,9.82,1.37,0.51,3.33,1.88,0.51,30.48,6,670,2,206
0.0,1.34,0.73,1.9,1.64,0.82,1.81,2.46,0.13,0.17,2.07,4.1,5.78,1.04,0.35,2.07,1.17,0.91,28.49,1,527,2,201
0.56,3.08,0.48,1.17,0.69,0.13,1.56,1.47,0.35,0.52,1.95,5.25,4.73,1.39,0.48,1.21,1.3,0.61,26.93,7,716,2,207
6.03,2.95,0.39,1.65,1.04,0.87,3.38,1.39,0.13,0.43,2.78,4.03,5.46,1.69,0.52,2.43,1.21,0.78,37.16,7,732,2,207
3.27,2.66,0.65,1.1,0.78,0.41,2.53,1.02,0.12,2.0,1.76,9.4,8.54,1.88,1.02,1.67,1.72,1.23,41.76,14,983,2,214
1.25,2.79,0.9,0.95,2.32,0.21,2.79,3.27,0.39,0.95,3.05,3.83,4.56,0.69,0.09,1.16,1.16,0.86,31.22,2,59,1,102
1.18,3.08,0.27,1.06,0.61,0.72,3.34,0.68,0.19,2.81,1.44,10.82,4.48,2.66,0.42,2.51,0.84,0.72,37.83,11,906,2,211
0.0,2.7,1.3,1.21,1.21,1.3,2.16,1.35,0.18,0.04,2.25,10.61,6.74,1.08,0.31,5.13,1.71,1.08,40.36,15,998,2,215
0.13,2.5,0.44,0.83,1.8,0.18,2.76,2.06,0.22,0.39,3.33,3.11,3.33,0.83,0.13,1.31,1.58,0.35,25.28,1,44,1,101
1.18,3.12,0.32,0.72,0.95,0.23,2.58,1.81,0.18,1.45,2.89,2.49,6.46,2.58,0.54,0.5,0.63,0.63,29.26,4,101,1,104
0.0,3.05,0.44,0.35,1.59,0.22,2.6,3.27,0.57,0.0,5.21,2.29,1.06,0.88,0.0,1.06,1.54,1.19,25.32,9,373,1,109
0.13,2.09,1.07,0.77,0.94,0.98,2.34,1.28,0.09,0.04,2.26,7.12,5.2,0.64,0.38,3.11,1.79,1.02,31.25,7,737,2,207
0.04,1.98,0.25,0.93,2.19,0.8,1.86,2.32,0.51,0.08,2.61,4.68,4.01,0.63,0.25,1.98,1.77,0.55,27.44,1,10,1,101
0.0,3.35,1.23,1.74,1.23,0.25,3.3,2.5,0.17,0.17,2.46,7.12,7.58,0.64,0.34,1.48,1.69,0.85,36.1,6,149,1,106
0.3,4.87,1.44,1.1,1.23,0.21,3.51,1.65,0.47,7.71,1.99,6.82,5.46,1.1,0.42,0.8,1.02,0.93,41.03,14,970,2,214
0.05,3.52,1.01,0.69,1.65,0.82,2.42,3.2,0.41,0.14,2.83,2.1,3.34,0.69,0.05,0.87,4.84,0.5,29.13,9,332,1,109
0.26,3.34,0.94,1.8,1.24,0.21,2.91,2.61,0.34,1.33,2.01,2.91,9.99,0.94,0.86,1.2,0.81,1.07,34.77,5,617,2,205
5.83,3.18,0.13,1.1,1.02,0.66,2.74,1.02,0.13,0.44,2.56,4.37,7.29,3.09,0.66,3.31,1.15,1.1,39.78,13,439,1,113
0.13,1.07,1.02,0.9,0.6,0.51,2.22,2.31,0.09,0.04,2.9,5.64,7.9,1.07,0.09,3.16,1.02,1.54,32.21,7,726,2,207
4.25,3.53,1.9,1.22,0.69,0.24,3.0,1.7,0.53,1.82,1.74,5.11,4.42,1.26,0.24,1.62,1.62,0.69,35.58,14,975,2,214
0.0,3.44,0.57,2.53,1.53,0.92,3.49,3.14,0.31,0.39,3.49,3.14,3.23,0.96,0.09,1.31,1.26,0.78,30.58,2,65,1,102
0.0,2.45,0.36,2.49,0.76,0.4,3.91,3.02,0.18,0.22,4.36,4.05,1.56,0.49,0.13,1.07,1.56,1.02,28.03,7,214,1,107
1.08,1.89,0.36,1.53,1.41,0.4,3.33,1.2,0.28,2.89,1.81,9.64,6.47,1.77,0.52,3.49,0.68,0.8,39.55,11,913,2,211
0.09,2.31,0.22,4.4,0.74,0.22,1.44,4.75,0.22,0.3,2.66,3.79,2.7,0.65,0.48,1.87,1.7,0.3,28.84,7,764,2,207
0.22,2.88,0.53,0.31,1.68,0.22,2.83,3.28,0.49,0.09,3.23,2.97,1.73,0.44,0.04,1.2,1.51,1.02,24.67,8,287,1,108
0.17,2.98,0.99,1.55,1.64,0.13,3.88,4.75,0.39,0.91,2.93,5.74,4.49,0.39,0.04,1.04,0.73,0.26,33.01,6,672,2,206
0.26,1.75,0.64,0.72,1.19,0.13,0.55,0.94,0.13,0.0,2.94,2.64,5.19,2.68,1.19,3.02,1.06,1.02,26.05,1,11,1,101
1.75,2.62,0.48,0.79,0.91,0.2,2.1,0.63,0.16,1.43,1.98,12.06,5.12,2.66,0.67,3.37,0.67,0.32,37.92,11,907,2,211
0.04,2.84,0.25,0.16,1.77,0.33,1.81,5.64,0.12,0.0,2.55,3.67,2.31,0.16,0.0,1.94,0.33,0.25,24.17,8,276,1,108
0.04,1.22,0.35,0.79,1.4,0.35,1.88,2.53,0.22,0.04,4.1,2.23,3.67,0.83,0.35,1.66,1.62,0.61,23.89,9,866,2,209
0.0,2.21,0.47,1.32,2.34,0.6,1.66,1.4,1.02,0.51,2.34,1.36,10.29,2.47,0.38,1.36,0.6,0.77,31.1,8,279,1,108
0.44,2.4,1.31,1.66,1.0,0.48,1.7,1.96,0.0,0.83,1.79,6.42,11.09,1.7,0.7,3.75,0.57,1.0,38.8,13,461,1,113
0.73,3.07,1.15,1.08,1.0,0.77,2.54,1.15,0.23,2.23,1.88,11.57,5.34,1.54,0.58,4.61,0.92,0.73,41.12,13,953,2,213
0.0,3.51,0.85,2.11,1.71,0.72,4.0,3.01,0.31,0.81,2.43,3.46,5.48,1.03,0.27,1.12,0.9,0.63,32.35,2,569,2,202
0.22,1.94,0.71,2.12,0.35,0.22,2.69,1.9,0.26,0.26,2.91,4.19,3.92,0.93,0.26,1.32,1.15,0.84,26.19,7,693,2,207
0.2,2.38,0.6,1.01,0.97,0.6,1.65,1.49,0.2,0.6,1.49,6.85,10.24,2.66,1.01,4.6,1.01,0.77,38.33,10,380,1,110
0.13,1.82,0.61,2.21,1.34,0.35,2.43,2.95,0.13,0.26,2.04,5.9,4.81,1.56,0.13,3.43,0.74,0.95,31.79,7,242,1,107
0.43,2.39,2.09,1.15,1.15,0.26,2.05,3.75,0.17,0.3,2.09,4.99,4.35,0.64,0.26,2.26,1.02,0.47,29.82,5,127,1,105
0.0,2.51,0.53,0.92,1.14,0.48,2.33,4.31,0.35,0.26,2.38,3.61,4.84,0.92,0.35,2.86,1.1,0.31,29.2,4,102,1,104
0.05,1.87,0.59,1.82,1.46,0.91,2.14,3.28,0.18,0.05,2.64,2.91,3.6,0.82,0.27,2.14,1.46,1.23,27.42,9,825,2,209
0.0,2.07,0.32,0.45,1.13,0.32,2.84,1.49,0.59,0.14,3.56,3.74,3.15,2.12,0.27,1.53,1.04,0.68,25.44,5,113,1,105
5.21,1.77,0.67,0.46,0.63,0.67,1.77,1.68,0.25,0.63,1.22,6.22,10.05,2.23,0.34,3.61,0.97,1.05,39.43,10,887,2,210
0.0,0.76,0.13,0.8,1.26,0.93,0.67,2.23,0.0,0.0,2.73,3.36,8.33,1.14,0.25,2.61,1.18,1.68,28.06,1,24,1,101
0.99,2.53,0.77,1.88,1.37,0.86,2.44,1.2,0.26,0.81,2.14,5.91,8.87,1.97,0.86,3.25,1.33,0.51,37.95,13,942,2,213
0.73,3.33,0.51,1.71,1.11,0.21,3.76,3.59,0.26,1.32,2.65,3.24,3.54,0.85,0.26,1.66,1.2,0.47,30.4,2,67,1,102
1.28,2.94,0.51,1.92,1.62,0.43,2.21,2.81,0.51,0.72,3.15,3.83,3.19,0.51,0.21,1.11,1.23,0.6,28.78,2,70,1,102
0.04,1.41,0.73,0.81,1.37,0.86,1.63,1.67,0.17,0.13,3.68,3.43,8.09,1.11,0.34,1.46,0.99,1.07,28.99,6,170,1,106
1.43,3.65,0.71,1.76,1.09,0.5,2.73,3.32,0.46,0.38,2.85,3.36,3.06,0.71,0.04,1.13,0.92,0.42,28.52,2,561,2,202
0.04,2.92,1.28,0.4,1.55,0.49,2.3,2.03,0.31,0.71,2.69,1.86,6.63,1.15,0.35,1.55,1.15,1.19,28.6,5,111,1,105
0.09,2.1,0.44,0.92,2.15,0.7,2.67,2.85,0.31,0.26,2.02,5.26,5.3,0.92,0.26,2.06,1.18,1.4,30.89,1,523,2,201
0.04,2.57,0.7,2.22,1.09,0.96,2.26,1.57,0.09,0.22,2.61,4.09,6.48,1.57,1.0,2.17,1.57,0.91,32.12,1,503,2,201
0.0,2.43,1.13,1.0,1.22,0.39,2.52,4.09,0.26,0.43,3.13,3.61,3.56,0.56,0.43,0.91,1.52,0.35,27.54,6,654,2,206
3.94,2.85,1.36,1.31,0.88,0.39,2.63,2.19,0.09,0.88,2.45,3.64,5.87,1.1,0.48,1.97,1.49,1.53,35.05,6,649,2,206
3.57,2.11,0.9,1.46,0.73,0.43,3.1,1.98,0.0,0.73,2.33,5.43,6.63,1.55,0.65,1.64,1.46,1.03,35.73,7,743,2,207
0.88,2.48,1.47,0.72,0.72,0.63,2.78,2.61,0.04,0.51,2.82,3.49,5.35,0.8,0.46,2.02,1.3,0.63,29.71,7,756,2,207
0.0,2.3,0.47,1.57,1.87,0.13,4.38,2.93,0.13,0.17,2.13,2.68,7.32,0.43,0.04,0.89,2.13,0.77,30.34,9,811,2,209
0.0,1.76,0.59,1.13,1.13,0.27,2.93,2.07,0.63,0.0,3.88,2.53,3.97,1.08,0.63,1.4,0.63,0.45,25.08,9,867,2,209
0.0,3.36,0.61,1.44,1.26,0.44,4.93,2.14,0.35,0.22,3.23,2.96,4.01,0.48,0.22,1.09,1.05,0.44,28.23,9,826,2,209
0.0,4.18,0.78,0.9,2.71,0.0,2.5,2.58,1.03,2.07,2.97,1.72,6.5,1.21,0.47,0.99,1.34,0.52,32.47,6,154,1,106
0.22,1.26,0.48,1.66,0.96,1.0,1.35,1.61,0.26,0.13,2.7,4.27,6.58,1.35,0.39,3.27,1.26,1.57,30.32,1,21,1,101
0.33,1.92,0.61,0.61,1.96,0.37,1.56,1.68,0.41,0.25,3.6,2.78,5.24,0.61,0.08,0.53,0.98,0.53,24.05,8,769,2,208
3.49,2.96,0.84,1.33,1.06,1.02,2.96,1.86,0.09,0.31,2.87,3.23,6.72,1.19,0.49,2.43,1.19,1.19,35.23,7,723,2,207
0.0,1.94,0.6,1.51,1.12,1.38,1.72,1.03,0.09,0.17,2.59,4.05,6.59,2.41,1.12,3.79,1.55,1.12,32.78,6,157,1,106
0.21,3.54,1.45,0.72,1.62,1.41,3.32,1.24,0.04,0.72,1.75,9.42,5.37,1.07,0.43,3.62,2.17,1.41,39.51,14,974,2,214
0.43,4.15,0.3,1.04,1.77,0.26,3.42,2.86,0.22,0.56,3.63,4.2,1.56,0.78,0.22,0.48,1.25,0.43,27.56,9,843,2,209
0.0,2.66,1.31,1.74,0.57,0.52,2.57,1.4,0.13,0.09,3.36,3.14,1.7,1.0,0.31,1.7,2.57,0.26,25.03,9,311,1,109
0.25,2.67,0.51,0.89,1.49,0.89,2.8,2.67,0.25,0.38,2.63,6.88,3.31,1.23,0.17,1.95,2.16,0.55,31.68,8,782,2,208
0.29,1.29,0.58,0.54,0.91,0.29,2.12,1.58,0.04,0.17,1.62,5.49,9.39,1.58,0.75,1.21,1.25,0.54,29.64,5,625,2,205
0.36,1.48,1.3,0.58,0.25,1.05,1.08,1.37,0.22,0.04,2.17,7.08,3.72,0.83,1.16,1.26,0.97,0.51,25.43,5,114,1,105
1.67,2.04,1.06,0.86,0.81,0.45,2.36,0.77,0.24,2.28,1.47,7.5,9.7,2.32,1.02,3.55,1.3,1.26,40.66,10,899,2,210
1.27,3.12,1.27,0.82,1.48,1.39,1.97,1.48,0.25,2.26,1.68,10.95,5.99,1.11,0.7,2.62,1.07,1.11,40.54,14,474,1,114
0.09,1.85,0.43,1.21,0.86,0.13,2.71,1.55,0.13,0.43,3.53,4.01,6.29,1.21,0.34,0.9,1.12,0.95,27.74,7,711,2,207
0.0,2.91,0.69,1.56,1.82,0.87,3.3,2.69,0.3,0.61,2.78,3.17,4.34,1.08,0.61,1.13,1.0,0.74,29.6,2,571,2,202
0.0,2.15,1.18,0.38,0.72,0.68,2.28,1.56,0.08,0.04,3.3,3.55,6.34,0.84,0.63,1.23,1.77,0.68,27.41,3,83,1,103
1.93,2.72,0.66,2.59,1.62,0.4,2.2,4.48,0.44,0.75,2.9,3.65,4.39,0.92,0.09,1.23,1.36,0.4,32.73,8,787,2,208
0.04,1.96,0.46,1.46,0.67,0.75,2.0,0.96,0.42,0.54,1.67,7.04,9.91,3.25,1.58,5.2,0.96,1.12,39.99,13,458,1,113
0.0,1.82,0.56,0.95,1.48,0.35,1.87,2.6,0.48,0.17,3.86,1.91,5.08,0.39,0.39,1.04,1.87,0.26,25.08,6,681,2,206
0.08,2.18,1.47,2.93,1.05,0.25,1.93,2.35,0.25,0.08,2.72,5.82,6.57,1.3,1.05,0.8,0.75,0.5,32.08,9,362,1,109
0.57,3.72,0.65,1.37,1.17,1.01,3.52,1.01,0.24,2.34,2.42,8.65,4.12,1.25,0.48,2.95,1.05,1.13,37.65,11,922,2,211
1.35,3.77,0.79,2.19,1.03,0.32,2.07,0.95,0.52,1.95,2.3,7.31,3.66,1.47,0.75,3.38,0.95,1.15,35.91,10,381,1,110
0.04,2.85,1.07,0.43,0.81,0.55,2.51,1.87,0.09,0.13,3.15,4.86,7.71,1.45,0.26,1.49,1.45,1.24,31.96,5,634,2,205
0.78,2.77,0.52,1.56,1.43,0.26,3.11,3.33,0.73,0.82,2.25,2.72,5.57,0.73,0.52,0.78,0.86,0.43,29.17,2,559,2,202
0.31,2.72,0.57,1.54,0.53,0.48,3.16,2.11,0.22,0.53,2.32,3.33,6.45,1.01,0.66,1.75,1.23,0.92,29.84,6,666,2,206
0.47,2.25,0.56,1.21,0.73,1.12,1.94,1.25,0.22,0.52,1.68,6.74,9.76,2.33,0.99,4.97,1.55,1.04,39.33,10,397,1,110
5.61,2.95,1.58,1.25,0.67,0.33,4.07,1.25,0.12,1.04,1.54,6.15,5.99,1.66,0.83,2.78,0.67,1.16,39.65,14,482,1,114
0.0,3.0,0.8,1.1,1.33,1.1,3.14,3.09,0.18,0.27,2.39,4.51,2.65,1.5,0.27,2.65,1.28,0.97,30.23,9,330,1,109
0.17,2.47,0.64,2.05,0.77,0.6,1.83,2.98,0.17,0.0,3.11,4.43,2.9,0.6,0.3,2.43,1.07,0.6,27.12,6,181,1,106
0.59,3.09,1.14,2.83,0.93,0.3,3.38,3.63,0.17,0.42,2.07,4.1,3.85,0.8,0.34,0.68,0.8,0.72,29.84,4,602,2,204
0.0,2.26,1.92,0.3,1.52,0.09,1.39,1.52,0.35,1.35,2.7,1.87,6.53,1.26,0.74,0.65,1.18,0.74,26.37,5,117,1,105
0.0,2.66,0.34,1.16,1.46,0.69,2.06,2.19,0.26,0.13,2.79,5.58,4.34,0.95,0.26,1.29,1.33,1.12,28.61,1,543,2,201
0.0,3.43,0.62,1.65,1.2,0.71,4.55,3.17,0.36,0.09,2.63,6.15,2.9,0.4,0.4,1.6,1.74,0.53,32.13,7,254,1,107
0.0,1.13,0.23,0.91,1.09,0.18,1.54,1.13,0.27,0.0,2.59,2.36,7.3,2.18,1.0,2.09,0.77,0.5,25.27,9,296,1,109
0.0,2.65,1.37,0.75,1.77,0.4,2.92,2.3,1.77,0.75,2.92,2.34,8.01,2.43,1.5,1.55,1.5,0.62,35.55,5,129,1,105
0.38,2.12,0.76,2.08,1.32,0.51,2.04,1.7,0.08,0.42,2.38,4.5,4.79,1.74,0.59,3.35,1.1,1.15,31.01,5,613,2,205
1.83,2.03,1.46,0.45,1.06,0.37,2.07,1.75,0.16,0.65,2.11,10.69,4.55,0.98,0.69,3.37,1.54,1.02,36.78,1,536,2,201
1.92,2.62,0.9,2.21,0.78,0.29,2.33,3.27,0.29,0.86,2.04,3.43,4.54,0.49,0.25,1.31,1.47,0.45,29.45,2,564,2,202
0.85,3.31,0.89,0.59,0.89,0.68,2.63,2.5,0.13,0.21,2.76,3.9,6.79,0.89,0.21,1.36,1.74,0.76,31.09,4,91,1,104
5.2,2.79,0.62,1.21,0.79,0.25,2.45,1.29,0.08,0.75,2.08,5.28,6.94,1.79,0.58,2.74,2.0,0.83,37.67,10,900,2,210
0.0,2.91,1.48,1.21,1.88,0.04,2.24,3.32,0.58,7.8,2.91,2.02,3.18,0.4,0.31,0.81,1.21,0.81,33.11,5,135,1,105
3.75,2.78,0.84,1.27,1.14,0.51,2.7,1.73,0.13,0.34,2.15,5.27,4.56,0.93,0.21,2.28,1.22,0.72,32.53,7,736,2,207
0.0,1.75,0.47,0.51,1.02,0.26,2.05,3.03,0.3,0.21,3.58,3.84,4.9,0.72,0.09,3.07,1.58,1.02,28.4,4,605,2,204
0.42,3.42,0.8,1.35,1.06,0.63,2.71,1.95,0.17,0.3,3.34,5.71,4.06,0.59,0.47,1.65,1.31,0.63,30.57,6,142,1,106
0.09,2.58,0.63,1.18,1.31,0.9,1.67,1.09,0.23,0.23,3.8,3.39,4.66,2.62,0.63,2.99,1.49,1.67,31.16,1,38,1,101
3.84,2.17,0.63,0.75,0.58,0.21,1.96,1.0,0.08,0.58,1.63,4.3,10.98,2.21,1.75,2.71,0.88,0.92,37.18,13,449,1,113
0.0,2.41,0.44,1.75,1.53,0.53,2.63,2.06,0.22,0.44,2.8,4.07,4.03,1.14,1.09,1.71,1.01,0.83,28.69,2,567,2,202
5.26,3.98,0.92,0.76,0.88,0.12,2.07,0.84,0.32,2.83,1.16,9.16,4.86,1.39,0.84,2.91,0.8,0.84,39.94,14,977,2,214
0.09,2.75,0.95,1.31,1.08,0.09,3.02,2.97,0.18,0.27,4.91,4.73,4.91,1.08,0.45,0.77,0.95,0.59,31.1,6,178,1,106
1.28,2.73,0.91,1.08,1.49,1.2,3.4,0.75,0.12,0.87,2.28,6.88,4.27,0.87,0.37,2.15,0.99,1.28,32.92,12,429,1,112
0.26,2.47,0.52,1.73,0.95,1.3,2.17,1.43,0.13,0.95,1.6,7.02,8.4,3.46,0.95,3.38,0.95,1.04,38.71,10,376,1,110
0.0,1.23,0.61,0.09,1.93,0.22,0.92,3.07,0.88,0.04,2.54,2.68,3.33,0.96,0.22,1.01,3.77,0.57,24.07,8,785,2,208
1.12,2.02,0.39,1.03,1.46,0.39,3.69,2.19,0.43,0.13,3.52,2.75,2.83,0.73,0.77,0.99,0.86,0.77,26.07,5,631,2,205
0.08,0.95,0.91,0.2,1.43,0.32,0.71,1.19,0.12,0.0,1.98,2.93,6.58,0.44,0.2,0.91,1.63,0.67,21.25,1,18,1,101
1.38,3.13,1.42,1.25,2.0,0.58,2.75,1.96,0.25,1.42,2.34,7.01,5.72,0.92,0.38,2.05,1.46,1.21,37.23,2,52,1,102
1.65,3.11,0.58,0.42,1.31,0.54,2.65,1.0,0.46,2.46,1.92,10.84,4.3,1.54,1.69,2.65,0.58,0.85,38.55,13,960,2,213
3.5,3.5,1.17,2.37,0.78,0.23,2.49,2.02,0.04,0.66,1.67,4.67,4.32,0.62,0.62,1.91,1.48,0.74,32.79,15,494,1,115
0.0,2.81,0.4,0.83,1.14,0.4,3.21,3.25,0.22,0.0,3.69,3.25,1.98,0.44,0.18,2.5,1.23,0.4,25.93,9,336,1,109
1.36,2.29,0.66,1.59,0.82,0.54,2.06,1.13,0.12,2.37,2.06,10.52,4.74,1.71,0.35,2.95,0.66,1.13,37.06,13,936,2,213
0.38,2.03,0.51,0.89,1.02,0.68,1.31,1.02,0.3,0.8,1.82,8.59,6.39,3.22,1.61,5.5,0.47,0.64,37.18,13,436,1,113
0.04,3.36,0.44,2.84,1.48,0.35,3.36,4.54,0.13,0.26,3.18,3.66,3.23,0.39,0.04,1.27,1.35,0.44,30.36,9,832,2,209
4.61,2.18,0.81,2.02,0.85,0.2,3.68,2.34,0.28,1.33,2.1,8.16,7.92,1.66,0.93,0.85,0.53,0.4,40.85,10,888,2,210
0.52,3.74,0.68,1.15,1.19,1.23,2.35,1.91,0.24,0.8,1.87,6.88,7.99,2.58,0.36,2.66,1.19,0.76,38.1,14,483,1,114
1.86,2.88,0.75,1.33,0.84,1.11,1.95,1.95,0.13,0.75,1.73,4.08,8.74,1.86,0.53,3.55,1.37,1.24,36.65,7,761,2,207
0.04,3.25,0.8,2.0,1.2,0.4,2.98,2.14,0.09,0.13,3.02,4.85,2.45,0.53,0.27,1.25,1.25,0.76,27.41,9,848,2,209
0.0,2.67,1.63,1.18,0.63,0.45,2.63,3.4,0.23,0.05,2.4,3.58,3.3,1.04,0.23,2.04,2.81,0.77,29.04,7,235,1,107
0.0,1.16,0.8,0.13,2.18,0.49,1.38,3.74,0.13,0.0,3.12,2.31,3.83,0.71,0.04,0.98,3.12,0.58,24.7,8,783,2,208
0.58,2.29,1.04,0.54,0.96,0.67,2.0,1.37,0.17,0.17,2.16,5.5,5.83,0.87,0.42,3.37,1.37,1.08,30.39,1,40,1,101
0.0,2.62,0.33,0.67,0.87,0.21,3.08,1.0,0.21,0.0,2.08,2.46,3.29,1.17,0.25,2.25,1.0,0.29,21.78,9,298,1,109
0.91,2.3,0.59,1.03,1.03,0.48,2.46,0.59,0.16,1.11,1.47,9.87,8.41,1.9,1.27,4.08,0.83,0.91,39.4,13,462,1,113
3.19,1.77,0.56,1.41,0.97,0.69,2.34,1.21,0.16,1.09,1.53,9.52,6.29,2.22,0.28,3.55,1.17,0.89,38.84,10,893,2,210
0.72,2.58,0.79,0.79,0.52,0.72,2.62,0.91,0.08,1.47,1.59,10.37,7.87,2.78,0.83,3.3,0.95,0.95,39.84,10,895,2,210
0.34,4.37,0.5,0.97,1.51,1.77,3.91,1.18,0.25,1.39,2.57,9.13,4.16,1.43,0.42,2.9,1.89,1.3,39.99,11,413,1,111
0.0,2.97,1.13,1.96,0.96,0.44,2.44,4.49,0.13,0.17,2.4,3.53,2.88,1.0,0.0,2.4,0.92,0.7,28.52,6,683,2,206
0.26,3.27,1.12,0.73,2.49,1.25,3.22,2.06,0.17,0.69,2.36,7.44,4.77,1.85,0.47,2.54,1.16,1.29,37.14,10,393,1,110
0.13,2.84,1.75,1.79,0.79,0.21,2.5,2.34,0.33,0.21,2.71,5.75,6.05,0.5,0.17,0.83,1.21,0.54,30.65,7,751,2,207
0.31,3.04,0.35,1.41,1.01,0.4,2.33,4.88,0.26,0.18,3.61,3.39,2.2,0.31,0.22,1.14,0.84,0.57,26.45,4,589,2,204
4.83,2.93,0.85,1.65,0.76,0.89,2.8,1.65,0.08,1.48,2.5,6.02,4.96,1.82,0.25,2.37,1.15,1.87,38.86,14,473,1,114
0.3,2.31,1.07,1.84,1.28,0.38,2.22,1.58,0.21,0.43,2.05,7.7,4.02,1.07,0.3,3.51,2.1,1.5,33.87,7,719,2,207
0.08,2.23,0.46,1.05,1.68,0.71,2.14,1.55,0.17,0.38,2.35,5.84,5.04,0.34,0.21,1.39,1.13,0.92,27.67,1,529,2,201
0.0,0.74,0.04,0.2,1.1,0.12,2.41,1.39,0.57,0.0,3.27,3.64,1.39,0.53,0.08,2.04,0.98,0.69,19.19,8,278,1,108
2.4,2.79,1.18,0.61,1.75,0.57,3.01,2.27,0.09,0.17,4.19,3.23,6.9,1.4,0.52,1.66,1.35,1.05,35.14,6,188,1,106
1.04,2.5,1.04,0.96,1.42,0.46,2.0,1.25,0.13,0.63,1.67,8.5,7.42,3.29,1.04,2.67,1.08,1.21,38.31,13,446,1,113
0.0,1.29,0.08,0.5,0.17,0.33,1.0,0.63,0.08,0.0,2.42,2.38,3.22,0.67,0.0,3.01,2.3,0.63,18.71,9,303,1,109
1.2,2.85,0.48,1.45,1.37,0.76,2.57,1.0,0.28,2.01,2.29,9.0,5.98,0.64,0.52,3.01,0.92,0.92,37.25,11,927,2,211
0.63,1.63,0.67,1.05,0.75,0.5,1.97,1.84,0.29,0.67,2.01,3.93,8.16,2.05,0.63,2.8,1.0,0.71,31.29,6,165,1,106
0.57,3.34,0.53,1.76,0.97,0.57,2.73,2.11,0.26,0.35,3.25,5.36,4.35,1.28,0.31,1.23,1.1,1.01,31.08,7,260,1,107
0.6,1.54,2.06,0.47,1.24,0.21,1.88,2.14,0.39,0.6,2.53,5.14,10.28,2.66,0.73,1.5,0.64,0.81,35.42,5,616,2,205
0.13,2.11,2.11,1.85,0.92,0.18,2.11,3.51,0.26,0.31,3.38,5.62,9.62,1.27,1.01,1.54,0.7,1.27,37.9,7,749,2,207
0.0,1.91,0.33,0.41,0.61,0.16,3.18,1.47,0.08,0.08,2.28,2.16,4.6,0.57,0.04,2.08,1.26,0.49,21.71,9,799,2,209
0.83,3.57,0.43,2.0,1.0,1.0,2.52,1.52,0.39,1.7,2.65,6.43,6.43,2.3,1.35,2.61,1.87,0.96,39.56,11,916,2,211
0.0,2.17,0.68,0.64,1.23,0.55,2.38,1.11,0.13,0.09,3.19,2.04,3.15,0.77,0.04,2.21,1.45,0.81,22.64,6,655,2,206
1.63,3.0,0.97,1.46,2.29,0.57,3.0,4.41,0.75,1.06,2.65,3.27,3.62,1.1,0.22,0.97,1.46,0.66,33.09,8,778,2,208
0.0,3.93,0.55,2.32,1.44,0.51,2.54,2.54,0.13,0.46,2.66,4.02,3.68,1.14,0.34,1.61,0.85,0.59,29.31,2,69,1,102
0.89,3.89,1.03,3.62,1.7,0.31,4.38,1.03,0.22,1.07,3.45,2.73,3.4,1.39,0.27,1.3,1.61,1.16,33.45,9,327,1,109
0.04,3.1,0.44,2.88,1.22,0.48,2.27,1.79,0.17,0.13,2.32,2.93,4.89,0.96,0.52,2.66,1.4,1.09,29.29,9,846,2,209
0.17,2.98,0.76,0.76,1.47,1.18,4.2,0.71,0.08,0.76,2.14,8.44,7.6,1.51,0.29,3.57,1.26,1.05,38.93,10,400,1,110
0.0,2.38,0.82,1.38,0.56,0.17,1.47,1.77,0.09,0.04,3.29,3.16,4.33,0.65,0.48,1.3,1.17,0.48,23.54,3,586,2,203
0.67,3.21,0.98,0.85,0.98,0.62,2.36,1.96,0.18,0.36,3.3,4.68,3.93,0.71,0.18,2.99,1.69,0.8,30.45,9,851,2,209
0.04,0.56,0.3,0.3,0.43,0.21,0.94,1.76,0.17,0.04,2.87,2.23,3.43,0.21,0.26,2.91,2.4,0.47,19.53,8,274,1,108
0.25,2.08,0.72,1.78,0.68,0.97,2.08,1.36,0.08,0.81,2.12,6.87,6.99,1.61,0.42,4.79,0.64,1.1,35.35,13,952,2,213
0.77,3.85,1.24,1.63,1.45,0.77,3.72,2.14,0.43,1.71,2.31,8.81,3.42,0.94,0.21,2.1,1.11,1.03,37.64,10,382,1,110
